codeindyr,code,countryname,year,indicator,estimate,stddev,nsource,pctrank,pctranklower,pctrankupper
AFGpv1996,AFG,Afghanistan,1996,pv,-2.417309522628784,0.4748072028160095,2.0,2.127659559249878,0.0,6.914893627166748
ALBpv1996,ALB,Albania,1996,pv,-0.3366251289844513,0.42171597480773926,3.0,35.63829803466797,17.021276473999023,57.446807861328125
DZApv1996,DZA,Algeria,1996,pv,-1.7833105325698853,0.3739123046398163,4.0,5.319149017333984,2.127659559249878,12.234042167663574
ADOpv1996,ADO,Andorra,1996,pv,1.1695221662521362,0.613030731678009,1.0,89.36170196533203,52.12765884399414,100.0
AGOpv1996,AGO,Angola,1996,pv,-2.061917304992676,0.3739123046398163,4.0,3.7234041690826416,0.0,8.510638236999512
ATGpv1996,ATG,Antigua and Barbuda,1996,pv,0.7170768976211548,0.613030731678009,1.0,70.74468231201172,37.23404312133789,100.0
ARGpv1996,ARG,Argentina,1996,pv,0.11137688159942627,0.3739123046398163,4.0,51.0638313293457,28.723403930664062,71.27659606933594
ARMpv1996,ARM,Armenia,1996,pv,-0.36499860882759094,0.4748072028160095,2.0,34.04255294799805,13.297872543334961,60.10638427734375
AUSpv1996,AUS,Australia,1996,pv,1.3961126804351807,0.3739123046398163,4.0,96.27659606933594,72.8723373413086,100.0
AUTpv1996,AUT,Austria,1996,pv,1.4104628562927246,0.3739123046398163,4.0,96.80850982666016,72.8723373413086,100.0
AZEpv1996,AZE,Azerbaijan,1996,pv,-0.8289295434951782,0.4094310998916626,3.0,21.276596069335938,8.510638236999512,42.021278381347656
BHSpv1996,BHS,"Bahamas, The",1996,pv,1.0710177421569824,0.42171597480773926,3.0,85.63829803466797,59.574466705322266,100.0
BHRpv1996,BHR,Bahrain,1996,pv,-0.30781790614128113,0.3739123046398163,4.0,36.70212936401367,20.744680404663086,57.446807861328125
BGDpv1996,BGD,Bangladesh,1996,pv,-0.5488152503967285,0.3739123046398163,4.0,26.595745086669922,12.234042167663574,49.46808624267578
BRBpv1996,BRB,Barbados,1996,pv,1.050371766090393,0.4748072028160095,2.0,84.57447052001953,56.914894104003906,100.0
BLRpv1996,BLR,Belarus,1996,pv,0.09373920410871506,0.4748072028160095,2.0,50.0,22.87234115600586,74.46808624267578
BELpv1996,BEL,Belgium,1996,pv,1.2884994745254517,0.3739123046398163,4.0,92.02127838134766,68.0851058959961,100.0
BLZpv1996,BLZ,Belize,1996,pv,0.5591521263122559,0.4748072028160095,2.0,64.36170196533203,38.82978820800781,94.14893341064453
BENpv1996,BEN,Benin,1996,pv,1.050371766090393,0.4748072028160095,2.0,84.57447052001953,56.914894104003906,100.0
BMUpv1996,BMU,Bermuda,1996,pv,0.7170768976211548,0.613030731678009,1.0,70.74468231201172,37.23404312133789,100.0
BTNpv1996,BTN,Bhutan,1996,pv,0.7240045070648193,0.4748072028160095,2.0,71.27659606933594,45.74468231201172,99.46808624267578
BOLpv1996,BOL,Bolivia,1996,pv,-0.1347683221101761,0.3739123046398163,4.0,43.085105895996094,22.87234115600586,61.70212936401367
BIHpv1996,BIH,Bosnia and Herzegovina,1996,pv,-0.5944278240203857,0.4094310998916626,3.0,25.53191566467285,9.574467658996582,49.46808624267578
BWApv1996,BWA,Botswana,1996,pv,1.0152451992034912,0.3739123046398163,4.0,79.7872314453125,60.10638427734375,100.0
BRApv1996,BRA,Brazil,1996,pv,-0.22046013176441193,0.3739123046398163,4.0,38.82978820800781,20.744680404663086,60.10638427734375
BRNpv1996,BRN,Brunei Darussalam,1996,pv,1.2370439767837524,0.42171597480773926,3.0,90.42552947998047,63.29787063598633,100.0
BGRpv1996,BGR,Bulgaria,1996,pv,-0.09102807939052582,0.3739123046398163,4.0,44.680850982666016,22.87234115600586,62.23404312133789
BFApv1996,BFA,Burkina Faso,1996,pv,-0.30074620246887207,0.42171597480773926,3.0,37.23404312133789,18.085105895996094,60.10638427734375
BDIpv1996,BDI,Burundi,1996,pv,-2.116748809814453,0.4748072028160095,2.0,3.1914894580841064,0.0,9.042552947998047
KHMpv1996,KHM,Cambodia,1996,pv,-1.1045531034469604,0.4094310998916626,3.0,14.893616676330566,5.8510637283325195,31.914894104003906
CMRpv1996,CMR,Cameroon,1996,pv,-0.9563919305801392,0.3739123046398163,4.0,19.680850982666016,7.446808338165283,34.574466705322266
CANpv1996,CAN,Canada,1996,pv,1.2340517044067383,0.3739123046398163,4.0,89.89361572265625,67.55319213867188,100.0
CPVpv1996,CPV,Cape Verde,1996,pv,1.0355514287948608,0.6160598397254944,1.0,82.44680786132812,47.87234115600586,100.0
CYMpv1996,CYM,Cayman Islands,1996,pv,0.7170768976211548,0.613030731678009,1.0,70.74468231201172,37.23404312133789,100.0
CAFpv1996,CAF,Central African Republic,1996,pv,-1.211729645729065,0.4748072028160095,2.0,11.702127456665039,3.7234041690826416,31.914894104003906
TCDpv1996,TCD,Chad,1996,pv,-0.9986015558242798,0.4748072028160095,2.0,18.085105895996094,5.8510637283325195,38.82978820800781
CHLpv1996,CHL,Chile,1996,pv,0.6764545440673828,0.3739123046398163,4.0,68.61701965332031,49.46808624267578,92.02127838134766
CHNpv1996,CHN,China,1996,pv,-0.09784882515668869,0.3739123046398163,4.0,44.1489372253418,22.87234115600586,62.23404312133789
COLpv1996,COL,Colombia,1996,pv,-1.6478585004806519,0.3739123046398163,4.0,6.914893627166748,2.127659559249878,17.021276473999023
COMpv1996,COM,Comoros,1996,pv,0.507538914680481,0.4748072028160095,2.0,62.23404312133789,37.23404312133789,90.95744323730469
ZARpv1996,ZAR,"Congo, Dem. Rep.",1996,pv,-2.6828129291534424,0.42171597480773926,3.0,0.0,0.0,3.7234041690826416
COGpv1996,COG,"Congo, Rep.",1996,pv,-1.2249449491500854,0.42171597480773926,3.0,11.170212745666504,3.7234041690826416,27.12765884399414
CRIpv1996,CRI,Costa Rica,1996,pv,0.7530514001846313,0.3739123046398163,4.0,72.34042358398438,52.12765884399414,95.2127685546875
HRVpv1996,HRV,Croatia,1996,pv,-0.03835904970765114,0.4094310998916626,3.0,47.34042739868164,22.87234115600586,68.0851058959961
CUBpv1996,CUB,Cuba,1996,pv,0.231270432472229,0.3739123046398163,4.0,54.25531768798828,31.914894104003906,73.93617248535156
CYPpv1996,CYP,Cyprus,1996,pv,0.3877515196800232,0.3739123046398163,4.0,60.10638427734375,38.29787063598633,78.72340393066406
CZEpv1996,CZE,Czech Republic,1996,pv,1.1477580070495605,0.3739123046398163,4.0,87.76596069335938,63.29787063598633,100.0
CIVpv1996,CIV,Côte d'Ivoire,1996,pv,0.03341691941022873,0.3739123046398163,4.0,48.9361686706543,26.06382942199707,68.0851058959961
DNKpv1996,DNK,Denmark,1996,pv,1.4419647455215454,0.3739123046398163,4.0,97.8723373413086,72.8723373413086,100.0
DJIpv1996,DJI,Djibouti,1996,pv,-0.3391920030117035,0.4748072028160095,2.0,35.10638427734375,14.361701965332031,60.10638427734375
DMApv1996,DMA,Dominica,1996,pv,0.7170768976211548,0.613030731678009,1.0,70.74468231201172,37.23404312133789,100.0
DOMpv1996,DOM,Dominican Republic,1996,pv,-0.07566029578447342,0.3739123046398163,4.0,45.212764739990234,22.87234115600586,63.29787063598633
ECUpv1996,ECU,Ecuador,1996,pv,-0.7700332403182983,0.3739123046398163,4.0,22.340425491333008,9.042552947998047,42.021278381347656
EGYpv1996,EGY,"Egypt, Arab Rep.",1996,pv,-0.5260319709777832,0.3739123046398163,4.0,27.659574508666992,13.297872543334961,49.46808624267578
SLVpv1996,SLV,El Salvador,1996,pv,-0.21537037193775177,0.3739123046398163,4.0,39.36170196533203,21.276596069335938,60.10638427734375
GNQpv1996,GNQ,Equatorial Guinea,1996,pv,-0.1313522607088089,0.4094310998916626,3.0,43.61701965332031,21.276596069335938,63.29787063598633
ERIpv1996,ERI,Eritrea,1996,pv,-0.9369756579399109,0.4748072028160095,2.0,20.212766647338867,5.8510637283325195,42.021278381347656
ESTpv1996,EST,Estonia,1996,pv,0.7679245471954346,0.4094310998916626,3.0,72.8723373413086,50.0,97.34042358398438
SWZpv1996,SWZ,Eswatini,1996,pv,-0.20682138204574585,0.4748072028160095,2.0,40.425533294677734,18.617021560668945,66.48936462402344
ETHpv1996,ETH,Ethiopia,1996,pv,-1.0547429323196411,0.3739123046398163,4.0,16.489360809326172,6.382978916168213,31.914894104003906
FJIpv1996,FJI,Fiji,1996,pv,0.8305685520172119,0.4748072028160095,2.0,73.40425872802734,49.46808624267578,100.0
FINpv1996,FIN,Finland,1996,pv,1.4127187728881836,0.3739123046398163,4.0,97.34042358398438,72.8723373413086,100.0
FRApv1996,FRA,France,1996,pv,0.8874994516372681,0.3739123046398163,4.0,76.59574127197266,57.446807861328125,99.46808624267578
GUFpv1996,GUF,French Guiana,1996,pv,0.03840913623571396,0.613030731678009,1.0,49.46808624267578,19.148935317993164,82.44680786132812
GABpv1996,GAB,Gabon,1996,pv,0.1256830245256424,0.3739123046398163,4.0,52.12765884399414,28.723403930664062,71.27659606933594
GMBpv1996,GMB,"Gambia, The",1996,pv,0.559609055519104,0.42171597480773926,3.0,64.89361572265625,43.085105895996094,90.42552947998047
GEOpv1996,GEO,Georgia,1996,pv,-1.5705785751342773,0.4748072028160095,2.0,7.446808338165283,2.127659559249878,21.276596069335938
DEUpv1996,DEU,Germany,1996,pv,1.2884994745254517,0.3739123046398163,4.0,92.02127838134766,68.0851058959961,100.0
GHApv1996,GHA,Ghana,1996,pv,-0.234503835439682,0.3739123046398163,4.0,38.29787063598633,20.744680404663086,59.574466705322266
GRCpv1996,GRC,Greece,1996,pv,0.5538638830184937,0.3739123046398163,4.0,63.82978820800781,45.74468231201172,88.2978744506836
GRDpv1996,GRD,Grenada,1996,pv,0.9146634936332703,0.4748072028160095,2.0,77.1276626586914,52.12765884399414,100.0
GTMpv1996,GTM,Guatemala,1996,pv,-1.0134141445159912,0.3739123046398163,4.0,17.553192138671875,6.914893627166748,31.914894104003906
GINpv1996,GIN,Guinea,1996,pv,-1.1509329080581665,0.42171597480773926,3.0,13.297872543334961,4.255319118499756,31.382978439331055
GNBpv1996,GNB,Guinea-Bissau,1996,pv,-1.5400166511535645,0.42171597480773926,3.0,7.978723526000977,2.127659559249878,20.744680404663086
GUYpv1996,GUY,Guyana,1996,pv,-0.26641353964805603,0.42171597480773926,3.0,37.76595687866211,19.148935317993164,60.10638427734375
HTIpv1996,HTI,Haiti,1996,pv,-0.7566988468170166,0.42171597480773926,3.0,22.87234115600586,8.510638236999512,45.74468231201172
HNDpv1996,HND,Honduras,1996,pv,-0.4703923463821411,0.3739123046398163,4.0,30.319149017333984,14.893616676330566,52.12765884399414
HKGpv1996,HKG,"Hong Kong SAR, China",1996,pv,0.5765650868415833,0.4312206506729126,3.0,67.02127838134766,43.61701965332031,90.42552947998047
HUNpv1996,HUN,Hungary,1996,pv,1.0066889524459839,0.3739123046398163,4.0,79.25531768798828,60.10638427734375,100.0
ISLpv1996,ISL,Iceland,1996,pv,1.3252019882202148,0.42171597480773926,3.0,94.14893341064453,68.0851058959961,100.0
INDpv1996,IND,India,1996,pv,-0.9725841283798218,0.3739123046398163,4.0,19.148935317993164,6.914893627166748,34.04255294799805
IDNpv1996,IDN,Indonesia,1996,pv,-1.1313791275024414,0.3739123046398163,4.0,13.829787254333496,5.8510637283325195,27.659574508666992
IRNpv1996,IRN,"Iran, Islamic Rep.",1996,pv,-0.324623703956604,0.3739123046398163,4.0,36.17021179199219,19.680850982666016,57.446807861328125
IRQpv1996,IRQ,Iraq,1996,pv,-1.8173766136169434,0.3739123046398163,4.0,4.787233829498291,1.5957447290420532,11.702127456665039
IRLpv1996,IRL,Ireland,1996,pv,1.3434536457061768,0.3739123046398163,4.0,95.2127685546875,71.27659606933594,100.0
ISRpv1996,ISR,Israel,1996,pv,-1.151186227798462,0.3739123046398163,4.0,12.765957832336426,5.8510637283325195,27.12765884399414
ITApv1996,ITA,Italy,1996,pv,1.1103854179382324,0.3739123046398163,4.0,86.7021255493164,61.70212936401367,100.0
JAMpv1996,JAM,Jamaica,1996,pv,0.11022926867008209,0.3739123046398163,4.0,50.53191375732422,28.723403930664062,70.74468231201172
JPNpv1996,JPN,Japan,1996,pv,1.1618897914886475,0.3739123046398163,4.0,88.2978744506836,63.29787063598633,100.0
JORpv1996,JOR,Jordan,1996,pv,-0.044978514313697815,0.3739123046398163,4.0,46.808509826660156,23.404254913330078,65.95744323730469
KAZpv1996,KAZ,Kazakhstan,1996,pv,-0.3674612045288086,0.4094310998916626,3.0,33.51063919067383,16.489360809326172,57.446807861328125
KENpv1996,KEN,Kenya,1996,pv,-0.6564286351203918,0.3739123046398163,4.0,23.93617057800293,9.574467658996582,46.808509826660156
PRKpv1996,PRK,"Korea, Dem. Rep.",1996,pv,-0.505626380443573,0.42171597480773926,3.0,28.723403930664062,11.702127456665039,53.191490173339844
KORpv1996,KOR,"Korea, Rep.",1996,pv,0.5667714476585388,0.3739123046398163,4.0,65.95744323730469,46.27659606933594,89.36170196533203
KWTpv1996,KWT,Kuwait,1996,pv,0.1708359718322754,0.3739123046398163,4.0,52.65957260131836,31.914894104003906,72.8723373413086
KGZpv1996,KGZ,Kyrgyz Republic,1996,pv,-0.17433962225914001,0.4748072028160095,2.0,41.48936080932617,19.680850982666016,67.55319213867188
LAOpv1996,LAO,Lao PDR,1996,pv,0.3718307614326477,0.4748072028160095,2.0,59.574466705322266,31.914894104003906,87.76596069335938
LVApv1996,LVA,Latvia,1996,pv,0.5614030957221985,0.4094310998916626,3.0,65.42552947998047,43.61701965332031,89.36170196533203
LBNpv1996,LBN,Lebanon,1996,pv,-0.6689526438713074,0.3739123046398163,4.0,23.404254913330078,9.574467658996582,45.74468231201172
LSOpv1996,LSO,Lesotho,1996,pv,0.23278498649597168,0.4748072028160095,2.0,54.787235260009766,26.595745086669922,79.25531768798828
LBRpv1996,LBR,Liberia,1996,pv,-2.439462900161743,0.42171597480773926,3.0,1.5957447290420532,0.0,5.8510637283325195
LBYpv1996,LBY,Libya,1996,pv,-0.9880589246749878,0.3739123046398163,4.0,18.617021560668945,6.914893627166748,32.978721618652344
LIEpv1996,LIE,Liechtenstein,1996,pv,1.1695221662521362,0.613030731678009,1.0,89.36170196533203,52.12765884399414,100.0
LTUpv1996,LTU,Lithuania,1996,pv,0.5246318578720093,0.4094310998916626,3.0,62.76595687866211,42.553192138671875,89.36170196533203
LUXpv1996,LUX,Luxembourg,1996,pv,1.3813023567199707,0.42171597480773926,3.0,95.74468231201172,68.61701965332031,100.0
MACpv1996,MAC,"Macao SAR, China",1996,pv,0.2646317183971405,0.613030731678009,1.0,56.914894104003906,22.87234115600586,90.42552947998047
MDGpv1996,MDG,Madagascar,1996,pv,0.21726714074611664,0.42171597480773926,3.0,53.72340393066406,29.787233352661133,76.59574127197266
MWIpv1996,MWI,Malawi,1996,pv,-0.4567207396030426,0.3739123046398163,4.0,31.914894104003906,14.893616676330566,52.12765884399414
MYSpv1996,MYS,Malaysia,1996,pv,0.5712201595306396,0.3739123046398163,4.0,66.48936462402344,46.808509826660156,89.36170196533203
MDVpv1996,MDV,Maldives,1996,pv,0.8821818232536316,0.4748072028160095,2.0,76.06382751464844,50.0,100.0
MLIpv1996,MLI,Mali,1996,pv,0.36516043543815613,0.42171597480773926,3.0,58.51063919067383,35.63829803466797,84.57447052001953
MLTpv1996,MLT,Malta,1996,pv,1.3252019882202148,0.42171597480773926,3.0,94.14893341064453,68.0851058959961,100.0
MTQpv1996,MTQ,Martinique,1996,pv,0.2646317183971405,0.613030731678009,1.0,56.914894104003906,22.87234115600586,90.42552947998047
MRTpv1996,MRT,Mauritania,1996,pv,0.3684931993484497,0.4748072028160095,2.0,59.04255294799805,31.914894104003906,87.23403930664062
MUSpv1996,MUS,Mauritius,1996,pv,1.089375615119934,0.49002593755722046,2.0,86.17021179199219,57.446807861328125,100.0
MEXpv1996,MEX,Mexico,1996,pv,-0.9254591464996338,0.3739123046398163,4.0,20.744680404663086,7.978723526000977,36.17021179199219
MDApv1996,MDA,Moldova,1996,pv,0.01129218377172947,0.4094310998916626,3.0,47.87234115600586,23.404254913330078,68.61701965332031
MNGpv1996,MNG,Mongolia,1996,pv,0.7472164630889893,0.42171597480773926,3.0,71.80850982666016,49.46808624267578,97.34042358398438
MARpv1996,MAR,Morocco,1996,pv,-0.20906998217105865,0.3739123046398163,4.0,39.89361572265625,21.276596069335938,60.10638427734375
MOZpv1996,MOZ,Mozambique,1996,pv,-0.04999149590730667,0.3739123046398163,4.0,46.27659606933594,23.404254913330078,65.42552947998047
MMRpv1996,MMR,Myanmar,1996,pv,-1.258802056312561,0.3739123046398163,4.0,10.106383323669434,3.7234041690826416,23.93617057800293
NAMpv1996,NAM,Namibia,1996,pv,0.854371190071106,0.3739123046398163,4.0,74.46808624267578,54.787235260009766,99.46808624267578
NPLpv1996,NPL,Nepal,1996,pv,-0.07111317664384842,0.4748072028160095,2.0,45.74468231201172,20.744680404663086,68.61701965332031
NLDpv1996,NLD,Netherlands,1996,pv,1.5261257886886597,0.3739123046398163,4.0,100.0,76.59574127197266,100.0
NZLpv1996,NZL,New Zealand,1996,pv,1.3419924974441528,0.3739123046398163,4.0,94.68085479736328,71.27659606933594,100.0
NICpv1996,NIC,Nicaragua,1996,pv,-0.5177431702613831,0.3739123046398163,4.0,28.191490173339844,13.829787254333496,50.0
NERpv1996,NER,Niger,1996,pv,0.026145847514271736,0.42171597480773926,3.0,48.40425491333008,23.404254913330078,70.74468231201172
NGApv1996,NGA,Nigeria,1996,pv,-1.0569082498550415,0.3739123046398163,4.0,15.957447052001953,6.382978916168213,31.914894104003906
MKDpv1996,MKD,North Macedonia,1996,pv,-0.48037654161453247,0.4094310998916626,3.0,29.787233352661133,12.234042167663574,53.191490173339844
NORpv1996,NOR,Norway,1996,pv,1.4568215608596802,0.3739123046398163,4.0,99.46808624267578,73.93617248535156,100.0
OMNpv1996,OMN,Oman,1996,pv,0.8739833235740662,0.3739123046398163,4.0,75.0,54.787235260009766,99.46808624267578
PAKpv1996,PAK,Pakistan,1996,pv,-1.127327799797058,0.3739123046398163,4.0,14.361701965332031,5.8510637283325195,28.191490173339844
PANpv1996,PAN,Panama,1996,pv,0.12381529808044434,0.3739123046398163,4.0,51.59574508666992,28.723403930664062,71.27659606933594
PNGpv1996,PNG,Papua New Guinea,1996,pv,-0.775006890296936,0.3739123046398163,4.0,21.808509826660156,9.042552947998047,41.48936080932617
PRYpv1996,PRY,Paraguay,1996,pv,-0.45979681611061096,0.3739123046398163,4.0,31.382978439331055,14.893616676330566,52.12765884399414
PERpv1996,PER,Peru,1996,pv,-1.0616843700408936,0.3739123046398163,4.0,15.425532341003418,6.382978916168213,31.914894104003906
PHLpv1996,PHL,Philippines,1996,pv,-0.48118579387664795,0.3739123046398163,4.0,29.255319595336914,14.893616676330566,52.12765884399414
POLpv1996,POL,Poland,1996,pv,0.8306446671485901,0.3739123046398163,4.0,73.93617248535156,53.72340393066406,97.8723373413086
PRTpv1996,PRT,Portugal,1996,pv,1.286039113998413,0.3739123046398163,4.0,90.95744323730469,68.0851058959961,100.0
PRIpv1996,PRI,Puerto Rico,1996,pv,0.2646317183971405,0.613030731678009,1.0,56.914894104003906,22.87234115600586,90.42552947998047
QATpv1996,QAT,Qatar,1996,pv,0.3616946041584015,0.3739123046398163,4.0,57.978721618652344,37.76595687866211,78.19149017333984
ROMpv1996,ROM,Romania,1996,pv,0.597966730594635,0.3739123046398163,4.0,67.55319213867188,47.34042739868164,89.36170196533203
RUSpv1996,RUS,Russian Federation,1996,pv,-1.1778539419174194,0.3739123046398163,4.0,12.234042167663574,4.787233829498291,26.06382942199707
RWApv1996,RWA,Rwanda,1996,pv,-1.845332384109497,0.4748072028160095,2.0,4.255319118499756,0.0,14.893616676330566
WSMpv1996,WSM,Samoa,1996,pv,1.3217881917953491,0.4748072028160095,2.0,93.0851058959961,63.29787063598633,100.0
SAUpv1996,SAU,Saudi Arabia,1996,pv,-0.18945783376693726,0.3739123046398163,4.0,40.95744705200195,21.276596069335938,60.10638427734375
SENpv1996,SEN,Senegal,1996,pv,-0.6018666625022888,0.3739123046398163,4.0,25.0,11.170212745666504,47.87234115600586
SRBpv1996,SRB,Serbia,1996,pv,-1.0347198247909546,0.3739123046398163,4.0,17.021276473999023,6.382978916168213,31.914894104003906
SYCpv1996,SYC,Seychelles,1996,pv,1.050371766090393,0.4748072028160095,2.0,84.57447052001953,56.914894104003906,100.0
SLEpv1996,SLE,Sierra Leone,1996,pv,-1.6970975399017334,0.42171597480773926,3.0,6.382978916168213,2.127659559249878,17.553192138671875
SGPpv1996,SGP,Singapore,1996,pv,1.115647315979004,0.3739123046398163,4.0,87.23403930664062,61.70212936401367,100.0
SVKpv1996,SVK,Slovak Republic,1996,pv,0.8789317011833191,0.3739123046398163,4.0,75.53191375732422,56.914894104003906,99.46808624267578
SVNpv1996,SVN,Slovenia,1996,pv,1.3117263317108154,0.4094310998916626,3.0,92.55319213867188,68.0851058959961,100.0
SLBpv1996,SLB,Solomon Islands,1996,pv,1.0355514287948608,0.6160598397254944,1.0,82.44680786132812,47.87234115600586,100.0
SOMpv1996,SOM,Somalia,1996,pv,-2.509366512298584,0.42171597480773926,3.0,0.5319148898124695,0.0,4.255319118499756
ZAFpv1996,ZAF,South Africa,1996,pv,-0.37918755412101746,0.3739123046398163,4.0,32.446807861328125,18.085105895996094,54.787235260009766
ESPpv1996,ESP,Spain,1996,pv,0.17475751042366028,0.3739123046398163,4.0,53.191490173339844,31.914894104003906,72.8723373413086
LKApv1996,LKA,Sri Lanka,1996,pv,-1.7782989740371704,0.3739123046398163,4.0,5.8510637283325195,2.127659559249878,12.234042167663574
LCApv1996,LCA,St. Lucia,1996,pv,1.0355514287948608,0.6160598397254944,1.0,82.44680786132812,47.87234115600586,100.0
VCTpv1996,VCT,St. Vincent and the Grenadines,1996,pv,1.0355514287948608,0.6160598397254944,1.0,82.44680786132812,47.87234115600586,100.0
SDNpv1996,SDN,Sudan,1996,pv,-2.47953200340271,0.3739123046398163,4.0,1.063829779624939,0.0,3.7234041690826416
SURpv1996,SUR,Suriname,1996,pv,0.44020920991897583,0.42171597480773926,3.0,60.63829803466797,37.76595687866211,87.23403930664062
SWEpv1996,SWE,Sweden,1996,pv,1.4568215608596802,0.3739123046398163,4.0,99.46808624267578,73.93617248535156,100.0
CHEpv1996,CHE,Switzerland,1996,pv,1.4568215608596802,0.3739123046398163,4.0,99.46808624267578,73.93617248535156,100.0
SYRpv1996,SYR,Syrian Arab Republic,1996,pv,-0.34795987606048584,0.3739123046398163,4.0,34.574466705322266,19.148935317993164,56.914894104003906
STPpv1996,STP,São Tomé and Principe,1996,pv,1.050371766090393,0.4748072028160095,2.0,84.57447052001953,56.914894104003906,100.0
TWNpv1996,TWN,"Taiwan, China",1996,pv,1.056969165802002,0.3739123046398163,4.0,85.10638427734375,60.63829803466797,100.0
TJKpv1996,TJK,Tajikistan,1996,pv,-2.116748809814453,0.4748072028160095,2.0,3.1914894580841064,0.0,9.042552947998047
TZApv1996,TZA,Tanzania,1996,pv,-0.6261903643608093,0.3739123046398163,4.0,24.46808433532715,10.638298034667969,47.34042739868164
THApv1996,THA,Thailand,1996,pv,0.4667991101741791,0.3739123046398163,4.0,61.70212936401367,42.553192138671875,85.63829803466797
TGOpv1996,TGO,Togo,1996,pv,-0.3761526346206665,0.42171597480773926,3.0,32.978721618652344,14.893616676330566,57.446807861328125
TTOpv1996,TTO,Trinidad and Tobago,1996,pv,0.27387717366218567,0.3739123046398163,4.0,57.446807861328125,34.574466705322266,76.06382751464844
TUNpv1996,TUN,Tunisia,1996,pv,0.2625470459461212,0.3739123046398163,4.0,55.319149017333984,34.04255294799805,75.0
TKMpv1996,TKM,Turkmenistan,1996,pv,0.44925060868263245,0.4748072028160095,2.0,61.17021179199219,35.63829803466797,89.36170196533203
TURpv1996,TUR,Türkiye,1996,pv,-1.2587459087371826,0.3739123046398163,4.0,10.638298034667969,3.7234041690826416,23.93617057800293
UGApv1996,UGA,Uganda,1996,pv,-1.5309436321258545,0.3739123046398163,4.0,8.510638236999512,2.127659559249878,20.744680404663086
UKRpv1996,UKR,Ukraine,1996,pv,-0.15214881300926208,0.4094310998916626,3.0,42.553192138671875,21.276596069335938,62.23404312133789
AREpv1996,ARE,United Arab Emirates,1996,pv,0.964015007019043,0.3739123046398163,4.0,78.19149017333984,57.446807861328125,100.0
GBRpv1996,GBR,United Kingdom,1996,pv,0.981364369392395,0.3739123046398163,4.0,78.72340393066406,58.51063919067383,100.0
USApv1996,USA,United States,1996,pv,0.935005784034729,0.3739123046398163,4.0,77.65957641601562,57.446807861328125,100.0
URYpv1996,URY,Uruguay,1996,pv,0.623442530632019,0.3739123046398163,4.0,68.0851058959961,47.34042739868164,89.89361572265625
UZBpv1996,UZB,Uzbekistan,1996,pv,-0.5437317490577698,0.49002593755722046,2.0,27.12765884399414,9.042552947998047,54.787235260009766
VUTpv1996,VUT,Vanuatu,1996,pv,1.0355514287948608,0.6160598397254944,1.0,82.44680786132812,47.87234115600586,100.0
VENpv1996,VEN,"Venezuela, RB",1996,pv,-0.5840482115745544,0.3739123046398163,4.0,26.06382942199707,11.702127456665039,48.40425491333008
VNMpv1996,VNM,Viet Nam,1996,pv,0.5256955027580261,0.3739123046398163,4.0,63.29787063598633,44.680850982666016,87.23403930664062
WBGpv1996,WBG,West Bank and Gaza,1996,pv,-1.4057260751724243,0.4748072028160095,2.0,9.042552947998047,2.127659559249878,23.93617057800293
YEMpv1996,YEM,"Yemen, Rep.",1996,pv,-1.3115378618240356,0.3739123046398163,4.0,9.574467658996582,3.7234041690826416,22.87234115600586
ZMBpv1996,ZMB,Zambia,1996,pv,-0.1599489003419876,0.3739123046398163,4.0,42.021278381347656,21.808509826660156,61.17021179199219
ZWEpv1996,ZWE,Zimbabwe,1996,pv,-0.46612241864204407,0.3739123046398163,4.0,30.851064682006836,14.893616676330566,52.12765884399414
AFGpv1998,AFG,Afghanistan,1998,pv,-2.427354574203491,0.4352208971977234,2.0,0.5319148898124695,0.0,7.446808338165283
ALBpv1998,ALB,Albania,1998,pv,-0.5440042018890381,0.3814333379268646,3.0,28.723403930664062,13.297872543334961,48.40425491333008
DZApv1998,DZA,Algeria,1998,pv,-1.8789047002792358,0.34566840529441833,4.0,4.787233829498291,0.0,10.638298034667969
ADOpv1998,ADO,Andorra,1998,pv,1.182875156402588,0.5757335424423218,1.0,90.42552947998047,54.787235260009766,100.0
AGOpv1998,AGO,Angola,1998,pv,-2.318058490753174,0.34566840529441833,4.0,1.063829779624939,0.0,6.914893627166748
ATGpv1998,ATG,Antigua and Barbuda,1998,pv,0.7285119891166687,0.5757335424423218,1.0,72.34042358398438,35.63829803466797,100.0
ARGpv1998,ARG,Argentina,1998,pv,-0.1346495896577835,0.34566840529441833,4.0,39.36170196533203,22.87234115600586,62.76595687866211
ARMpv1998,ARM,Armenia,1998,pv,-0.6627873182296753,0.3814333379268646,3.0,25.0,11.170212745666504,43.61701965332031
AUSpv1998,AUS,Australia,1998,pv,1.066501259803772,0.34566840529441833,4.0,82.97872161865234,63.29787063598633,100.0
AUTpv1998,AUT,Austria,1998,pv,1.1106005907058716,0.34566840529441833,4.0,85.63829803466797,65.42552947998047,100.0
AZEpv1998,AZE,Azerbaijan,1998,pv,-0.7022884488105774,0.34566840529441833,4.0,22.87234115600586,11.170212745666504,38.82978820800781
BHSpv1998,BHS,"Bahamas, The",1998,pv,1.0873255729675293,0.3814333379268646,3.0,85.10638427734375,63.29787063598633,100.0
BHRpv1998,BHR,Bahrain,1998,pv,-0.16236010193824768,0.34566840529441833,4.0,38.29787063598633,21.808509826660156,61.17021179199219
BGDpv1998,BGD,Bangladesh,1998,pv,-0.37074676156044006,0.34566840529441833,4.0,33.51063919067383,18.085105895996094,52.65957260131836
BRBpv1998,BRB,Barbados,1998,pv,1.0842658281326294,0.4352208971977234,2.0,84.57447052001953,60.10638427734375,100.0
BLRpv1998,BLR,Belarus,1998,pv,0.10947556048631668,0.3814333379268646,3.0,50.0,29.787233352661133,72.34042358398438
BELpv1998,BEL,Belgium,1998,pv,1.024129867553711,0.34566840529441833,4.0,81.9148941040039,63.29787063598633,99.46808624267578
BLZpv1998,BLZ,Belize,1998,pv,0.5966299772262573,0.4352208971977234,2.0,67.02127838134766,40.425533294677734,93.0851058959961
BENpv1998,BEN,Benin,1998,pv,0.742279052734375,0.4352208971977234,2.0,72.8723373413086,45.212764739990234,98.40425872802734
BMUpv1998,BMU,Bermuda,1998,pv,0.7285119891166687,0.5757335424423218,1.0,72.34042358398438,35.63829803466797,100.0
BTNpv1998,BTN,Bhutan,1998,pv,0.5396320819854736,0.4352208971977234,2.0,65.42552947998047,36.70212936401367,93.0851058959961
BOLpv1998,BOL,Bolivia,1998,pv,-0.24109236896038055,0.34566840529441833,4.0,35.63829803466797,19.148935317993164,58.51063919067383
BIHpv1998,BIH,Bosnia and Herzegovina,1998,pv,-0.5864154696464539,0.3841829299926758,3.0,27.659574508666992,12.234042167663574,46.808509826660156
BWApv1998,BWA,Botswana,1998,pv,0.955491304397583,0.34566840529441833,4.0,80.31914520263672,60.63829803466797,99.46808624267578
BRApv1998,BRA,Brazil,1998,pv,-0.33950579166412354,0.34566840529441833,4.0,34.04255294799805,18.617021560668945,54.787235260009766
BRNpv1998,BRN,Brunei Darussalam,1998,pv,1.1116386651992798,0.3814333379268646,3.0,86.17021179199219,63.29787063598633,100.0
BGRpv1998,BGR,Bulgaria,1998,pv,0.5750252604484558,0.34566840529441833,4.0,66.48936462402344,45.212764739990234,88.82978820800781
BFApv1998,BFA,Burkina Faso,1998,pv,-0.11221124231815338,0.3814333379268646,3.0,40.95744705200195,21.276596069335938,64.36170196533203
BDIpv1998,BDI,Burundi,1998,pv,-2.297532320022583,0.4352208971977234,2.0,1.5957447290420532,0.0,7.978723526000977
KHMpv1998,KHM,Cambodia,1998,pv,-1.264929175376892,0.3841829299926758,3.0,11.702127456665039,4.255319118499756,25.0
CMRpv1998,CMR,Cameroon,1998,pv,-0.784960150718689,0.34566840529441833,4.0,19.680850982666016,10.638298034667969,35.63829803466797
CANpv1998,CAN,Canada,1998,pv,0.9508812427520752,0.34566840529441833,4.0,79.25531768798828,60.63829803466797,99.46808624267578
CPVpv1998,CPV,Cape Verde,1998,pv,1.11396324634552,0.5633189678192139,1.0,88.2978744506836,52.12765884399414,100.0
CYMpv1998,CYM,Cayman Islands,1998,pv,0.7285119891166687,0.5757335424423218,1.0,72.34042358398438,35.63829803466797,100.0
CAFpv1998,CAF,Central African Republic,1998,pv,-1.141749382019043,0.4352208971977234,2.0,13.829787254333496,5.319149017333984,30.319149017333984
TCDpv1998,TCD,Chad,1998,pv,-1.3064336776733398,0.4352208971977234,2.0,11.170212745666504,4.255319118499756,26.06382942199707
CHLpv1998,CHL,Chile,1998,pv,0.03328128159046173,0.34566840529441833,4.0,46.27659606933594,29.255319595336914,67.55319213867188
CHNpv1998,CHN,China,1998,pv,-0.3941052258014679,0.34566840529441833,4.0,32.978721618652344,17.553192138671875,52.12765884399414
COLpv1998,COL,Colombia,1998,pv,-1.793921709060669,0.34566840529441833,4.0,6.382978916168213,0.5319148898124695,12.234042167663574
COMpv1998,COM,Comoros,1998,pv,0.5649764537811279,0.4352208971977234,2.0,65.95744323730469,38.29787063598633,93.0851058959961
ZARpv1998,ZAR,"Congo, Dem. Rep.",1998,pv,-2.8478517532348633,0.3814333379268646,3.0,0.0,0.0,2.127659559249878
COGpv1998,COG,"Congo, Rep.",1998,pv,-1.5010839700698853,0.3814333379268646,3.0,9.042552947998047,3.7234041690826416,18.617021560668945
CRIpv1998,CRI,Costa Rica,1998,pv,0.9037289619445801,0.34566840529441833,4.0,77.65957641601562,58.51063919067383,98.40425872802734
HRVpv1998,HRV,Croatia,1998,pv,0.06788596510887146,0.34566840529441833,4.0,47.87234115600586,29.787233352661133,67.55319213867188
CUBpv1998,CUB,Cuba,1998,pv,0.00787538941949606,0.34566840529441833,4.0,45.212764739990234,27.659574508666992,65.95744323730469
CYPpv1998,CYP,Cyprus,1998,pv,0.22217273712158203,0.34566840529441833,4.0,54.787235260009766,33.51063919067383,73.93617248535156
CZEpv1998,CZE,Czech Republic,1998,pv,0.8995689749717712,0.34566840529441833,4.0,77.1276626586914,58.51063919067383,98.40425872802734
CIVpv1998,CIV,Côte d'Ivoire,1998,pv,-0.20381462574005127,0.34566840529441833,4.0,36.17021179199219,19.680850982666016,60.10638427734375
DNKpv1998,DNK,Denmark,1998,pv,1.4319663047790527,0.34566840529441833,4.0,97.34042358398438,75.53191375732422,100.0
DJIpv1998,DJI,Djibouti,1998,pv,-0.9644467234611511,0.4352208971977234,2.0,17.553192138671875,7.446808338165283,35.10638427734375
DMApv1998,DMA,Dominica,1998,pv,0.7285119891166687,0.5757335424423218,1.0,72.34042358398438,35.63829803466797,100.0
DOMpv1998,DOM,Dominican Republic,1998,pv,-0.4163169860839844,0.34566840529441833,4.0,31.914894104003906,16.489360809326172,52.12765884399414
ECUpv1998,ECU,Ecuador,1998,pv,-0.16238832473754883,0.34566840529441833,4.0,37.76595687866211,21.808509826660156,61.17021179199219
EGYpv1998,EGY,"Egypt, Arab Rep.",1998,pv,-0.020769719034433365,0.34566840529441833,4.0,44.1489372253418,26.595745086669922,65.42552947998047
SLVpv1998,SLV,El Salvador,1998,pv,0.09067906439304352,0.34566840529441833,4.0,49.46808624267578,30.319149017333984,68.61701965332031
GNQpv1998,GNQ,Equatorial Guinea,1998,pv,-0.08059782534837723,0.3841829299926758,3.0,42.021278381347656,22.340425491333008,65.42552947998047
ERIpv1998,ERI,Eritrea,1998,pv,-0.9707558751106262,0.4352208971977234,2.0,17.021276473999023,7.446808338165283,35.10638427734375
ESTpv1998,EST,Estonia,1998,pv,0.6570506691932678,0.34566840529441833,4.0,68.61701965332031,48.9361686706543,91.48936462402344
SWZpv1998,SWZ,Eswatini,1998,pv,-0.005001639015972614,0.4352208971977234,2.0,44.680850982666016,21.808509826660156,70.2127685546875
ETHpv1998,ETH,Ethiopia,1998,pv,-0.6322667598724365,0.34566840529441833,4.0,25.53191566467285,12.765957832336426,42.553192138671875
FJIpv1998,FJI,Fiji,1998,pv,0.8562746047973633,0.4352208971977234,2.0,75.53191375732422,52.12765884399414,99.46808624267578
FINpv1998,FIN,Finland,1998,pv,1.4733878374099731,0.34566840529441833,4.0,98.93617248535156,77.65957641601562,100.0
FRApv1998,FRA,France,1998,pv,0.6988887786865234,0.34566840529441833,4.0,69.68085479736328,51.59574508666992,93.0851058959961
GUFpv1998,GUF,French Guiana,1998,pv,0.046967461705207825,0.5757335424423218,1.0,47.34042739868164,18.617021560668945,81.38298034667969
GABpv1998,GAB,Gabon,1998,pv,0.3250209391117096,0.34566840529441833,4.0,58.51063919067383,35.10638427734375,76.59574127197266
GMBpv1998,GMB,"Gambia, The",1998,pv,0.6756488680839539,0.3814333379268646,3.0,69.14893341064453,47.34042739868164,93.0851058959961
GEOpv1998,GEO,Georgia,1998,pv,-1.6389029026031494,0.4352208971977234,2.0,7.978723526000977,0.5319148898124695,18.085105895996094
DEUpv1998,DEU,Germany,1998,pv,1.2421478033065796,0.34566840529441833,4.0,92.02127838134766,68.61701965332031,100.0
GHApv1998,GHA,Ghana,1998,pv,-0.13647741079330444,0.34566840529441833,4.0,38.82978820800781,22.340425491333008,62.76595687866211
GRCpv1998,GRC,Greece,1998,pv,0.771396815776825,0.34566840529441833,4.0,73.93617248535156,53.72340393066406,93.61701965332031
GRDpv1998,GRD,Grenada,1998,pv,0.9544434547424316,0.4352208971977234,2.0,79.7872314453125,54.787235260009766,100.0
GTMpv1998,GTM,Guatemala,1998,pv,-0.6697198152542114,0.34566840529441833,4.0,24.46808433532715,11.702127456665039,41.48936080932617
GINpv1998,GIN,Guinea,1998,pv,-0.5869547128677368,0.3814333379268646,3.0,27.12765884399414,12.234042167663574,46.808509826660156
GNBpv1998,GNB,Guinea-Bissau,1998,pv,-1.8607672452926636,0.3814333379268646,3.0,5.319149017333984,0.0,11.702127456665039
GUYpv1998,GUY,Guyana,1998,pv,0.12336912006139755,0.3814333379268646,3.0,51.59574508666992,29.787233352661133,72.8723373413086
HTIpv1998,HTI,Haiti,1998,pv,-0.9424412846565247,0.3814333379268646,3.0,18.085105895996094,7.978723526000977,34.04255294799805
HNDpv1998,HND,Honduras,1998,pv,0.029658464714884758,0.34566840529441833,4.0,45.74468231201172,29.255319595336914,66.48936462402344
HKGpv1998,HKG,"Hong Kong SAR, China",1998,pv,0.7010601758956909,0.40466737747192383,3.0,70.2127685546875,46.808509826660156,94.14893341064453
HUNpv1998,HUN,Hungary,1998,pv,1.219403624534607,0.34566840529441833,4.0,91.48936462402344,68.0851058959961,100.0
ISLpv1998,ISL,Iceland,1998,pv,1.3771053552627563,0.3814333379268646,3.0,95.2127685546875,72.8723373413086,100.0
INDpv1998,IND,India,1998,pv,-1.2008212804794312,0.34566840529441833,4.0,12.765957832336426,6.382978916168213,25.0
IDNpv1998,IDN,Indonesia,1998,pv,-1.731670618057251,0.34566840529441833,4.0,7.446808338165283,1.063829779624939,13.297872543334961
IRNpv1998,IRN,"Iran, Islamic Rep.",1998,pv,-0.6933910846710205,0.34566840529441833,4.0,23.404254913330078,11.702127456665039,39.36170196533203
IRQpv1998,IRQ,Iraq,1998,pv,-1.5338000059127808,0.34566840529441833,4.0,8.510638236999512,3.7234041690826416,17.021276473999023
IRLpv1998,IRL,Ireland,1998,pv,1.512910008430481,0.34566840529441833,4.0,99.46808624267578,78.72340393066406,100.0
ISRpv1998,ISR,Israel,1998,pv,-1.1227145195007324,0.34566840529441833,4.0,14.893616676330566,7.446808338165283,27.659574508666992
ITApv1998,ITA,Italy,1998,pv,1.192702293395996,0.34566840529441833,4.0,90.95744323730469,67.55319213867188,100.0
JAMpv1998,JAM,Jamaica,1998,pv,0.083308145403862,0.34566840529441833,4.0,48.9361686706543,30.319149017333984,68.0851058959961
JPNpv1998,JPN,Japan,1998,pv,1.247674822807312,0.34566840529441833,4.0,93.0851058959961,69.14893341064453,100.0
JORpv1998,JOR,Jordan,1998,pv,0.07521262019872665,0.34566840529441833,4.0,48.40425491333008,30.319149017333984,68.0851058959961
KAZpv1998,KAZ,Kazakhstan,1998,pv,0.19438382983207703,0.34566840529441833,4.0,52.65957260131836,32.978721618652344,72.8723373413086
KENpv1998,KEN,Kenya,1998,pv,-0.9076938629150391,0.34566840529441833,4.0,18.617021560668945,10.106383323669434,33.51063919067383
PRKpv1998,PRK,"Korea, Dem. Rep.",1998,pv,-0.4192519187927246,0.3814333379268646,3.0,31.382978439331055,15.957447052001953,53.72340393066406
KORpv1998,KOR,"Korea, Rep.",1998,pv,0.5138727426528931,0.34566840529441833,4.0,64.89361572265625,42.553192138671875,82.97872161865234
KWTpv1998,KWT,Kuwait,1998,pv,0.45511338114738464,0.34566840529441833,4.0,63.29787063598633,40.95744705200195,81.38298034667969
KGZpv1998,KGZ,Kyrgyz Republic,1998,pv,-0.16647747159004211,0.4352208971977234,2.0,37.23404312133789,18.617021560668945,65.42552947998047
LAOpv1998,LAO,Lao PDR,1998,pv,-0.19182179868221283,0.4352208971977234,2.0,36.70212936401367,18.617021560668945,64.89361572265625
LVApv1998,LVA,Latvia,1998,pv,0.033770300447940826,0.34566840529441833,4.0,46.808509826660156,29.255319595336914,67.55319213867188
LBNpv1998,LBN,Lebanon,1998,pv,-0.7523152828216553,0.34566840529441833,4.0,20.212766647338867,10.638298034667969,36.70212936401367
LSOpv1998,LSO,Lesotho,1998,pv,-0.1189972460269928,0.4352208971977234,2.0,40.425533294677734,18.617021560668945,66.48936462402344
LBRpv1998,LBR,Liberia,1998,pv,-1.7555508613586426,0.3814333379268646,3.0,6.914893627166748,0.5319148898124695,13.829787254333496
LBYpv1998,LBY,Libya,1998,pv,-0.8097403645515442,0.34566840529441833,4.0,19.148935317993164,10.106383323669434,35.10638427734375
LIEpv1998,LIE,Liechtenstein,1998,pv,1.182875156402588,0.5757335424423218,1.0,90.42552947998047,54.787235260009766,100.0
LTUpv1998,LTU,Lithuania,1998,pv,0.42965859174728394,0.34566840529441833,4.0,62.76595687866211,38.29787063598633,81.38298034667969
LUXpv1998,LUX,Luxembourg,1998,pv,1.3853188753128052,0.3814333379268646,3.0,95.74468231201172,72.8723373413086,100.0
MACpv1998,MAC,"Macao SAR, China",1998,pv,0.27414897084236145,0.5757335424423218,1.0,56.914894104003906,23.93617057800293,90.95744323730469
MDGpv1998,MDG,Madagascar,1998,pv,0.19696219265460968,0.3814333379268646,3.0,53.191490173339844,30.319149017333984,73.93617248535156
MWIpv1998,MWI,Malawi,1998,pv,-0.06994116306304932,0.34566840529441833,4.0,42.553192138671875,25.0,63.29787063598633
MYSpv1998,MYS,Malaysia,1998,pv,-0.038123466074466705,0.34566840529441833,4.0,43.61701965332031,26.06382942199707,64.89361572265625
MDVpv1998,MDV,Maldives,1998,pv,1.1159193515777588,0.4352208971977234,2.0,88.82978820800781,61.17021179199219,100.0
MLIpv1998,MLI,Mali,1998,pv,0.42693576216697693,0.3814333379268646,3.0,62.23404312133789,36.17021179199219,81.9148941040039
MLTpv1998,MLT,Malta,1998,pv,1.426385521888733,0.3814333379268646,3.0,96.80850982666016,73.93617248535156,100.0
MTQpv1998,MTQ,Martinique,1998,pv,0.27414897084236145,0.5757335424423218,1.0,56.914894104003906,23.93617057800293,90.95744323730469
MRTpv1998,MRT,Mauritania,1998,pv,0.35281193256378174,0.4352208971977234,2.0,60.10638427734375,33.51063919067383,82.97872161865234
MUSpv1998,MUS,Mauritius,1998,pv,0.9679560661315918,0.46387919783592224,2.0,81.38298034667969,53.72340393066406,100.0
MEXpv1998,MEX,Mexico,1998,pv,-0.423062264919281,0.34566840529441833,4.0,30.851064682006836,15.957447052001953,52.12765884399414
MDApv1998,MDA,Moldova,1998,pv,0.3892403542995453,0.34566840529441833,4.0,61.17021179199219,36.70212936401367,80.31914520263672
MNGpv1998,MNG,Mongolia,1998,pv,0.35268867015838623,0.3814333379268646,3.0,59.574466705322266,34.574466705322266,81.38298034667969
MARpv1998,MAR,Morocco,1998,pv,0.3076983690261841,0.34566840529441833,4.0,57.446807861328125,34.574466705322266,76.06382751464844
MOZpv1998,MOZ,Mozambique,1998,pv,0.11192034184932709,0.34566840529441833,4.0,51.0638313293457,30.319149017333984,69.14893341064453
MMRpv1998,MMR,Myanmar,1998,pv,-1.485985517501831,0.34566840529441833,4.0,9.574467658996582,3.7234041690826416,18.085105895996094
NAMpv1998,NAM,Namibia,1998,pv,0.5055689215660095,0.34566840529441833,4.0,64.36170196533203,42.553192138671875,82.97872161865234
NPLpv1998,NPL,Nepal,1998,pv,-0.7301464080810547,0.4352208971977234,2.0,21.808509826660156,10.106383323669434,44.1489372253418
NLDpv1998,NLD,Netherlands,1998,pv,1.5948034524917603,0.34566840529441833,4.0,100.0,81.9148941040039,100.0
NZLpv1998,NZL,New Zealand,1998,pv,1.3163301944732666,0.34566840529441833,4.0,93.61701965332031,72.8723373413086,100.0
NICpv1998,NIC,Nicaragua,1998,pv,-0.4921623766422272,0.34566840529441833,4.0,30.319149017333984,15.957447052001953,47.87234115600586
NERpv1998,NER,Niger,1998,pv,-0.31558752059936523,0.3814333379268646,3.0,34.574466705322266,18.085105895996094,57.446807861328125
NGApv1998,NGA,Nigeria,1998,pv,-0.5882437229156494,0.34566840529441833,4.0,26.595745086669922,13.297872543334961,43.61701965332031
MKDpv1998,MKD,North Macedonia,1998,pv,-0.7126936912536621,0.3841829299926758,3.0,22.340425491333008,10.638298034667969,41.48936080932617
NORpv1998,NOR,Norway,1998,pv,1.4396612644195557,0.34566840529441833,4.0,98.40425872802734,76.06382751464844,100.0
OMNpv1998,OMN,Oman,1998,pv,0.8549533486366272,0.34566840529441833,4.0,75.0,56.914894104003906,96.27659606933594
PAKpv1998,PAK,Pakistan,1998,pv,-1.1241204738616943,0.34566840529441833,4.0,14.361701965332031,7.446808338165283,27.659574508666992
PANpv1998,PAN,Panama,1998,pv,0.3705742359161377,0.34566840529441833,4.0,60.63829803466797,36.17021179199219,78.72340393066406
PNGpv1998,PNG,Papua New Guinea,1998,pv,-0.1068665087223053,0.34566840529441833,4.0,41.48936080932617,23.93617057800293,63.29787063598633
PRYpv1998,PRY,Paraguay,1998,pv,-0.7465035915374756,0.34566840529441833,4.0,20.744680404663086,10.638298034667969,36.70212936401367
PERpv1998,PER,Peru,1998,pv,-0.5208395719528198,0.34566840529441833,4.0,29.787233352661133,15.957447052001953,46.808509826660156
PHLpv1998,PHL,Philippines,1998,pv,-0.25705915689468384,0.34566840529441833,4.0,35.10638427734375,18.617021560668945,57.446807861328125
POLpv1998,POL,Poland,1998,pv,0.8385974168777466,0.34566840529441833,4.0,74.46808624267578,55.319149017333984,96.27659606933594
PRTpv1998,PRT,Portugal,1998,pv,1.3690905570983887,0.34566840529441833,4.0,94.68085479736328,73.93617248535156,100.0
PRIpv1998,PRI,Puerto Rico,1998,pv,0.27414897084236145,0.5757335424423218,1.0,56.914894104003906,23.93617057800293,90.95744323730469
QATpv1998,QAT,Qatar,1998,pv,1.0588550567626953,0.34566840529441833,4.0,82.44680786132812,63.29787063598633,100.0
ROMpv1998,ROM,Romania,1998,pv,0.5001022219657898,0.34566840529441833,4.0,63.82978820800781,42.553192138671875,82.97872161865234
RUSpv1998,RUS,Russian Federation,1998,pv,-1.0897409915924072,0.34566840529441833,4.0,15.957447052001953,7.446808338165283,29.255319595336914
RWApv1998,RWA,Rwanda,1998,pv,-2.0378875732421875,0.4352208971977234,2.0,4.255319118499756,0.0,10.638298034667969
WSMpv1998,WSM,Samoa,1998,pv,1.343910574913025,0.4352208971977234,2.0,94.14893341064453,67.55319213867188,100.0
SAUpv1998,SAU,Saudi Arabia,1998,pv,0.11022909730672836,0.34566840529441833,4.0,50.53191375732422,30.319149017333984,69.14893341064453
SENpv1998,SEN,Senegal,1998,pv,-0.9882363080978394,0.34566840529441833,4.0,16.489360809326172,7.978723526000977,30.851064682006836
SRBpv1998,SRB,Serbia,1998,pv,-2.142448663711548,0.34566840529441833,4.0,3.7234041690826416,0.0,7.978723526000977
SYCpv1998,SYC,Seychelles,1998,pv,1.0842658281326294,0.4352208971977234,2.0,84.57447052001953,60.10638427734375,100.0
SLEpv1998,SLE,Sierra Leone,1998,pv,-2.173201084136963,0.3814333379268646,3.0,2.659574508666992,0.0,7.978723526000977
SGPpv1998,SGP,Singapore,1998,pv,0.9301015734672546,0.34566840529441833,4.0,78.72340393066406,60.10638427734375,98.93617248535156
SVKpv1998,SVK,Slovak Republic,1998,pv,1.180254578590393,0.34566840529441833,4.0,89.36170196533203,67.55319213867188,100.0
SVNpv1998,SVN,Slovenia,1998,pv,1.2431305646896362,0.34566840529441833,4.0,92.55319213867188,69.14893341064453,100.0
SLBpv1998,SLB,Solomon Islands,1998,pv,1.11396324634552,0.5633189678192139,1.0,88.2978744506836,52.12765884399414,100.0
SOMpv1998,SOM,Somalia,1998,pv,-2.1429543495178223,0.3814333379268646,3.0,3.1914894580841064,0.0,8.510638236999512
ZAFpv1998,ZAF,South Africa,1998,pv,-0.5460532307624817,0.34566840529441833,4.0,28.191490173339844,14.893616676330566,45.212764739990234
ESPpv1998,ESP,Spain,1998,pv,0.1320188343524933,0.34566840529441833,4.0,52.12765884399414,30.319149017333984,69.68085479736328
LKApv1998,LKA,Sri Lanka,1998,pv,-1.4828401803970337,0.34566840529441833,4.0,10.106383323669434,3.7234041690826416,18.085105895996094
LCApv1998,LCA,St. Lucia,1998,pv,0.35006171464920044,0.5633189678192139,1.0,59.04255294799805,27.659574508666992,93.0851058959961
VCTpv1998,VCT,St. Vincent and the Grenadines,1998,pv,1.11396324634552,0.5633189678192139,1.0,88.2978744506836,52.12765884399414,100.0
SDNpv1998,SDN,Sudan,1998,pv,-2.2599682807922363,0.34566840529441833,4.0,2.127659559249878,0.0,7.446808338165283
SURpv1998,SUR,Suriname,1998,pv,0.5992690920829773,0.3814333379268646,3.0,67.55319213867188,43.61701965332031,91.48936462402344
SWEpv1998,SWE,Sweden,1998,pv,1.3991895914077759,0.34566840529441833,4.0,96.27659606933594,73.93617248535156,100.0
CHEpv1998,CHE,Switzerland,1998,pv,1.4396612644195557,0.34566840529441833,4.0,98.40425872802734,76.06382751464844,100.0
SYRpv1998,SYR,Syrian Arab Republic,1998,pv,-0.044106580317020416,0.34566840529441833,4.0,43.085105895996094,26.06382942199707,64.89361572265625
STPpv1998,STP,São Tomé and Principe,1998,pv,1.0842658281326294,0.4352208971977234,2.0,84.57447052001953,60.10638427734375,100.0
TWNpv1998,TWN,"Taiwan, China",1998,pv,0.957362711429596,0.34566840529441833,4.0,80.85106658935547,61.17021179199219,99.46808624267578
TJKpv1998,TJK,Tajikistan,1998,pv,-1.8415497541427612,0.4352208971977234,2.0,5.8510637283325195,0.0,13.829787254333496
TZApv1998,TZA,Tanzania,1998,pv,-0.40806877613067627,0.34566840529441833,4.0,32.446807861328125,16.489360809326172,52.12765884399414
THApv1998,THA,Thailand,1998,pv,0.6388394832611084,0.34566840529441833,4.0,68.0851058959961,47.87234115600586,90.95744323730469
TGOpv1998,TGO,Togo,1998,pv,-0.6158649325370789,0.3814333379268646,3.0,26.06382942199707,11.702127456665039,45.212764739990234
TTOpv1998,TTO,Trinidad and Tobago,1998,pv,0.4122757315635681,0.34566840529441833,4.0,61.70212936401367,38.29787063598633,81.38298034667969
TUNpv1998,TUN,Tunisia,1998,pv,0.26346707344055176,0.34566840529441833,4.0,55.319149017333984,34.574466705322266,73.93617248535156
TKMpv1998,TKM,Turkmenistan,1998,pv,0.19764524698257446,0.4352208971977234,2.0,53.72340393066406,29.787233352661133,77.65957641601562
TURpv1998,TUR,Türkiye,1998,pv,-1.231111764907837,0.34566840529441833,4.0,12.234042167663574,5.8510637283325195,24.46808433532715
UGApv1998,UGA,Uganda,1998,pv,-1.1040164232254028,0.34566840529441833,4.0,15.425532341003418,7.446808338165283,29.255319595336914
UKRpv1998,UKR,Ukraine,1998,pv,-0.12093381583690643,0.34566840529441833,4.0,39.89361572265625,23.404254913330078,62.76595687866211
AREpv1998,ARE,United Arab Emirates,1998,pv,0.8713092803955078,0.34566840529441833,4.0,76.06382751464844,56.914894104003906,97.34042358398438
GBRpv1998,GBR,United Kingdom,1998,pv,0.9300685524940491,0.34566840529441833,4.0,78.19149017333984,60.10638427734375,98.93617248535156
USApv1998,USA,United States,1998,pv,0.8796129822731018,0.34566840529441833,4.0,76.59574127197266,57.446807861328125,98.40425872802734
URYpv1998,URY,Uruguay,1998,pv,0.7653761506080627,0.34566840529441833,4.0,73.40425872802734,53.72340393066406,93.61701965332031
UZBpv1998,UZB,Uzbekistan,1998,pv,-0.6830494403839111,0.46387919783592224,2.0,23.93617057800293,10.106383323669434,48.40425491333008
VUTpv1998,VUT,Vanuatu,1998,pv,1.11396324634552,0.5633189678192139,1.0,88.2978744506836,52.12765884399414,100.0
VENpv1998,VEN,"Venezuela, RB",1998,pv,-0.5377165079116821,0.34566840529441833,4.0,29.255319595336914,14.893616676330566,45.212764739990234
VNMpv1998,VNM,Viet Nam,1998,pv,0.3190048933029175,0.34566840529441833,4.0,57.978721618652344,35.10638427734375,76.59574127197266
WBGpv1998,WBG,West Bank and Gaza,1998,pv,-1.3539137840270996,0.4352208971977234,2.0,10.638298034667969,3.7234041690826416,25.0
YEMpv1998,YEM,"Yemen, Rep.",1998,pv,-1.192847490310669,0.34566840529441833,4.0,13.297872543334961,6.382978916168213,25.53191566467285
ZMBpv1998,ZMB,Zambia,1998,pv,0.2188681960105896,0.34566840529441833,4.0,54.25531768798828,33.51063919067383,73.93617248535156
ZWEpv1998,ZWE,Zimbabwe,1998,pv,-0.7404434084892273,0.34566840529441833,4.0,21.276596069335938,10.638298034667969,36.70212936401367
AFGpv2000,AFG,Afghanistan,2000,pv,-2.4389688968658447,0.4539060592651367,2.0,0.5291005373001099,0.0,5.820106029510498
ALBpv2000,ALB,Albania,2000,pv,-0.5399895906448364,0.39620548486709595,3.0,29.629629135131836,13.227513313293457,50.79365158081055
DZApv2000,DZA,Algeria,2000,pv,-1.43257737159729,0.34250640869140625,4.0,10.052909851074219,2.6455025672912598,19.576719284057617
ADOpv2000,ADO,Andorra,2000,pv,1.1669814586639404,0.595203697681427,1.0,86.7724838256836,54.497352600097656,100.0
AGOpv2000,AGO,Angola,2000,pv,-2.0381739139556885,0.34250640869140625,4.0,1.5873016119003296,0.0,8.994709014892578
ATGpv2000,ATG,Antigua and Barbuda,2000,pv,0.7132350206375122,0.595203697681427,1.0,72.48677062988281,35.44973373413086,98.9417953491211
ARGpv2000,ARG,Argentina,2000,pv,0.09582387655973434,0.31338027119636536,5.0,50.264549255371094,31.746030807495117,69.84127044677734
ARMpv2000,ARM,Armenia,2000,pv,-0.6828679442405701,0.39620548486709595,3.0,25.925926208496094,11.11111068725586,42.85714340209961
AUSpv2000,AUS,Australia,2000,pv,1.3339647054672241,0.31338027119636536,5.0,93.12169647216797,75.13227844238281,100.0
AUTpv2000,AUT,Austria,2000,pv,0.8220564126968384,0.31338027119636536,5.0,76.19047546386719,58.730159759521484,93.12169647216797
AZEpv2000,AZE,Azerbaijan,2000,pv,-0.8297947645187378,0.34250640869140625,4.0,20.105819702148438,10.582010269165039,35.44973373413086
BHSpv2000,BHS,"Bahamas, The",2000,pv,1.2795318365097046,0.39620548486709595,3.0,91.00529479980469,69.84127044677734,100.0
BHRpv2000,BHR,Bahrain,2000,pv,0.056266963481903076,0.34250640869140625,4.0,48.14814758300781,30.158729553222656,69.84127044677734
BGDpv2000,BGD,Bangladesh,2000,pv,-0.7262612581253052,0.34250640869140625,4.0,24.867725372314453,12.169312477111816,40.211639404296875
BRBpv2000,BRB,Barbados,2000,pv,1.1511998176574707,0.4539060592651367,2.0,85.18518829345703,62.433860778808594,100.0
BLRpv2000,BLR,Belarus,2000,pv,0.13950224220752716,0.39620548486709595,3.0,51.85185241699219,30.158729553222656,74.0740737915039
BELpv2000,BEL,Belgium,2000,pv,1.12981116771698,0.31338027119636536,5.0,83.59788513183594,69.84127044677734,98.9417953491211
BLZpv2000,BLZ,Belize,2000,pv,0.18422071635723114,0.4539060592651367,2.0,53.96825408935547,29.100528717041016,78.83597564697266
BENpv2000,BEN,Benin,2000,pv,0.7996525764465332,0.4539060592651367,2.0,74.6031723022461,47.619049072265625,96.29629516601562
BMUpv2000,BMU,Bermuda,2000,pv,0.7132350206375122,0.595203697681427,1.0,72.48677062988281,35.44973373413086,98.9417953491211
BTNpv2000,BTN,Bhutan,2000,pv,0.49193668365478516,0.4539060592651367,2.0,68.25396728515625,35.44973373413086,90.47618865966797
BOLpv2000,BOL,Bolivia,2000,pv,-0.23706117272377014,0.34250640869140625,4.0,37.03703689575195,21.164020538330078,59.788360595703125
BIHpv2000,BIH,Bosnia and Herzegovina,2000,pv,-0.5283933281898499,0.3777558505535126,3.0,30.158729553222656,13.756613731384277,49.20634841918945
BWApv2000,BWA,Botswana,2000,pv,1.074352502822876,0.34250640869140625,4.0,82.01058197021484,68.25396728515625,98.9417953491211
BRApv2000,BRA,Brazil,2000,pv,0.1841016262769699,0.31338027119636536,5.0,53.439151763916016,33.86243438720703,70.89946746826172
BRNpv2000,BRN,Brunei Darussalam,2000,pv,1.3020232915878296,0.39620548486709595,3.0,92.59259033203125,70.37036895751953,100.0
BGRpv2000,BGR,Bulgaria,2000,pv,0.3779646158218384,0.34250640869140625,4.0,61.904762268066406,39.153438568115234,79.89418029785156
BFApv2000,BFA,Burkina Faso,2000,pv,0.05982033163309097,0.39620548486709595,3.0,48.677249908447266,26.984127044677734,70.89946746826172
BDIpv2000,BDI,Burundi,2000,pv,-2.014070749282837,0.4539060592651367,2.0,2.1164021492004395,0.0,12.169312477111816
KHMpv2000,KHM,Cambodia,2000,pv,-0.7760306596755981,0.3777558505535126,3.0,21.6931209564209,10.582010269165039,40.211639404296875
CMRpv2000,CMR,Cameroon,2000,pv,-0.564015805721283,0.34250640869140625,4.0,29.100528717041016,14.814814567565918,43.3862419128418
CANpv2000,CAN,Canada,2000,pv,1.1675268411636353,0.31338027119636536,5.0,87.30158996582031,70.37036895751953,98.9417953491211
CPVpv2000,CPV,Cape Verde,2000,pv,1.2235997915267944,0.586516797542572,1.0,90.47618865966797,57.671958923339844,100.0
CYMpv2000,CYM,Cayman Islands,2000,pv,0.7132350206375122,0.595203697681427,1.0,72.48677062988281,35.44973373413086,98.9417953491211
CAFpv2000,CAF,Central African Republic,2000,pv,-1.120442509651184,0.4539060592651367,2.0,15.343914985656738,5.2910051345825195,32.80423355102539
TCDpv2000,TCD,Chad,2000,pv,-1.1347540616989136,0.4539060592651367,2.0,14.814814567565918,4.761904716491699,32.27513122558594
CHLpv2000,CHL,Chile,2000,pv,0.4854641556739807,0.31338027119636536,5.0,66.13756561279297,42.85714340209961,80.42327880859375
CHNpv2000,CHN,China,2000,pv,-0.2099168747663498,0.31338027119636536,5.0,38.095237731933594,24.867725372314453,58.730159759521484
COLpv2000,COL,Colombia,2000,pv,-1.608960747718811,0.31338027119636536,5.0,8.465608596801758,1.0582010746002197,15.873015403747559
COMpv2000,COM,Comoros,2000,pv,0.02275864966213703,0.4539060592651367,2.0,45.502647399902344,24.867725372314453,73.54497528076172
ZARpv2000,ZAR,"Congo, Dem. Rep.",2000,pv,-2.474238157272339,0.39620548486709595,3.0,0.0,0.0,5.2910051345825195
COGpv2000,COG,"Congo, Rep.",2000,pv,-0.9229820370674133,0.39620548486709595,3.0,19.576719284057617,8.994709014892578,35.44973373413086
CRIpv2000,CRI,Costa Rica,2000,pv,0.8685423135757446,0.34250640869140625,4.0,76.71957397460938,58.730159759521484,95.23809814453125
HRVpv2000,HRV,Croatia,2000,pv,0.28022488951683044,0.34250640869140625,4.0,58.20105743408203,35.44973373413086,76.19047546386719
CUBpv2000,CUB,Cuba,2000,pv,0.24843253195285797,0.34250640869140625,4.0,56.6137580871582,34.39153289794922,75.13227844238281
CYPpv2000,CYP,Cyprus,2000,pv,0.5174998641014099,0.34250640869140625,4.0,68.78306579589844,42.328041076660156,82.01058197021484
CZEpv2000,CZE,Czech Republic,2000,pv,0.33273962140083313,0.31338027119636536,5.0,60.846561431884766,39.68254089355469,76.19047546386719
CIVpv2000,CIV,Côte d'Ivoire,2000,pv,-1.2408040761947632,0.34250640869140625,4.0,13.227513313293457,5.2910051345825195,25.925926208496094
DNKpv2000,DNK,Denmark,2000,pv,1.5010689496994019,0.31338027119636536,5.0,95.76719665527344,80.42327880859375,100.0
DJIpv2000,DJI,Djibouti,2000,pv,-0.24112597107887268,0.4539060592651367,2.0,36.507938385009766,17.989418029785156,68.25396728515625
DMApv2000,DMA,Dominica,2000,pv,0.48636171221733093,0.595203697681427,1.0,67.72486877441406,30.158729553222656,95.23809814453125
DOMpv2000,DOM,Dominican Republic,2000,pv,0.012947377748787403,0.34250640869140625,4.0,44.97354507446289,29.100528717041016,69.84127044677734
ECUpv2000,ECU,Ecuador,2000,pv,-0.5722849369049072,0.34250640869140625,4.0,28.571428298950195,14.814814567565918,43.3862419128418
EGYpv2000,EGY,"Egypt, Arab Rep.",2000,pv,0.04979752376675606,0.34250640869140625,4.0,47.619049072265625,30.158729553222656,69.84127044677734
SLVpv2000,SLV,El Salvador,2000,pv,0.32920533418655396,0.34250640869140625,4.0,60.31745910644531,37.03703689575195,77.2486801147461
GNQpv2000,GNQ,Equatorial Guinea,2000,pv,-0.03503894433379173,0.3777558505535126,3.0,42.85714340209961,25.925926208496094,69.84127044677734
ERIpv2000,ERI,Eritrea,2000,pv,-0.7688952088356018,0.4539060592651367,2.0,22.22222137451172,8.994709014892578,42.85714340209961
ESTpv2000,EST,Estonia,2000,pv,0.9020802974700928,0.34250640869140625,4.0,77.77777862548828,60.846561431884766,95.23809814453125
SWZpv2000,SWZ,Eswatini,2000,pv,0.03751852735877037,0.4539060592651367,2.0,47.08994674682617,24.867725372314453,73.54497528076172
ETHpv2000,ETH,Ethiopia,2000,pv,-0.9460321068763733,0.34250640869140625,4.0,19.047618865966797,8.994709014892578,32.27513122558594
FJIpv2000,FJI,Fiji,2000,pv,0.3014031648635864,0.4539060592651367,2.0,58.730159759521484,30.687829971313477,81.48148345947266
FINpv2000,FIN,Finland,2000,pv,1.7201120853424072,0.31338027119636536,5.0,99.47090148925781,88.35978698730469,100.0
FRApv2000,FRA,France,2000,pv,0.7850890755653381,0.31338027119636536,5.0,74.0740737915039,57.671958923339844,92.06349182128906
GUFpv2000,GUF,French Guiana,2000,pv,0.032615214586257935,0.595203697681427,1.0,46.03174591064453,19.047618865966797,80.42327880859375
GABpv2000,GAB,Gabon,2000,pv,0.6402106285095215,0.34250640869140625,4.0,70.37036895751953,48.677249908447266,88.35978698730469
GMBpv2000,GMB,"Gambia, The",2000,pv,0.5338186025619507,0.39620548486709595,3.0,69.31217193603516,40.74074172973633,87.8306884765625
GEOpv2000,GEO,Georgia,2000,pv,-0.8127265572547913,0.4539060592651367,2.0,20.634920120239258,8.994709014892578,41.269840240478516
DEUpv2000,DEU,Germany,2000,pv,1.4113357067108154,0.31338027119636536,5.0,95.23809814453125,77.2486801147461,100.0
GHApv2000,GHA,Ghana,2000,pv,-0.3593817353248596,0.34250640869140625,4.0,33.33333206176758,19.576719284057617,54.497352600097656
GRCpv2000,GRC,Greece,2000,pv,0.8083564043045044,0.31338027119636536,5.0,75.13227844238281,58.20105743408203,92.59259033203125
GRDpv2000,GRD,Grenada,2000,pv,1.019257664680481,0.4539060592651367,2.0,80.95237731933594,57.671958923339844,100.0
GTMpv2000,GTM,Guatemala,2000,pv,-0.768333911895752,0.34250640869140625,4.0,22.751323699951172,11.11111068725586,38.62434005737305
GINpv2000,GIN,Guinea,2000,pv,-1.9075900316238403,0.39620548486709595,3.0,4.232804298400879,0.0,12.169312477111816
GNBpv2000,GNB,Guinea-Bissau,2000,pv,-0.34944987297058105,0.39620548486709595,3.0,33.86243438720703,17.460317611694336,58.20105743408203
GUYpv2000,GUY,Guyana,2000,pv,-0.4868197739124298,0.39620548486709595,3.0,30.687829971313477,14.285714149475098,52.91005325317383
HTIpv2000,HTI,Haiti,2000,pv,-0.6286244988441467,0.39620548486709595,3.0,26.455026626586914,12.169312477111816,44.97354507446289
HNDpv2000,HND,Honduras,2000,pv,-0.07859638333320618,0.34250640869140625,4.0,41.269840240478516,25.925926208496094,65.60846710205078
HKGpv2000,HKG,"Hong Kong SAR, China",2000,pv,0.9351571798324585,0.35024961829185486,4.0,79.89418029785156,61.37565994262695,95.76719665527344
HUNpv2000,HUN,Hungary,2000,pv,0.9184429049491882,0.31338027119636536,5.0,78.83597564697266,62.433860778808594,95.23809814453125
ISLpv2000,ISL,Iceland,2000,pv,1.5753306150436401,0.3529260754585266,4.0,96.82539367675781,80.42327880859375,100.0
INDpv2000,IND,India,2000,pv,-1.0012075901031494,0.31338027119636536,5.0,17.460317611694336,8.994709014892578,30.158729553222656
IDNpv2000,IDN,Indonesia,2000,pv,-1.9952006340026855,0.31338027119636536,5.0,2.6455025672912598,0.0,8.994709014892578
IRNpv2000,IRN,"Iran, Islamic Rep.",2000,pv,-0.727548360824585,0.34250640869140625,4.0,24.338624954223633,12.169312477111816,40.211639404296875
IRQpv2000,IRQ,Iraq,2000,pv,-1.7326427698135376,0.34250640869140625,4.0,5.820106029510498,0.5291005373001099,13.227513313293457
IRLpv2000,IRL,Ireland,2000,pv,1.5841001272201538,0.31338027119636536,5.0,97.88359832763672,81.48148345947266,100.0
ISRpv2000,ISR,Israel,2000,pv,-1.0419912338256836,0.31338027119636536,5.0,16.931217193603516,8.994709014892578,30.158729553222656
ITApv2000,ITA,Italy,2000,pv,0.9166694283485413,0.31338027119636536,5.0,78.30687713623047,62.433860778808594,95.23809814453125
JAMpv2000,JAM,Jamaica,2000,pv,0.18639647960662842,0.34250640869140625,4.0,54.497352600097656,32.80423355102539,72.48677062988281
JPNpv2000,JPN,Japan,2000,pv,1.1975526809692383,0.31338027119636536,5.0,88.35978698730469,70.89946746826172,98.9417953491211
JORpv2000,JOR,Jordan,2000,pv,0.0002097006217809394,0.34250640869140625,4.0,43.91534423828125,29.100528717041016,69.84127044677734
KAZpv2000,KAZ,Kazakhstan,2000,pv,0.09009034186601639,0.34250640869140625,4.0,49.20634841918945,30.687829971313477,70.37036895751953
KENpv2000,KEN,Kenya,2000,pv,-1.0683526992797852,0.34250640869140625,4.0,16.402116775512695,7.936507701873779,30.158729553222656
PRKpv2000,PRK,"Korea, Dem. Rep.",2000,pv,-0.015158058144152164,0.39620548486709595,3.0,43.3862419128418,25.925926208496094,69.84127044677734
KORpv2000,KOR,"Korea, Rep.",2000,pv,0.39804503321647644,0.31338027119636536,5.0,62.433860778808594,40.74074172973633,77.77777862548828
KWTpv2000,KWT,Kuwait,2000,pv,0.7522326707839966,0.34250640869140625,4.0,73.01587677001953,54.497352600097656,92.59259033203125
KGZpv2000,KGZ,Kyrgyz Republic,2000,pv,-0.18253476917743683,0.4539060592651367,2.0,39.68254089355469,19.047618865966797,69.84127044677734
LAOpv2000,LAO,Lao PDR,2000,pv,-0.5779134035110474,0.4539060592651367,2.0,28.042327880859375,11.11111068725586,52.91005325317383
LVApv2000,LVA,Latvia,2000,pv,0.41943415999412537,0.34250640869140625,4.0,63.492061614990234,40.211639404296875,80.42327880859375
LBNpv2000,LBN,Lebanon,2000,pv,-0.4390445351600647,0.34250640869140625,4.0,31.216930389404297,17.460317611694336,50.79365158081055
LSOpv2000,LSO,Lesotho,2000,pv,0.09610974788665771,0.4539060592651367,2.0,50.79365158081055,25.925926208496094,76.19047546386719
LBRpv2000,LBR,Liberia,2000,pv,-1.9528805017471313,0.39620548486709595,3.0,3.174603223800659,0.0,11.640212059020996
LBYpv2000,LBY,Libya,2000,pv,-0.2942868173122406,0.34250640869140625,4.0,34.92063522338867,19.576719284057617,57.671958923339844
LIEpv2000,LIE,Liechtenstein,2000,pv,1.1669814586639404,0.595203697681427,1.0,86.7724838256836,54.497352600097656,100.0
LTUpv2000,LTU,Lithuania,2000,pv,0.4287854731082916,0.34250640869140625,4.0,64.02116394042969,40.211639404296875,80.42327880859375
LUXpv2000,LUX,Luxembourg,2000,pv,1.6054747104644775,0.3529260754585266,4.0,98.9417953491211,80.95237731933594,100.0
MACpv2000,MAC,"Macao SAR, China",2000,pv,0.48636171221733093,0.595203697681427,1.0,67.72486877441406,30.158729553222656,95.23809814453125
MDGpv2000,MDG,Madagascar,2000,pv,0.16279880702495575,0.39620548486709595,3.0,52.91005325317383,30.158729553222656,75.13227844238281
MWIpv2000,MWI,Malawi,2000,pv,-0.325264573097229,0.34250640869140625,4.0,34.39153289794922,19.576719284057617,55.55555725097656
MYSpv2000,MYS,Malaysia,2000,pv,0.09269119799137115,0.31338027119636536,5.0,49.735450744628906,31.746030807495117,69.84127044677734
MDVpv2000,MDV,Maldives,2000,pv,1.1807197332382202,0.4539060592651367,2.0,87.8306884765625,64.02116394042969,100.0
MLIpv2000,MLI,Mali,2000,pv,0.24010974168777466,0.39620548486709595,3.0,56.08465576171875,31.746030807495117,77.2486801147461
MLTpv2000,MLT,Malta,2000,pv,1.586208701133728,0.39620548486709595,3.0,98.4126968383789,79.89418029785156,100.0
MTQpv2000,MTQ,Martinique,2000,pv,0.48636171221733093,0.595203697681427,1.0,67.72486877441406,30.158729553222656,95.23809814453125
MRTpv2000,MRT,Mauritania,2000,pv,0.3452344834804535,0.4539060592651367,2.0,61.37565994262695,32.27513122558594,82.53968048095703
MUSpv2000,MUS,Mauritius,2000,pv,0.7547484040260315,0.4445081651210785,2.0,73.54497528076172,45.502647399902344,95.23809814453125
MEXpv2000,MEX,Mexico,2000,pv,-0.2002098709344864,0.31338027119636536,5.0,39.153438568115234,24.867725372314453,59.25925827026367
MDApv2000,MDA,Moldova,2000,pv,-0.42826128005981445,0.34250640869140625,4.0,31.746030807495117,17.460317611694336,51.322750091552734
MNGpv2000,MNG,Mongolia,2000,pv,0.8218681216239929,0.39620548486709595,3.0,75.661376953125,52.91005325317383,95.23809814453125
MARpv2000,MAR,Morocco,2000,pv,-0.06556490063667297,0.34250640869140625,4.0,42.328041076660156,26.455026626586914,68.25396728515625
MOZpv2000,MOZ,Mozambique,2000,pv,-0.1258033812046051,0.34250640869140625,4.0,40.74074172973633,25.396825790405273,64.02116394042969
MMRpv2000,MMR,Myanmar,2000,pv,-1.6735225915908813,0.34250640869140625,4.0,6.878306865692139,1.0582010746002197,15.343914985656738
NAMpv2000,NAM,Namibia,2000,pv,-0.25010061264038086,0.34250640869140625,4.0,35.97883605957031,20.634920120239258,59.25925827026367
NPLpv2000,NPL,Nepal,2000,pv,-1.1638256311416626,0.4539060592651367,2.0,13.756613731384277,3.7037036418914795,31.746030807495117
NLDpv2000,NLD,Netherlands,2000,pv,1.7586811780929565,0.31338027119636536,5.0,100.0,90.47618865966797,100.0
NZLpv2000,NZL,New Zealand,2000,pv,1.3623818159103394,0.31338027119636536,5.0,93.65079498291016,76.19047546386719,100.0
NICpv2000,NIC,Nicaragua,2000,pv,-0.066172294318676,0.34250640869140625,4.0,41.79894256591797,26.455026626586914,68.25396728515625
NERpv2000,NER,Niger,2000,pv,0.1249680295586586,0.39620548486709595,3.0,51.322750091552734,30.158729553222656,73.54497528076172
NGApv2000,NGA,Nigeria,2000,pv,-1.4553263187408447,0.34250640869140625,4.0,9.523809432983398,1.5873016119003296,19.576719284057617
MKDpv2000,MKD,North Macedonia,2000,pv,-0.6140170693397522,0.3777558505535126,3.0,26.984127044677734,13.227513313293457,43.91534423828125
NORpv2000,NOR,Norway,2000,pv,1.533282995223999,0.31338027119636536,5.0,96.29629516601562,80.95237731933594,100.0
OMNpv2000,OMN,Oman,2000,pv,1.121424674987793,0.34250640869140625,4.0,83.06878662109375,69.84127044677734,98.9417953491211
PAKpv2000,PAK,Pakistan,2000,pv,-1.1048046350479126,0.34250640869140625,4.0,15.873015403747559,6.878306865692139,29.100528717041016
PANpv2000,PAN,Panama,2000,pv,0.2512238323688507,0.34250640869140625,4.0,57.14285659790039,34.39153289794922,75.13227844238281
PNGpv2000,PNG,Papua New Guinea,2000,pv,-0.20723551511764526,0.34250640869140625,4.0,38.62434005737305,21.6931209564209,61.37565994262695
PRYpv2000,PRY,Paraguay,2000,pv,-0.9705725908279419,0.34250640869140625,4.0,18.518518447875977,8.994709014892578,32.27513122558594
PERpv2000,PER,Peru,2000,pv,-0.987529456615448,0.34250640869140625,4.0,17.989418029785156,8.994709014892578,31.746030807495117
PHLpv2000,PHL,Philippines,2000,pv,-1.39048433303833,0.31338027119636536,5.0,11.11111068725586,4.232804298400879,19.576719284057617
POLpv2000,POL,Poland,2000,pv,0.30930525064468384,0.31338027119636536,5.0,59.25925827026367,38.62434005737305,76.19047546386719
PRTpv2000,PRT,Portugal,2000,pv,1.3947640657424927,0.31338027119636536,5.0,94.70899200439453,76.71957397460938,100.0
PRIpv2000,PRI,Puerto Rico,2000,pv,0.25948846340179443,0.595203697681427,1.0,57.671958923339844,24.867725372314453,90.47618865966797
QATpv2000,QAT,Qatar,2000,pv,1.157301425933838,0.34250640869140625,4.0,85.71428680419922,69.84127044677734,98.9417953491211
ROMpv2000,ROM,Romania,2000,pv,-0.3790395259857178,0.34250640869140625,4.0,32.80423355102539,19.047618865966797,52.91005325317383
RUSpv2000,RUS,Russian Federation,2000,pv,-1.3992420434951782,0.31338027119636536,5.0,10.582010269165039,3.7037036418914795,19.576719284057617
RWApv2000,RWA,Rwanda,2000,pv,-1.6915947198867798,0.4539060592651367,2.0,6.349206447601318,0.5291005373001099,18.518518447875977
WSMpv2000,WSM,Samoa,2000,pv,1.283142328262329,0.4539060592651367,2.0,92.06349182128906,69.84127044677734,100.0
SAUpv2000,SAU,Saudi Arabia,2000,pv,0.22782160341739655,0.34250640869140625,4.0,55.55555725097656,33.86243438720703,74.0740737915039
SENpv2000,SEN,Senegal,2000,pv,-0.5878905057907104,0.34250640869140625,4.0,27.513227462768555,13.756613731384277,42.85714340209961
SRBpv2000,SRB,Serbia,2000,pv,-1.6435984373092651,0.34250640869140625,4.0,7.936507701873779,1.0582010746002197,15.873015403747559
SYCpv2000,SYC,Seychelles,2000,pv,1.283142328262329,0.4539060592651367,2.0,92.06349182128906,69.84127044677734,100.0
SLEpv2000,SLE,Sierra Leone,2000,pv,-1.8686857223510742,0.39620548486709595,3.0,5.2910051345825195,0.0,13.227513313293457
SGPpv2000,SGP,Singapore,2000,pv,1.1411114931106567,0.31338027119636536,5.0,84.12698364257812,69.84127044677734,98.9417953491211
SVKpv2000,SVK,Slovak Republic,2000,pv,0.6635866761207581,0.34250640869140625,4.0,70.89946746826172,50.79365158081055,90.47618865966797
SVNpv2000,SVN,Slovenia,2000,pv,0.8867893218994141,0.31338027119636536,5.0,77.2486801147461,61.37565994262695,94.70899200439453
SLBpv2000,SLB,Solomon Islands,2000,pv,-0.7329526543617249,0.586516797542572,1.0,23.809524536132812,5.820106029510498,55.55555725097656
SOMpv2000,SOM,Somalia,2000,pv,-1.9487872123718262,0.39620548486709595,3.0,3.7037036418914795,0.0,12.169312477111816
ZAFpv2000,ZAF,South Africa,2000,pv,-0.22786495089530945,0.31338027119636536,5.0,37.566139221191406,23.280424118041992,58.20105743408203
ESPpv2000,ESP,Spain,2000,pv,0.4594682455062866,0.31338027119636536,5.0,65.60846710205078,42.328041076660156,79.89418029785156
LKApv2000,LKA,Sri Lanka,2000,pv,-1.904112696647644,0.34250640869140625,4.0,4.761904716491699,0.0,11.11111068725586
LCApv2000,LCA,St. Lucia,2000,pv,1.2235997915267944,0.586516797542572,1.0,90.47618865966797,57.671958923339844,100.0
VCTpv2000,VCT,St. Vincent and the Grenadines,2000,pv,1.2235997915267944,0.586516797542572,1.0,90.47618865966797,57.671958923339844,100.0
SDNpv2000,SDN,Sudan,2000,pv,-2.244173049926758,0.34250640869140625,4.0,1.0582010746002197,0.0,6.349206447601318
SURpv2000,SUR,Suriname,2000,pv,0.21245123445987701,0.39620548486709595,3.0,55.02645492553711,31.216930389404297,76.19047546386719
SWEpv2000,SWE,Sweden,2000,pv,1.3917720317840576,0.31338027119636536,5.0,94.17989349365234,76.71957397460938,100.0
CHEpv2000,CHE,Switzerland,2000,pv,1.5788120031356812,0.31338027119636536,5.0,97.35449981689453,81.48148345947266,100.0
SYRpv2000,SYR,Syrian Arab Republic,2000,pv,-0.1804509460926056,0.34250640869140625,4.0,40.211639404296875,23.280424118041992,61.904762268066406
STPpv2000,STP,São Tomé and Principe,2000,pv,1.1511998176574707,0.4539060592651367,2.0,85.18518829345703,62.433860778808594,100.0
TWNpv2000,TWN,"Taiwan, China",2000,pv,0.5371066927909851,0.31338027119636536,5.0,69.84127044677734,45.502647399902344,81.48148345947266
TJKpv2000,TJK,Tajikistan,2000,pv,-1.6477634906768799,0.4539060592651367,2.0,7.407407283782959,0.5291005373001099,19.576719284057617
TZApv2000,TZA,Tanzania,2000,pv,-0.7019257545471191,0.34250640869140625,4.0,25.396825790405273,12.169312477111816,40.211639404296875
THApv2000,THA,Thailand,2000,pv,0.4549587070941925,0.31338027119636536,5.0,65.0793685913086,42.328041076660156,79.89418029785156
TMPpv2000,TMP,Timor-Leste,2000,pv,0.4409787952899933,0.586516797542572,1.0,64.55026245117188,30.158729553222656,94.70899200439453
TGOpv2000,TGO,Togo,2000,pv,-0.2908497154712677,0.39620548486709595,3.0,35.44973373413086,19.047618865966797,61.37565994262695
TTOpv2000,TTO,Trinidad and Tobago,2000,pv,0.15345609188079834,0.34250640869140625,4.0,52.380950927734375,32.27513122558594,72.48677062988281
TUNpv2000,TUN,Tunisia,2000,pv,0.3211148977279663,0.34250640869140625,4.0,59.788360595703125,36.507938385009766,76.71957397460938
TKMpv2000,TKM,Turkmenistan,2000,pv,0.008447062224149704,0.4539060592651367,2.0,44.44444274902344,23.280424118041992,73.01587677001953
TURpv2000,TUR,Türkiye,2000,pv,-0.8001736402511597,0.31338027119636536,5.0,21.164020538330078,11.640212059020996,35.44973373413086
UGApv2000,UGA,Uganda,2000,pv,-1.2483795881271362,0.34250640869140625,4.0,12.698412895202637,5.2910051345825195,25.396825790405273
UKRpv2000,UKR,Ukraine,2000,pv,-0.40948644280433655,0.34250640869140625,4.0,32.27513122558594,17.989418029785156,51.85185241699219
AREpv2000,ARE,United Arab Emirates,2000,pv,0.975434422492981,0.34250640869140625,4.0,80.42327880859375,62.96296310424805,96.29629516601562
GBRpv2000,GBR,United Kingdom,2000,pv,1.033105731010437,0.31338027119636536,5.0,81.48148345947266,68.78306579589844,96.29629516601562
USApv2000,USA,United States,2000,pv,1.0828090906143188,0.31338027119636536,5.0,82.53968048095703,69.84127044677734,98.4126968383789
URYpv2000,URY,Uruguay,2000,pv,0.9293495416641235,0.34250640869140625,4.0,79.36508178710938,61.37565994262695,95.23809814453125
UZBpv2000,UZB,Uzbekistan,2000,pv,-1.301950454711914,0.4445081651210785,2.0,12.169312477111816,1.5873016119003296,28.042327880859375
VUTpv2000,VUT,Vanuatu,2000,pv,1.2235997915267944,0.586516797542572,1.0,90.47618865966797,57.671958923339844,100.0
VENpv2000,VEN,"Venezuela, RB",2000,pv,-0.758916974067688,0.31338027119636536,5.0,23.280424118041992,12.169312477111816,35.97883605957031
VNMpv2000,VNM,Viet Nam,2000,pv,0.4087735712528229,0.34250640869140625,4.0,62.96296310424805,40.211639404296875,79.89418029785156
WBGpv2000,WBG,West Bank and Gaza,2000,pv,-1.5744125843048096,0.4539060592651367,2.0,8.994709014892578,0.5291005373001099,19.576719284057617
YEMpv2000,YEM,"Yemen, Rep.",2000,pv,-1.1454412937164307,0.34250640869140625,4.0,14.285714149475098,5.820106029510498,27.513227462768555
ZMBpv2000,ZMB,Zambia,2000,pv,0.035720329731702805,0.34250640869140625,4.0,46.560848236083984,30.158729553222656,69.84127044677734
ZWEpv2000,ZWE,Zimbabwe,2000,pv,-1.3188178539276123,0.34250640869140625,4.0,11.640212059020996,4.761904716491699,23.280424118041992
AFGpv2002,AFG,Afghanistan,2002,pv,-2.035033702850342,0.4362975060939789,2.0,1.5873016119003296,0.0,12.698412895202637
ALBpv2002,ALB,Albania,2002,pv,-0.29771918058395386,0.3928815722465515,3.0,33.86243438720703,20.105819702148438,57.671958923339844
DZApv2002,DZA,Algeria,2002,pv,-1.6345651149749756,0.3160152733325958,4.0,6.878306865692139,1.0582010746002197,17.460317611694336
ADOpv2002,ADO,Andorra,2002,pv,1.2827669382095337,0.518141508102417,1.0,92.59259033203125,62.433860778808594,100.0
AGOpv2002,AGO,Angola,2002,pv,-1.5761798620224,0.3160152733325958,4.0,9.523809432983398,1.0582010746002197,17.460317611694336
ATGpv2002,ATG,Antigua and Barbuda,2002,pv,0.7925599217414856,0.518141508102417,1.0,73.01587677001953,45.502647399902344,99.47090148925781
ARGpv2002,ARG,Argentina,2002,pv,-0.7765454053878784,0.2860417068004608,6.0,22.751323699951172,14.285714149475098,32.80423355102539
ARMpv2002,ARM,Armenia,2002,pv,-0.25578412413597107,0.3928815722465515,3.0,37.566139221191406,20.105819702148438,60.31745910644531
AUSpv2002,AUS,Australia,2002,pv,1.189414620399475,0.2860417068004608,6.0,89.4179916381836,70.37036895751953,99.47090148925781
AUTpv2002,AUT,Austria,2002,pv,1.3589553833007812,0.2860417068004608,6.0,94.70899200439453,76.71957397460938,100.0
AZEpv2002,AZE,Azerbaijan,2002,pv,-1.1853649616241455,0.3160152733325958,4.0,17.460317611694336,5.2910051345825195,26.455026626586914
BHSpv2002,BHS,"Bahamas, The",2002,pv,0.9555419087409973,0.3928815722465515,3.0,82.53968048095703,56.6137580871582,97.88359832763672
BHRpv2002,BHR,Bahrain,2002,pv,0.2908303737640381,0.3160152733325958,4.0,54.497352600097656,39.153438568115234,73.01587677001953
BGDpv2002,BGD,Bangladesh,2002,pv,-1.032590389251709,0.30092695355415344,5.0,19.047618865966797,10.052909851074219,28.042327880859375
BRBpv2002,BRB,Barbados,2002,pv,1.0971990823745728,0.4362975060939789,2.0,86.2433853149414,59.788360595703125,100.0
BLRpv2002,BLR,Belarus,2002,pv,0.30280596017837524,0.3928815722465515,3.0,56.6137580871582,31.746030807495117,82.01058197021484
BELpv2002,BEL,Belgium,2002,pv,1.2608023881912231,0.2860417068004608,6.0,91.53439331054688,71.42857360839844,99.47090148925781
BLZpv2002,BLZ,Belize,2002,pv,0.41799256205558777,0.4362975060939789,2.0,62.433860778808594,33.86243438720703,86.7724838256836
BENpv2002,BEN,Benin,2002,pv,0.8215158581733704,0.4362975060939789,2.0,73.54497528076172,48.14814758300781,96.82539367675781
BMUpv2002,BMU,Bermuda,2002,pv,0.7925599217414856,0.518141508102417,1.0,73.01587677001953,45.502647399902344,99.47090148925781
BTNpv2002,BTN,Bhutan,2002,pv,0.6936755776405334,0.4362975060939789,2.0,69.84127044677734,46.03174591064453,94.70899200439453
BOLpv2002,BOL,Bolivia,2002,pv,-0.28651556372642517,0.30092695355415344,5.0,34.92063522338867,21.6931209564209,51.85185241699219
BIHpv2002,BIH,Bosnia and Herzegovina,2002,pv,-0.1638372838497162,0.33732521533966064,3.0,40.74074172973633,25.396825790405273,60.31745910644531
BWApv2002,BWA,Botswana,2002,pv,0.8732644319534302,0.30092695355415344,5.0,76.71957397460938,59.788360595703125,94.70899200439453
BRApv2002,BRA,Brazil,2002,pv,0.32780027389526367,0.2860417068004608,6.0,57.14285659790039,42.328041076660156,73.01587677001953
BRNpv2002,BRN,Brunei Darussalam,2002,pv,1.1555321216583252,0.3928815722465515,3.0,87.30158996582031,65.60846710205078,100.0
BGRpv2002,BGR,Bulgaria,2002,pv,0.4675123691558838,0.30092695355415344,5.0,64.02116394042969,46.03174591064453,82.53968048095703
BFApv2002,BFA,Burkina Faso,2002,pv,-0.30692124366760254,0.3928815722465515,3.0,33.33333206176758,20.105819702148438,57.14285659790039
BDIpv2002,BDI,Burundi,2002,pv,-2.2847723960876465,0.4362975060939789,2.0,0.5291005373001099,0.0,9.523809432983398
KHMpv2002,KHM,Cambodia,2002,pv,-0.7221653461456299,0.33732521533966064,3.0,25.396825790405273,13.756613731384277,40.211639404296875
CMRpv2002,CMR,Cameroon,2002,pv,-0.6772648096084595,0.3160152733325958,4.0,26.455026626586914,15.873015403747559,41.269840240478516
CANpv2002,CAN,Canada,2002,pv,1.2180317640304565,0.2860417068004608,6.0,89.94709014892578,71.42857360839844,99.47090148925781
CPVpv2002,CPV,Cape Verde,2002,pv,0.7296215295791626,0.4362975060939789,2.0,70.89946746826172,47.08994674682617,95.23809814453125
CYMpv2002,CYM,Cayman Islands,2002,pv,0.7925599217414856,0.518141508102417,1.0,73.01587677001953,45.502647399902344,99.47090148925781
CAFpv2002,CAF,Central African Republic,2002,pv,-1.7334061861038208,0.4362975060939789,2.0,4.761904716491699,0.0,19.047618865966797
TCDpv2002,TCD,Chad,2002,pv,-1.5596188306808472,0.4362975060939789,2.0,10.052909851074219,0.5291005373001099,20.634920120239258
CHLpv2002,CHL,Chile,2002,pv,1.0887963771820068,0.2860417068004608,6.0,84.65608215332031,68.25396728515625,97.35449981689453
CHNpv2002,CHN,China,2002,pv,-0.32762718200683594,0.2860417068004608,6.0,32.27513122558594,21.6931209564209,49.20634841918945
COLpv2002,COL,Colombia,2002,pv,-1.956714391708374,0.2860417068004608,6.0,2.6455025672912598,0.0,10.582010269165039
COMpv2002,COM,Comoros,2002,pv,0.40204930305480957,0.4362975060939789,2.0,60.846561431884766,32.27513122558594,86.7724838256836
ZARpv2002,ZAR,"Congo, Dem. Rep.",2002,pv,-1.9759279489517212,0.3928815722465515,3.0,2.1164021492004395,0.0,12.698412895202637
COGpv2002,COG,"Congo, Rep.",2002,pv,-1.5871679782867432,0.3928815722465515,3.0,8.465608596801758,0.5291005373001099,20.105819702148438
CRIpv2002,CRI,Costa Rica,2002,pv,1.0686944723129272,0.30092695355415344,5.0,83.59788513183594,68.25396728515625,97.35449981689453
HRVpv2002,HRV,Croatia,2002,pv,0.6288077235221863,0.30092695355415344,5.0,68.78306579589844,49.20634841918945,86.7724838256836
CUBpv2002,CUB,Cuba,2002,pv,0.26364409923553467,0.3160152733325958,4.0,52.91005325317383,38.095237731933594,71.42857360839844
CYPpv2002,CYP,Cyprus,2002,pv,0.19942060112953186,0.3160152733325958,4.0,51.85185241699219,32.27513122558594,70.37036895751953
CZEpv2002,CZE,Czech Republic,2002,pv,1.0441006422042847,0.2860417068004608,6.0,83.06878662109375,68.25396728515625,96.29629516601562
CIVpv2002,CIV,Côte d'Ivoire,2002,pv,-1.9197338819503784,0.3160152733325958,4.0,3.174603223800659,0.0,12.698412895202637
DNKpv2002,DNK,Denmark,2002,pv,1.5242440700531006,0.2860417068004608,6.0,96.82539367675781,83.06878662109375,100.0
DJIpv2002,DJI,Djibouti,2002,pv,-0.31310296058654785,0.4362975060939789,2.0,32.80423355102539,19.047618865966797,60.846561431884766
DMApv2002,DMA,Dominica,2002,pv,0.5474563837051392,0.518141508102417,1.0,67.72486877441406,33.33333206176758,94.70899200439453
DOMpv2002,DOM,Dominican Republic,2002,pv,0.11855899542570114,0.30092695355415344,5.0,48.677249908447266,31.216930389404297,68.25396728515625
ECUpv2002,ECU,Ecuador,2002,pv,-0.7597209215164185,0.30092695355415344,5.0,23.809524536132812,14.285714149475098,36.507938385009766
EGYpv2002,EGY,"Egypt, Arab Rep.",2002,pv,-0.41417211294174194,0.3160152733325958,4.0,31.216930389404297,20.105819702148438,48.14814758300781
SLVpv2002,SLV,El Salvador,2002,pv,0.29399412870407104,0.30092695355415344,5.0,55.02645492553711,40.211639404296875,71.42857360839844
GNQpv2002,GNQ,Equatorial Guinea,2002,pv,-0.5143963694572449,0.33732521533966064,3.0,28.571428298950195,17.460317611694336,47.08994674682617
ERIpv2002,ERI,Eritrea,2002,pv,-0.2671557664871216,0.4362975060939789,2.0,36.507938385009766,19.047618865966797,62.96296310424805
ESTpv2002,EST,Estonia,2002,pv,0.9278544187545776,0.2860417068004608,6.0,79.89418029785156,62.96296310424805,94.70899200439453
SWZpv2002,SWZ,Eswatini,2002,pv,0.12636622786521912,0.4362975060939789,2.0,49.20634841918945,26.984127044677734,75.661376953125
ETHpv2002,ETH,Ethiopia,2002,pv,-1.2258455753326416,0.3160152733325958,4.0,14.814814567565918,3.7037036418914795,25.396825790405273
FJIpv2002,FJI,Fiji,2002,pv,0.47394105792045593,0.4362975060939789,2.0,64.55026245117188,39.153438568115234,89.4179916381836
FINpv2002,FIN,Finland,2002,pv,1.7531840801239014,0.2860417068004608,6.0,100.0,92.59259033203125,100.0
FRApv2002,FRA,France,2002,pv,0.9241832494735718,0.2860417068004608,6.0,79.36508178710938,62.96296310424805,94.70899200439453
GUFpv2002,GUF,French Guiana,2002,pv,0.30235281586647034,0.518141508102417,1.0,56.08465576171875,28.042327880859375,86.7724838256836
GABpv2002,GAB,Gabon,2002,pv,0.41024869680404663,0.3160152733325958,4.0,61.37565994262695,42.85714340209961,79.89418029785156
GMBpv2002,GMB,"Gambia, The",2002,pv,0.8261597752571106,0.3928815722465515,3.0,74.0740737915039,50.264549255371094,95.23809814453125
GEOpv2002,GEO,Georgia,2002,pv,-1.1920413970947266,0.4362975060939789,2.0,16.402116775512695,3.174603223800659,29.629629135131836
DEUpv2002,DEU,Germany,2002,pv,1.0960174798965454,0.2860417068004608,6.0,85.18518829345703,68.25396728515625,97.35449981689453
GHApv2002,GHA,Ghana,2002,pv,-0.15993432700634003,0.3160152733325958,4.0,41.269840240478516,25.925926208496094,58.20105743408203
GRCpv2002,GRC,Greece,2002,pv,0.8725918531417847,0.2860417068004608,6.0,76.19047546386719,60.846561431884766,94.17989349365234
GRDpv2002,GRD,Grenada,2002,pv,0.9234116077423096,0.4362975060939789,2.0,78.83597564697266,51.85185241699219,99.47090148925781
GTMpv2002,GTM,Guatemala,2002,pv,-0.8342931270599365,0.30092695355415344,5.0,21.164020538330078,12.698412895202637,31.746030807495117
GINpv2002,GIN,Guinea,2002,pv,-1.4211658239364624,0.3928815722465515,3.0,11.640212059020996,1.0582010746002197,22.22222137451172
GNBpv2002,GNB,Guinea-Bissau,2002,pv,-0.7261573076248169,0.3928815722465515,3.0,24.338624954223633,12.698412895202637,44.97354507446289
GUYpv2002,GUY,Guyana,2002,pv,-0.5615203380584717,0.3928815722465515,3.0,27.513227462768555,15.873015403747559,48.14814758300781
HTIpv2002,HTI,Haiti,2002,pv,-1.2558579444885254,0.3649575710296631,4.0,14.285714149475098,3.174603223800659,26.455026626586914
HNDpv2002,HND,Honduras,2002,pv,-0.2524414360523224,0.30092695355415344,5.0,39.153438568115234,23.809524536132812,51.85185241699219
HKGpv2002,HKG,"Hong Kong SAR, China",2002,pv,0.9089202284812927,0.3058026134967804,5.0,78.30687713623047,60.846561431884766,94.70899200439453
HUNpv2002,HUN,Hungary,2002,pv,1.2606722116470337,0.2860417068004608,6.0,91.00529479980469,71.42857360839844,99.47090148925781
ISLpv2002,ISL,Iceland,2002,pv,1.6202925443649292,0.33928439021110535,5.0,98.9417953491211,83.06878662109375,100.0
INDpv2002,IND,India,2002,pv,-1.210664987564087,0.2860417068004608,6.0,15.873015403747559,5.2910051345825195,23.809524536132812
IDNpv2002,IDN,Indonesia,2002,pv,-1.5832442045211792,0.2860417068004608,6.0,8.994709014892578,1.0582010746002197,17.460317611694336
IRNpv2002,IRN,"Iran, Islamic Rep.",2002,pv,-0.7734405994415283,0.3160152733325958,4.0,23.280424118041992,13.756613731384277,37.566139221191406
IRQpv2002,IRQ,Iraq,2002,pv,-1.601286768913269,0.3160152733325958,4.0,7.936507701873779,1.0582010746002197,17.460317611694336
IRLpv2002,IRL,Ireland,2002,pv,1.5042167901992798,0.2860417068004608,6.0,96.29629516601562,82.53968048095703,100.0
ISRpv2002,ISR,Israel,2002,pv,-1.462138295173645,0.2860417068004608,6.0,11.11111068725586,2.6455025672912598,19.047618865966797
ITApv2002,ITA,Italy,2002,pv,0.8384298086166382,0.2860417068004608,6.0,75.661376953125,59.788360595703125,93.65079498291016
JAMpv2002,JAM,Jamaica,2002,pv,-0.20822952687740326,0.30092695355415344,5.0,40.211639404296875,25.396825790405273,53.439151763916016
JPNpv2002,JPN,Japan,2002,pv,1.1760225296020508,0.2860417068004608,6.0,88.88888549804688,70.37036895751953,99.47090148925781
JORpv2002,JOR,Jordan,2002,pv,-0.45677444338798523,0.30092695355415344,5.0,30.158729553222656,20.105819702148438,47.08994674682617
KAZpv2002,KAZ,Kazakhstan,2002,pv,0.35854917764663696,0.3160152733325958,4.0,58.730159759521484,41.269840240478516,76.71957397460938
KENpv2002,KEN,Kenya,2002,pv,-1.188014030456543,0.3160152733325958,4.0,16.931217193603516,5.2910051345825195,26.455026626586914
PRKpv2002,PRK,"Korea, Dem. Rep.",2002,pv,0.18799877166748047,0.3928815722465515,3.0,50.79365158081055,30.158729553222656,74.6031723022461
KORpv2002,KOR,"Korea, Rep.",2002,pv,0.2417736053466797,0.2860417068004608,6.0,52.380950927734375,39.153438568115234,70.37036895751953
KWTpv2002,KWT,Kuwait,2002,pv,-0.14674431085586548,0.3160152733325958,4.0,42.328041076660156,26.455026626586914,59.788360595703125
KGZpv2002,KGZ,Kyrgyz Republic,2002,pv,-0.6147305965423584,0.4362975060939789,2.0,26.984127044677734,12.698412895202637,48.14814758300781
LAOpv2002,LAO,Lao PDR,2002,pv,-0.10336966812610626,0.4362975060939789,2.0,43.3862419128418,21.164020538330078,68.25396728515625
LVApv2002,LVA,Latvia,2002,pv,0.94435715675354,0.30092695355415344,5.0,82.01058197021484,62.96296310424805,95.23809814453125
LBNpv2002,LBN,Lebanon,2002,pv,-0.35481521487236023,0.3160152733325958,4.0,31.746030807495117,20.105819702148438,50.264549255371094
LSOpv2002,LSO,Lesotho,2002,pv,-0.04742119088768959,0.4362975060939789,2.0,46.03174591064453,23.280424118041992,68.78306579589844
LBRpv2002,LBR,Liberia,2002,pv,-2.189619541168213,0.3928815722465515,3.0,1.0582010746002197,0.0,10.052909851074219
LBYpv2002,LBY,Libya,2002,pv,-0.09538080543279648,0.3160152733325958,4.0,43.91534423828125,26.984127044677734,62.433860778808594
LIEpv2002,LIE,Liechtenstein,2002,pv,1.2827669382095337,0.518141508102417,1.0,92.59259033203125,62.433860778808594,100.0
LTUpv2002,LTU,Lithuania,2002,pv,0.8932106494903564,0.30092695355415344,5.0,77.2486801147461,60.31745910644531,94.70899200439453
LUXpv2002,LUX,Luxembourg,2002,pv,1.6379165649414062,0.3613680303096771,4.0,99.47090148925781,83.06878662109375,100.0
MACpv2002,MAC,"Macao SAR, China",2002,pv,0.5474563837051392,0.518141508102417,1.0,67.72486877441406,33.33333206176758,94.70899200439453
MDGpv2002,MDG,Madagascar,2002,pv,-0.2253083437681198,0.3928815722465515,3.0,39.68254089355469,20.105819702148438,62.433860778808594
MWIpv2002,MWI,Malawi,2002,pv,0.008120139129459858,0.3160152733325958,4.0,47.08994674682617,29.100528717041016,65.60846710205078
MYSpv2002,MYS,Malaysia,2002,pv,0.5395941138267517,0.2860417068004608,6.0,66.13756561279297,48.14814758300781,82.53968048095703
MDVpv2002,MDV,Maldives,2002,pv,1.0771962404251099,0.4362975060939789,2.0,84.12698364257812,58.730159759521484,100.0
MLIpv2002,MLI,Mali,2002,pv,0.4108312129974365,0.3928815722465515,3.0,61.904762268066406,39.153438568115234,83.06878662109375
MLTpv2002,MLT,Malta,2002,pv,1.5982633829116821,0.3928815722465515,3.0,97.88359832763672,82.01058197021484,100.0
MTQpv2002,MTQ,Martinique,2002,pv,0.5474563837051392,0.518141508102417,1.0,67.72486877441406,33.33333206176758,94.70899200439453
MRTpv2002,MRT,Mauritania,2002,pv,0.3820466995239258,0.4362975060939789,2.0,60.31745910644531,31.746030807495117,86.2433853149414
MUSpv2002,MUS,Mauritius,2002,pv,1.1166541576385498,0.31915247440338135,4.0,86.7724838256836,68.25396728515625,99.47090148925781
MEXpv2002,MEX,Mexico,2002,pv,-0.05830826237797737,0.2860417068004608,6.0,45.502647399902344,28.042327880859375,61.37565994262695
MDApv2002,MDA,Moldova,2002,pv,-0.15663476288318634,0.3160152733325958,4.0,41.79894256591797,26.455026626586914,58.730159759521484
MNGpv2002,MNG,Mongolia,2002,pv,1.1709785461425781,0.3928815722465515,3.0,88.35978698730469,65.60846710205078,100.0
MARpv2002,MAR,Morocco,2002,pv,-0.26141852140426636,0.30092695355415344,5.0,37.03703689575195,23.809524536132812,51.85185241699219
MOZpv2002,MOZ,Mozambique,2002,pv,0.18849223852157593,0.3160152733325958,4.0,51.322750091552734,31.746030807495117,70.37036895751953
MMRpv2002,MMR,Myanmar,2002,pv,-1.4099576473236084,0.3160152733325958,4.0,12.698412895202637,2.6455025672912598,20.105819702148438
NAMpv2002,NAM,Namibia,2002,pv,0.1487511694431305,0.30092695355415344,5.0,49.735450744628906,31.746030807495117,68.78306579589844
NPLpv2002,NPL,Nepal,2002,pv,-1.7174628973007202,0.4362975060939789,2.0,5.2910051345825195,0.0,19.047618865966797
NLDpv2002,NLD,Netherlands,2002,pv,1.3026798963546753,0.2860417068004608,6.0,93.12169647216797,74.6031723022461,100.0
NZLpv2002,NZL,New Zealand,2002,pv,1.3203637599945068,0.2860417068004608,6.0,94.17989349365234,75.661376953125,100.0
NICpv2002,NIC,Nicaragua,2002,pv,-0.09318367391824722,0.30092695355415344,5.0,44.97354507446289,26.984127044677734,60.31745910644531
NERpv2002,NER,Niger,2002,pv,-0.12955479323863983,0.3928815722465515,3.0,42.85714340209961,22.751323699951172,65.60846710205078
NGApv2002,NGA,Nigeria,2002,pv,-1.6263293027877808,0.30092695355415344,5.0,7.407407283782959,1.0582010746002197,17.460317611694336
MKDpv2002,MKD,North Macedonia,2002,pv,-1.0382194519042969,0.33732521533966064,3.0,18.518518447875977,7.936507701873779,29.629629135131836
NORpv2002,NOR,Norway,2002,pv,1.6083461046218872,0.2860417068004608,6.0,98.4126968383789,86.7724838256836,100.0
OMNpv2002,OMN,Oman,2002,pv,0.9285774230957031,0.3160152733325958,4.0,80.42327880859375,61.37565994262695,95.23809814453125
PAKpv2002,PAK,Pakistan,2002,pv,-1.637678623199463,0.3160152733325958,4.0,6.349206447601318,1.0582010746002197,17.460317611694336
PANpv2002,PAN,Panama,2002,pv,0.34592798352241516,0.30092695355415344,5.0,57.671958923339844,41.79894256591797,75.661376953125
PNGpv2002,PNG,Papua New Guinea,2002,pv,-0.5501699447631836,0.3160152733325958,4.0,28.042327880859375,17.460317611694336,46.03174591064453
PRYpv2002,PRY,Paraguay,2002,pv,-1.2113512754440308,0.30092695355415344,5.0,15.343914985656738,5.2910051345825195,25.396825790405273
PERpv2002,PER,Peru,2002,pv,-0.9699098467826843,0.30092695355415344,5.0,20.105819702148438,10.582010269165039,29.629629135131836
PHLpv2002,PHL,Philippines,2002,pv,-0.8587533235549927,0.2860417068004608,6.0,20.634920120239258,12.698412895202637,31.216930389404297
POLpv2002,POL,Poland,2002,pv,0.7439978122711182,0.2860417068004608,6.0,71.42857360839844,52.91005325317383,89.4179916381836
PRTpv2002,PRT,Portugal,2002,pv,1.4370481967926025,0.2860417068004608,6.0,95.23809814453125,82.53968048095703,100.0
PRIpv2002,PRI,Puerto Rico,2002,pv,0.30235281586647034,0.518141508102417,1.0,56.08465576171875,28.042327880859375,86.7724838256836
QATpv2002,QAT,Qatar,2002,pv,0.8312089443206787,0.3160152733325958,4.0,74.6031723022461,56.6137580871582,94.17989349365234
ROMpv2002,ROM,Romania,2002,pv,0.4648403227329254,0.30092695355415344,5.0,63.492061614990234,46.03174591064453,82.53968048095703
RUSpv2002,RUS,Russian Federation,2002,pv,-0.7245122790336609,0.2860417068004608,6.0,24.867725372314453,15.873015403747559,37.566139221191406
RWApv2002,RWA,Rwanda,2002,pv,-1.6515132188796997,0.4362975060939789,2.0,5.820106029510498,0.0,20.105819702148438
WSMpv2002,WSM,Samoa,2002,pv,1.0971990823745728,0.4362975060939789,2.0,86.2433853149414,59.788360595703125,100.0
SAUpv2002,SAU,Saudi Arabia,2002,pv,0.0024243241641670465,0.3160152733325958,4.0,46.560848236083984,28.042327880859375,65.60846710205078
SENpv2002,SEN,Senegal,2002,pv,-0.27394357323646545,0.3160152733325958,4.0,35.97883605957031,21.6931209564209,52.380950927734375
SRBpv2002,SRB,Serbia,2002,pv,-0.5125460028648376,0.3160152733325958,4.0,29.100528717041016,19.047618865966797,46.560848236083984
SYCpv2002,SYC,Seychelles,2002,pv,0.903408944606781,0.4362975060939789,2.0,77.77777862548828,50.264549255371094,98.4126968383789
SLEpv2002,SLE,Sierra Leone,2002,pv,-0.6913959980010986,0.3928815722465515,3.0,25.925926208496094,12.698412895202637,46.03174591064453
SGPpv2002,SGP,Singapore,2002,pv,1.2535662651062012,0.2860417068004608,6.0,90.47618865966797,71.42857360839844,99.47090148925781
SVKpv2002,SVK,Slovak Republic,2002,pv,0.940030038356781,0.2860417068004608,6.0,81.48148345947266,64.02116394042969,94.70899200439453
SVNpv2002,SVN,Slovenia,2002,pv,1.303833246231079,0.2860417068004608,6.0,93.65079498291016,74.6031723022461,100.0
SLBpv2002,SLB,Solomon Islands,2002,pv,-0.43754518032073975,0.6438470482826233,1.0,30.687829971313477,10.582010269165039,68.25396728515625
SOMpv2002,SOM,Somalia,2002,pv,-2.3689520359039307,0.3928815722465515,3.0,0.0,0.0,4.761904716491699
ZAFpv2002,ZAF,South Africa,2002,pv,-0.2547898590564728,0.2860417068004608,6.0,38.095237731933594,24.867725372314453,51.85185241699219
ESPpv2002,ESP,Spain,2002,pv,0.4382260739803314,0.2860417068004608,6.0,62.96296310424805,46.03174591064453,77.77777862548828
LKApv2002,LKA,Sri Lanka,2002,pv,-0.7776288986206055,0.30092695355415344,5.0,22.22222137451172,13.756613731384277,34.92063522338867
LCApv2002,LCA,St. Lucia,2002,pv,0.36293163895606995,0.6438470482826233,1.0,59.788360595703125,25.396825790405273,94.70899200439453
VCTpv2002,VCT,St. Vincent and the Grenadines,2002,pv,0.36293163895606995,0.6438470482826233,1.0,59.788360595703125,25.396825790405273,94.70899200439453
SDNpv2002,SDN,Sudan,2002,pv,-1.846431016921997,0.3160152733325958,4.0,3.7037036418914795,0.0,12.698412895202637
SURpv2002,SUR,Suriname,2002,pv,0.4926833510398865,0.3928815722465515,3.0,65.0793685913086,41.79894256591797,86.7724838256836
SWEpv2002,SWE,Sweden,2002,pv,1.4752575159072876,0.2860417068004608,6.0,95.76719665527344,82.53968048095703,100.0
CHEpv2002,CHE,Switzerland,2002,pv,1.5423681735992432,0.2860417068004608,6.0,97.35449981689453,83.59788513183594,100.0
SYRpv2002,SYR,Syrian Arab Republic,2002,pv,0.277536004781723,0.3160152733325958,4.0,53.439151763916016,39.153438568115234,73.01587677001953
STPpv2002,STP,São Tomé and Principe,2002,pv,0.555834174156189,0.4362975060939789,2.0,68.25396728515625,41.269840240478516,91.53439331054688
TWNpv2002,TWN,"Taiwan, China",2002,pv,0.69852614402771,0.2860417068004608,6.0,70.37036895751953,51.85185241699219,87.8306884765625
TJKpv2002,TJK,Tajikistan,2002,pv,-0.9823079705238342,0.4362975060939789,2.0,19.576719284057617,5.2910051345825195,36.507938385009766
TZApv2002,TZA,Tanzania,2002,pv,-0.2532893121242523,0.3160152733325958,4.0,38.62434005737305,23.280424118041992,52.91005325317383
THApv2002,THA,Thailand,2002,pv,0.5062766671180725,0.2860417068004608,6.0,65.60846710205078,47.08994674682617,82.53968048095703
TMPpv2002,TMP,Timor-Leste,2002,pv,-0.48689037561416626,0.4362975060939789,2.0,29.629629135131836,15.873015403747559,51.85185241699219
TGOpv2002,TGO,Togo,2002,pv,0.057386960834264755,0.3928815722465515,3.0,47.619049072265625,26.984127044677734,70.37036895751953
TTOpv2002,TTO,Trinidad and Tobago,2002,pv,-0.09429215639829636,0.30092695355415344,5.0,44.44444274902344,26.984127044677734,60.31745910644531
TUNpv2002,TUN,Tunisia,2002,pv,0.15422579646110535,0.30092695355415344,5.0,50.264549255371094,31.746030807495117,68.78306579589844
TKMpv2002,TKM,Turkmenistan,2002,pv,0.07041774690151215,0.4362975060939789,2.0,48.14814758300781,26.455026626586914,71.42857360839844
TURpv2002,TUR,Türkiye,2002,pv,-0.8034750819206238,0.2860417068004608,6.0,21.6931209564209,13.756613731384277,31.746030807495117
UGApv2002,UGA,Uganda,2002,pv,-1.4174376726150513,0.3160152733325958,4.0,12.169312477111816,2.6455025672912598,20.105819702148438
UKRpv2002,UKR,Ukraine,2002,pv,-0.2934851348400116,0.30092695355415344,5.0,34.39153289794922,21.6931209564209,51.85185241699219
AREpv2002,ARE,United Arab Emirates,2002,pv,0.9372751116752625,0.3160152733325958,4.0,80.95237731933594,62.433860778808594,95.23809814453125
GBRpv2002,GBR,United Kingdom,2002,pv,0.6725913286209106,0.2860417068004608,6.0,69.31217193603516,51.85185241699219,86.7724838256836
USApv2002,USA,United States,2002,pv,0.2854769229888916,0.2860417068004608,6.0,53.96825408935547,40.211639404296875,71.42857360839844
URYpv2002,URY,Uruguay,2002,pv,0.8383273482322693,0.30092695355415344,5.0,75.13227844238281,57.14285659790039,94.17989349365234
UZBpv2002,UZB,Uzbekistan,2002,pv,-1.0568835735321045,0.33732521533966064,3.0,17.989418029785156,7.407407283782959,29.100528717041016
VUTpv2002,VUT,Vanuatu,2002,pv,1.1634085178375244,0.6438470482826233,1.0,87.8306884765625,48.14814758300781,100.0
VENpv2002,VEN,"Venezuela, RB",2002,pv,-1.3178972005844116,0.2860417068004608,6.0,13.227513313293457,3.7037036418914795,20.634920120239258
VNMpv2002,VNM,Viet Nam,2002,pv,0.35368114709854126,0.30092695355415344,5.0,58.20105743408203,42.328041076660156,75.661376953125
WBGpv2002,WBG,West Bank and Gaza,2002,pv,-1.7434074878692627,0.4362975060939789,2.0,4.232804298400879,0.0,19.047618865966797
YEMpv2002,YEM,"Yemen, Rep.",2002,pv,-1.3068804740905762,0.3160152733325958,4.0,13.756613731384277,3.7037036418914795,21.6931209564209
ZMBpv2002,ZMB,Zambia,2002,pv,-0.27440547943115234,0.3160152733325958,4.0,35.44973373413086,21.6931209564209,52.380950927734375
ZWEpv2002,ZWE,Zimbabwe,2002,pv,-1.515870213508606,0.30092695355415344,5.0,10.582010269165039,1.5873016119003296,19.047618865966797
AFGpv2003,AFG,Afghanistan,2003,pv,-2.1983723640441895,0.3496415615081787,2.0,2.0100502967834473,0.0,6.030150890350342
ALBpv2003,ALB,Albania,2003,pv,-0.3097802400588989,0.3305095434188843,3.0,36.180904388427734,22.110551834106445,51.256282806396484
DZApv2003,DZA,Algeria,2003,pv,-1.7544090747833252,0.29205846786499023,5.0,5.527637958526611,1.5075377225875854,12.562813758850098
ADOpv2003,ADO,Andorra,2003,pv,1.465131163597107,0.3496415615081787,2.0,98.49246215820312,76.8844223022461,100.0
AGOpv2003,AGO,Angola,2003,pv,-1.0073858499526978,0.29205846786499023,5.0,19.597990036010742,9.045226097106934,29.145729064941406
ATGpv2003,ATG,Antigua and Barbuda,2003,pv,0.8656901121139526,0.3496415615081787,2.0,74.87437438964844,54.271358489990234,96.98492431640625
ARGpv2003,ARG,Argentina,2003,pv,-0.3598381280899048,0.2828465700149536,6.0,35.175880432128906,23.115577697753906,47.23617935180664
ARMpv2003,ARM,Armenia,2003,pv,0.23696623742580414,0.3305095434188843,3.0,51.758792877197266,36.180904388427734,71.85929870605469
AUSpv2003,AUS,Australia,2003,pv,0.8781172037124634,0.2828465700149536,6.0,75.87939453125,59.29648208618164,96.48241424560547
AUTpv2003,AUT,Austria,2003,pv,0.9620024561882019,0.2828465700149536,6.0,80.40200805664062,63.31658172607422,96.98492431640625
AZEpv2003,AZE,Azerbaijan,2003,pv,-0.9481003880500793,0.3015846610069275,4.0,21.105527877807617,9.547739028930664,30.150753021240234
BHSpv2003,BHS,"Bahamas, The",2003,pv,0.826347827911377,0.3305095434188843,3.0,72.36180877685547,54.271358489990234,96.98492431640625
BHRpv2003,BHR,Bahrain,2003,pv,0.4839189946651459,0.3015846610069275,4.0,62.31155776977539,41.206031799316406,80.90452575683594
BGDpv2003,BGD,Bangladesh,2003,pv,-1.1155811548233032,0.29205846786499023,5.0,16.582914352416992,6.030150890350342,27.63819122314453
BRBpv2003,BRB,Barbados,2003,pv,0.9189485907554626,0.3496415615081787,2.0,78.89447021484375,58.29145812988281,98.49246215820312
BLRpv2003,BLR,Belarus,2003,pv,0.6930299401283264,0.3305095434188843,3.0,69.8492431640625,49.24623107910156,94.47235870361328
BELpv2003,BEL,Belgium,2003,pv,0.8582378029823303,0.2828465700149536,6.0,74.37185668945312,59.29648208618164,95.97989654541016
BLZpv2003,BLZ,Belize,2003,pv,0.4860820472240448,0.3496415615081787,2.0,63.31658172607422,40.20100402832031,84.42211151123047
BENpv2003,BEN,Benin,2003,pv,0.6792858242988586,0.3496415615081787,2.0,69.34673309326172,47.23617935180664,94.9748764038086
BMUpv2003,BMU,Bermuda,2003,pv,0.8517200350761414,0.41270142793655396,1.0,73.86934661865234,49.74874496459961,98.9949722290039
BTNpv2003,BTN,Bhutan,2003,pv,0.9189485907554626,0.3496415615081787,2.0,78.89447021484375,58.29145812988281,98.49246215820312
BOLpv2003,BOL,Bolivia,2003,pv,-0.8348851799964905,0.29205846786499023,5.0,22.613065719604492,11.055275917053223,35.175880432128906
BIHpv2003,BIH,Bosnia and Herzegovina,2003,pv,-0.4056835174560547,0.3159085810184479,3.0,32.66331481933594,21.105527877807617,47.23617935180664
BWApv2003,BWA,Botswana,2003,pv,1.1049375534057617,0.29205846786499023,5.0,85.42713928222656,66.33165740966797,99.49748992919922
BRApv2003,BRA,Brazil,2003,pv,0.004213934298604727,0.2828465700149536,6.0,41.70854187011719,29.64824104309082,60.30150604248047
BRNpv2003,BRN,Brunei Darussalam,2003,pv,1.144425868988037,0.3305095434188843,3.0,86.93467712402344,65.82914733886719,99.49748992919922
BGRpv2003,BGR,Bulgaria,2003,pv,0.17352549731731415,0.29205846786499023,5.0,49.74874496459961,36.180904388427734,68.34170532226562
BFApv2003,BFA,Burkina Faso,2003,pv,0.06712006777524948,0.3305095434188843,3.0,45.728641510009766,29.64824104309082,65.82914733886719
BDIpv2003,BDI,Burundi,2003,pv,-2.2448313236236572,0.3496415615081787,2.0,1.5075377225875854,0.0,5.527637958526611
KHMpv2003,KHM,Cambodia,2003,pv,-0.6520085334777832,0.3159085810184479,3.0,27.135679244995117,15.075376510620117,39.195980072021484
CMRpv2003,CMR,Cameroon,2003,pv,-0.42947065830230713,0.29205846786499023,5.0,31.155778884887695,21.60803985595703,43.21607971191406
CANpv2003,CAN,Canada,2003,pv,1.0530767440795898,0.2828465700149536,6.0,84.42211151123047,65.32662963867188,98.49246215820312
CPVpv2003,CPV,Cape Verde,2003,pv,0.9189485907554626,0.3496415615081787,2.0,78.89447021484375,58.29145812988281,98.49246215820312
CYMpv2003,CYM,Cayman Islands,2003,pv,0.8517200350761414,0.41270142793655396,1.0,73.86934661865234,49.74874496459961,98.9949722290039
CAFpv2003,CAF,Central African Republic,2003,pv,-1.5388734340667725,0.3496415615081787,2.0,8.040201187133789,2.5125627517700195,20.100502014160156
TCDpv2003,TCD,Chad,2003,pv,-1.3724302053451538,0.33503246307373047,3.0,10.552763938903809,4.0201005935668945,23.115577697753906
CHLpv2003,CHL,Chile,2003,pv,0.7616119384765625,0.2828465700149536,6.0,70.8542709350586,54.773868560791016,94.47235870361328
CHNpv2003,CHN,China,2003,pv,-0.5653579235076904,0.2828465700149536,6.0,28.64321517944336,19.095478057861328,40.20100402832031
COLpv2003,COL,Colombia,2003,pv,-2.3760268688201904,0.2828465700149536,6.0,1.0050251483917236,0.0,4.0201005935668945
COMpv2003,COM,Comoros,2003,pv,-0.6731405258178711,0.3496415615081787,2.0,26.63316535949707,13.567839622497559,40.20100402832031
ZARpv2003,ZAR,"Congo, Dem. Rep.",2003,pv,-2.027869939804077,0.3305095434188843,3.0,3.517587900161743,0.0,9.045226097106934
COGpv2003,COG,"Congo, Rep.",2003,pv,-1.1702203750610352,0.3305095434188843,3.0,15.075376510620117,5.527637958526611,27.63819122314453
CRIpv2003,CRI,Costa Rica,2003,pv,0.5957565903663635,0.29205846786499023,5.0,65.82914733886719,47.73869323730469,84.92462158203125
HRVpv2003,HRV,Croatia,2003,pv,0.5584958791732788,0.29205846786499023,5.0,64.32160949707031,46.23115539550781,83.41708374023438
CUBpv2003,CUB,Cuba,2003,pv,0.316652774810791,0.3015846610069275,4.0,56.78392028808594,38.69346618652344,71.85929870605469
CYPpv2003,CYP,Cyprus,2003,pv,0.532275915145874,0.3015846610069275,4.0,63.819095611572266,42.211055755615234,82.41206359863281
CZEpv2003,CZE,Czech Republic,2003,pv,0.8870581388473511,0.2828465700149536,6.0,76.8844223022461,59.29648208618164,96.98492431640625
CIVpv2003,CIV,Côte d'Ivoire,2003,pv,-1.803262710571289,0.3015846610069275,4.0,5.025125503540039,1.0050251483917236,11.055275917053223
DNKpv2003,DNK,Denmark,2003,pv,1.2038156986236572,0.2828465700149536,6.0,93.9698486328125,70.35176086425781,99.49748992919922
DJIpv2003,DJI,Djibouti,2003,pv,-0.9128032326698303,0.3496415615081787,2.0,21.60803985595703,9.045226097106934,35.175880432128906
DMApv2003,DMA,Dominica,2003,pv,0.6724863648414612,0.3496415615081787,2.0,68.84422302246094,46.73366928100586,94.47235870361328
DOMpv2003,DOM,Dominican Republic,2003,pv,-0.4198944568634033,0.29205846786499023,5.0,31.65829086303711,21.60803985595703,43.71859359741211
ECUpv2003,ECU,Ecuador,2003,pv,-0.9610565900802612,0.29205846786499023,5.0,20.603015899658203,9.547739028930664,29.64824104309082
EGYpv2003,EGY,"Egypt, Arab Rep.",2003,pv,-0.6409245133399963,0.29205846786499023,5.0,27.63819122314453,16.080402374267578,38.69346618652344
SLVpv2003,SLV,El Salvador,2003,pv,-0.18075387179851532,0.29205846786499023,5.0,38.69346618652344,26.63316535949707,54.773868560791016
GNQpv2003,GNQ,Equatorial Guinea,2003,pv,0.11463074386119843,0.3159085810184479,3.0,47.73869323730469,32.66331481933594,67.33668518066406
ERIpv2003,ERI,Eritrea,2003,pv,-0.7195994853973389,0.3496415615081787,2.0,26.130653381347656,12.060301780700684,38.69346618652344
ESTpv2003,EST,Estonia,2003,pv,0.8947862386703491,0.2828465700149536,6.0,77.38693237304688,59.29648208618164,96.98492431640625
SWZpv2003,SWZ,Eswatini,2003,pv,0.0662459284067154,0.3496415615081787,2.0,45.226131439208984,29.145729064941406,67.83919525146484
ETHpv2003,ETH,Ethiopia,2003,pv,-1.4096044301986694,0.29205846786499023,5.0,10.050251007080078,4.522613048553467,21.105527877807617
FJIpv2003,FJI,Fiji,2003,pv,0.4526534378528595,0.3496415615081787,2.0,60.30150604248047,39.69849395751953,82.41206359863281
FINpv2003,FIN,Finland,2003,pv,1.6870174407958984,0.2828465700149536,6.0,100.0,94.47235870361328,100.0
FRApv2003,FRA,France,2003,pv,0.17955106496810913,0.2828465700149536,6.0,50.25125503540039,36.68341827392578,67.83919525146484
GUFpv2003,GUF,French Guiana,2003,pv,0.3133617043495178,0.41270142793655396,1.0,56.28140640258789,34.67336654663086,80.90452575683594
GABpv2003,GAB,Gabon,2003,pv,0.2990385591983795,0.3015846610069275,4.0,55.27638244628906,37.68844223022461,71.85929870605469
GMBpv2003,GMB,"Gambia, The",2003,pv,0.3224301040172577,0.31808802485466003,4.0,58.29145812988281,37.68844223022461,72.36180877685547
GEOpv2003,GEO,Georgia,2003,pv,-1.2992106676101685,0.3496415615081787,2.0,11.557788848876953,4.522613048553467,25.628141403198242
DEUpv2003,DEU,Germany,2003,pv,0.5778592228889465,0.2828465700149536,6.0,64.8241195678711,47.23617935180664,83.41708374023438
GHApv2003,GHA,Ghana,2003,pv,0.02918657846748829,0.29205846786499023,5.0,42.211055755615234,30.150753021240234,63.31658172607422
GRCpv2003,GRC,Greece,2003,pv,0.4776363670825958,0.2828465700149536,6.0,60.804019927978516,41.70854187011719,78.89447021484375
GRDpv2003,GRD,Grenada,2003,pv,0.8855199813842773,0.3496415615081787,2.0,76.38191223144531,55.27638244628906,97.48743438720703
GTMpv2003,GTM,Guatemala,2003,pv,-0.7747966051101685,0.29205846786499023,5.0,24.62311553955078,13.567839622497559,36.180904388427734
GINpv2003,GIN,Guinea,2003,pv,-0.7888953685760498,0.3305095434188843,3.0,23.61808967590332,10.552763938903809,37.68844223022461
GNBpv2003,GNB,Guinea-Bissau,2003,pv,-0.4941844940185547,0.3305095434188843,3.0,29.64824104309082,19.095478057861328,43.21607971191406
GUYpv2003,GUY,Guyana,2003,pv,-0.4363193213939667,0.3305095434188843,3.0,30.65326690673828,20.100502014160156,47.23617935180664
HTIpv2003,HTI,Haiti,2003,pv,-1.3154231309890747,0.31808802485466003,4.0,11.055275917053223,4.522613048553467,23.115577697753906
HNDpv2003,HND,Honduras,2003,pv,-0.3798580765724182,0.29205846786499023,5.0,33.66834259033203,21.60803985595703,46.73366928100586
HKGpv2003,HKG,"Hong Kong SAR, China",2003,pv,0.9478804469108582,0.3132524788379669,5.0,79.39698791503906,59.79899597167969,97.48743438720703
HUNpv2003,HUN,Hungary,2003,pv,1.1318639516830444,0.2828465700149536,6.0,86.43215942382812,68.34170532226562,99.49748992919922
ISLpv2003,ISL,Iceland,2003,pv,1.5172321796417236,0.30628979206085205,5.0,98.9949722290039,82.41206359863281,100.0
INDpv2003,IND,India,2003,pv,-1.509997010231018,0.2828465700149536,6.0,9.045226097106934,4.0201005935668945,19.095478057861328
IDNpv2003,IDN,Indonesia,2003,pv,-2.0953948497772217,0.2828465700149536,6.0,3.015075445175171,0.0,6.030150890350342
IRNpv2003,IRN,"Iran, Islamic Rep.",2003,pv,-0.7797331809997559,0.3015846610069275,4.0,24.120603561401367,12.562813758850098,36.68341827392578
IRQpv2003,IRQ,Iraq,2003,pv,-2.393245220184326,0.3015846610069275,4.0,0.5025125741958618,0.0,4.0201005935668945
IRLpv2003,IRL,Ireland,2003,pv,1.34845769405365,0.2828465700149536,6.0,96.98492431640625,75.87939453125,100.0
ISRpv2003,ISR,Israel,2003,pv,-1.5187844038009644,0.2828465700149536,6.0,8.542713165283203,3.517587900161743,19.095478057861328
ITApv2003,ITA,Italy,2003,pv,0.4314883351325989,0.2828465700149536,6.0,59.79899597167969,41.206031799316406,77.38693237304688
JAMpv2003,JAM,Jamaica,2003,pv,-0.38452479243278503,0.29205846786499023,5.0,33.165828704833984,21.60803985595703,46.73366928100586
JPNpv2003,JPN,Japan,2003,pv,1.0271201133728027,0.2828465700149536,6.0,82.9145736694336,64.32160949707031,98.49246215820312
JORpv2003,JOR,Jordan,2003,pv,-0.07370138168334961,0.2828465700149536,6.0,40.70351791381836,29.145729064941406,59.29648208618164
KAZpv2003,KAZ,Kazakhstan,2003,pv,0.35625991225242615,0.3015846610069275,4.0,58.793968200683594,39.195980072021484,72.36180877685547
KENpv2003,KEN,Kenya,2003,pv,-1.2638689279556274,0.29205846786499023,5.0,13.567839622497559,5.527637958526611,23.61808967590332
KIRpv2003,KIR,Kiribati,2003,pv,1.1697852611541748,0.5567684769630432,1.0,91.95980072021484,52.76382064819336,100.0
PRKpv2003,PRK,"Korea, Dem. Rep.",2003,pv,0.2245669811964035,0.3305095434188843,3.0,51.256282806396484,35.175880432128906,71.85929870605469
KORpv2003,KOR,"Korea, Rep.",2003,pv,0.24854309856891632,0.2828465700149536,6.0,52.76382064819336,37.68844223022461,70.35176086425781
KWTpv2003,KWT,Kuwait,2003,pv,0.29428690671920776,0.3015846610069275,4.0,54.773868560791016,37.68844223022461,71.85929870605469
KGZpv2003,KGZ,Kyrgyz Republic,2003,pv,-1.0994917154312134,0.3496415615081787,2.0,18.090452194213867,5.527637958526611,29.145729064941406
LAOpv2003,LAO,Lao PDR,2003,pv,-1.2323535680770874,0.3496415615081787,2.0,14.070351600646973,4.522613048553467,26.63316535949707
LVApv2003,LVA,Latvia,2003,pv,1.001643180847168,0.29205846786499023,5.0,81.9095458984375,63.31658172607422,98.49246215820312
LBNpv2003,LBN,Lebanon,2003,pv,-0.45964258909225464,0.3015846610069275,4.0,30.150753021240234,20.603015899658203,42.211055755615234
LSOpv2003,LSO,Lesotho,2003,pv,0.09967454522848129,0.3496415615081787,2.0,47.23617935180664,29.64824104309082,68.84422302246094
LBRpv2003,LBR,Liberia,2003,pv,-2.159392833709717,0.3305095434188843,3.0,2.5125627517700195,0.0,6.030150890350342
LBYpv2003,LBY,Libya,2003,pv,0.12070422619581223,0.3015846610069275,4.0,48.241207122802734,33.66834259033203,65.82914733886719
LIEpv2003,LIE,Liechtenstein,2003,pv,1.465131163597107,0.3496415615081787,2.0,98.49246215820312,76.8844223022461,100.0
LTUpv2003,LTU,Lithuania,2003,pv,1.0501854419708252,0.29205846786499023,5.0,83.91960144042969,64.32160949707031,98.9949722290039
LUXpv2003,LUX,Luxembourg,2003,pv,1.4407081604003906,0.30628979206085205,5.0,97.48743438720703,78.89447021484375,100.0
MACpv2003,MAC,"Macao SAR, China",2003,pv,1.1208992004394531,0.41270142793655396,1.0,85.92964935302734,59.79899597167969,100.0
MDGpv2003,MDG,Madagascar,2003,pv,0.6224439740180969,0.31808802485466003,4.0,66.33165740966797,47.23617935180664,86.43215942382812
MWIpv2003,MWI,Malawi,2003,pv,0.04157675802707672,0.29205846786499023,5.0,42.71356964111328,30.150753021240234,63.31658172607422
MYSpv2003,MYS,Malaysia,2003,pv,0.4855348765850067,0.2828465700149536,6.0,62.81407165527344,41.70854187011719,79.89949798583984
MDVpv2003,MDV,Maldives,2003,pv,1.0322647094726562,0.3496415615081787,2.0,83.41708374023438,60.30150604248047,99.49748992919922
MLIpv2003,MLI,Mali,2003,pv,0.2577018141746521,0.31808802485466003,4.0,53.26633071899414,36.68341827392578,71.85929870605469
MLTpv2003,MLT,Malta,2003,pv,1.547776222229004,0.31808802485466003,4.0,99.49748992919922,82.41206359863281,100.0
MHLpv2003,MHL,Marshall Islands,2003,pv,1.1697852611541748,0.5567684769630432,1.0,91.95980072021484,52.76382064819336,100.0
MTQpv2003,MTQ,Martinique,2003,pv,0.8517200350761414,0.41270142793655396,1.0,73.86934661865234,49.74874496459961,98.9949722290039
MRTpv2003,MRT,Mauritania,2003,pv,0.059730738401412964,0.3496415615081787,2.0,44.22110366821289,29.145729064941406,67.33668518066406
MUSpv2003,MUS,Mauritius,2003,pv,1.0094144344329834,0.3050091862678528,4.0,82.41206359863281,63.31658172607422,98.49246215820312
MEXpv2003,MEX,Mexico,2003,pv,-0.11687808483839035,0.2828465700149536,6.0,40.20100402832031,28.140703201293945,58.29145812988281
FSMpv2003,FSM,"Micronesia, Fed. Sts.",2003,pv,0.6295895576477051,0.5567684769630432,1.0,67.33668518066406,36.68341827392578,98.9949722290039
MDApv2003,MDA,Moldova,2003,pv,-0.13132472336292267,0.3015846610069275,4.0,39.69849395751953,27.63819122314453,59.29648208618164
MCOpv2003,MCO,Monaco,2003,pv,1.1697852611541748,0.5567684769630432,1.0,91.95980072021484,52.76382064819336,100.0
MNGpv2003,MNG,Mongolia,2003,pv,0.9632941484451294,0.3305095434188843,3.0,80.90452575683594,59.29648208618164,98.49246215820312
MARpv2003,MAR,Morocco,2003,pv,-0.4070073664188385,0.29205846786499023,5.0,32.160804748535156,21.60803985595703,45.728641510009766
MOZpv2003,MOZ,Mozambique,2003,pv,0.24609850347042084,0.29205846786499023,5.0,52.26130676269531,37.68844223022461,70.35176086425781
MMRpv2003,MMR,Myanmar,2003,pv,-1.1537435054779053,0.3015846610069275,4.0,16.080402374267578,5.527637958526611,26.63316535949707
NAMpv2003,NAM,Namibia,2003,pv,0.4780743420124054,0.29205846786499023,5.0,61.30653381347656,41.206031799316406,79.89949798583984
NRUpv2003,NRU,Nauru,2003,pv,1.1697852611541748,0.5567684769630432,1.0,91.95980072021484,52.76382064819336,100.0
NPLpv2003,NPL,Nepal,2003,pv,-1.8918523788452148,0.3496415615081787,2.0,4.522613048553467,0.0,10.552763938903809
NLDpv2003,NLD,Netherlands,2003,pv,1.1618056297302246,0.2828465700149536,6.0,87.43718719482422,69.8492431640625,99.49748992919922
NZLpv2003,NZL,New Zealand,2003,pv,1.1883748769760132,0.2828465700149536,6.0,93.46733856201172,70.35176086425781,99.49748992919922
NICpv2003,NIC,Nicaragua,2003,pv,-0.3682992160320282,0.29205846786499023,5.0,34.17085266113281,22.110551834106445,47.23617935180664
NERpv2003,NER,Niger,2003,pv,0.04219488799571991,0.3305095434188843,3.0,43.21607971191406,29.145729064941406,65.32662963867188
NGApv2003,NGA,Nigeria,2003,pv,-1.63558828830719,0.29205846786499023,5.0,6.030150890350342,2.5125627517700195,15.577889442443848
MKDpv2003,MKD,North Macedonia,2003,pv,-0.9881947040557861,0.3050091862678528,4.0,20.100502014160156,9.045226097106934,29.64824104309082
NORpv2003,NOR,Norway,2003,pv,1.2045562267303467,0.2828465700149536,6.0,94.47235870361328,70.35176086425781,99.49748992919922
OMNpv2003,OMN,Oman,2003,pv,1.061505675315857,0.3015846610069275,4.0,84.92462158203125,64.32160949707031,99.49748992919922
PAKpv2003,PAK,Pakistan,2003,pv,-1.5490459203720093,0.29205846786499023,5.0,7.537688255310059,3.015075445175171,19.095478057861328
PLWpv2003,PLW,Palau,2003,pv,1.1697852611541748,0.5567684769630432,1.0,91.95980072021484,52.76382064819336,100.0
PANpv2003,PAN,Panama,2003,pv,0.07322954386472702,0.29205846786499023,5.0,46.23115539550781,32.160804748535156,63.819095611572266
PNGpv2003,PNG,Papua New Guinea,2003,pv,-0.5590173602104187,0.3015846610069275,4.0,29.145729064941406,19.095478057861328,40.70351791381836
PRYpv2003,PRY,Paraguay,2003,pv,-0.7493515610694885,0.29205846786499023,5.0,25.628141403198242,14.070351600646973,36.68341827392578
PERpv2003,PER,Peru,2003,pv,-1.1621016263961792,0.29205846786499023,5.0,15.577889442443848,5.527637958526611,26.130653381347656
PHLpv2003,PHL,Philippines,2003,pv,-1.559809684753418,0.2828465700149536,6.0,7.035175800323486,3.517587900161743,18.090452194213867
POLpv2003,POL,Poland,2003,pv,0.5780850648880005,0.2828465700149536,6.0,65.32662963867188,47.23617935180664,83.41708374023438
PRTpv2003,PRT,Portugal,2003,pv,1.2896888256072998,0.2828465700149536,6.0,95.97989654541016,71.85929870605469,100.0
PRIpv2003,PRI,Puerto Rico,2003,pv,0.3133617043495178,0.41270142793655396,1.0,56.28140640258789,34.67336654663086,80.90452575683594
QATpv2003,QAT,Qatar,2003,pv,1.1864813566207886,0.3015846610069275,4.0,92.46231079101562,69.34673309326172,99.49748992919922
ROMpv2003,ROM,Romania,2003,pv,0.3200301229953766,0.2828465700149536,6.0,57.788944244384766,39.195980072021484,71.85929870605469
RUSpv2003,RUS,Russian Federation,2003,pv,-1.193151831626892,0.2828465700149536,6.0,14.572864532470703,5.527637958526611,25.628141403198242
RWApv2003,RWA,Rwanda,2003,pv,-1.1125221252441406,0.3496415615081787,2.0,17.085426330566406,5.527637958526611,29.145729064941406
WSMpv2003,WSM,Samoa,2003,pv,1.2719274759292603,0.3496415615081787,2.0,95.47738647460938,69.8492431640625,100.0
SMRpv2003,SMR,San Marino,2003,pv,1.1697852611541748,0.5567684769630432,1.0,91.95980072021484,52.76382064819336,100.0
SAUpv2003,SAU,Saudi Arabia,2003,pv,0.14101764559745789,0.3015846610069275,4.0,49.24623107910156,35.175880432128906,67.33668518066406
SENpv2003,SEN,Senegal,2003,pv,-0.2501779794692993,0.29205846786499023,5.0,37.18592834472656,25.628141403198242,51.256282806396484
SRBpv2003,SRB,Serbia,2003,pv,-0.5825420618057251,0.29205846786499023,5.0,28.140703201293945,19.095478057861328,40.20100402832031
SYCpv2003,SYC,Seychelles,2003,pv,0.6458572149276733,0.3496415615081787,2.0,68.34170532226562,45.728641510009766,94.47235870361328
SLEpv2003,SLE,Sierra Leone,2003,pv,-1.0812102556228638,0.3305095434188843,3.0,19.095478057861328,6.030150890350342,29.145729064941406
SGPpv2003,SGP,Singapore,2003,pv,0.8765360116958618,0.2828465700149536,6.0,75.37688446044922,59.29648208618164,95.97989654541016
SVKpv2003,SVK,Slovak Republic,2003,pv,0.9479334950447083,0.2828465700149536,6.0,79.89949798583984,62.31155776977539,96.98492431640625
SVNpv2003,SVN,Slovenia,2003,pv,1.1864944696426392,0.2828465700149536,6.0,92.9648208618164,70.35176086425781,99.49748992919922
SLBpv2003,SLB,Solomon Islands,2003,pv,0.35949164628982544,0.5567684769630432,1.0,59.29648208618164,29.145729064941406,95.47738647460938
SOMpv2003,SOM,Somalia,2003,pv,-2.5748209953308105,0.3305095434188843,3.0,0.0,0.0,3.015075445175171
ZAFpv2003,ZAF,South Africa,2003,pv,-0.31284257769584656,0.2828465700149536,6.0,35.67839050292969,24.120603561401367,49.24623107910156
ESPpv2003,ESP,Spain,2003,pv,-0.04748588800430298,0.2828465700149536,6.0,41.206031799316406,29.145729064941406,59.29648208618164
LKApv2003,LKA,Sri Lanka,2003,pv,-0.8331584334373474,0.29205846786499023,5.0,23.115577697753906,11.055275917053223,35.175880432128906
KNApv2003,KNA,St. Kitts and Nevis,2003,pv,1.1697852611541748,0.5567684769630432,1.0,91.95980072021484,52.76382064819336,100.0
LCApv2003,LCA,St. Lucia,2003,pv,1.1697852611541748,0.5567684769630432,1.0,91.95980072021484,52.76382064819336,100.0
VCTpv2003,VCT,St. Vincent and the Grenadines,2003,pv,0.7646384835243225,0.5567684769630432,1.0,71.85929870605469,38.69346618652344,99.49748992919922
SDNpv2003,SDN,Sudan,2003,pv,-1.9770557880401611,0.3015846610069275,4.0,4.0201005935668945,0.0,9.045226097106934
SURpv2003,SUR,Suriname,2003,pv,0.483302503824234,0.3305095434188843,3.0,61.809043884277344,40.70351791381836,82.41206359863281
SWEpv2003,SWE,Sweden,2003,pv,1.3416132926940918,0.2828465700149536,6.0,96.48241424560547,75.37688446044922,100.0
CHEpv2003,CHE,Switzerland,2003,pv,1.2461094856262207,0.2828465700149536,6.0,94.9748764038086,71.85929870605469,100.0
SYRpv2003,SYR,Syrian Arab Republic,2003,pv,0.06364519894123077,0.3015846610069275,4.0,44.72361755371094,30.65326690673828,63.819095611572266
STPpv2003,STP,São Tomé and Principe,2003,pv,0.25944972038269043,0.3496415615081787,2.0,53.76884460449219,35.175880432128906,72.36180877685547
TWNpv2003,TWN,"Taiwan, China",2003,pv,0.6376413106918335,0.2828465700149536,6.0,67.83919525146484,49.74874496459961,84.92462158203125
TJKpv2003,TJK,Tajikistan,2003,pv,-1.0994917154312134,0.3496415615081787,2.0,18.090452194213867,5.527637958526611,29.145729064941406
TZApv2003,TZA,Tanzania,2003,pv,-0.8555471897125244,0.29205846786499023,5.0,22.110551834106445,10.552763938903809,33.66834259033203
THApv2003,THA,Thailand,2003,pv,-0.14508438110351562,0.2828465700149536,6.0,39.195980072021484,27.63819122314453,57.28643035888672
TMPpv2003,TMP,Timor-Leste,2003,pv,-0.2867329716682434,0.3496415615081787,2.0,36.68341827392578,21.60803985595703,54.271358489990234
TGOpv2003,TGO,Togo,2003,pv,-0.1859966367483139,0.3305095434188843,3.0,38.190956115722656,25.628141403198242,58.29145812988281
TONpv2003,TON,Tonga,2003,pv,0.6295895576477051,0.5567684769630432,1.0,67.33668518066406,36.68341827392578,98.9949722290039
TTOpv2003,TTO,Trinidad and Tobago,2003,pv,-0.25003212690353394,0.29205846786499023,5.0,37.68844223022461,25.628141403198242,51.256282806396484
TUNpv2003,TUN,Tunisia,2003,pv,0.3178707957267761,0.29205846786499023,5.0,57.28643035888672,38.69346618652344,71.85929870605469
TKMpv2003,TKM,Turkmenistan,2003,pv,0.05321554094552994,0.3496415615081787,2.0,43.71859359741211,29.145729064941406,66.33165740966797
TUVpv2003,TUV,Tuvalu,2003,pv,1.1697852611541748,0.5567684769630432,1.0,91.95980072021484,52.76382064819336,100.0
TURpv2003,TUR,Türkiye,2003,pv,-0.7666906118392944,0.2828465700149536,6.0,25.125627517700195,14.070351600646973,36.180904388427734
UGApv2003,UGA,Uganda,2003,pv,-1.5609633922576904,0.29205846786499023,5.0,6.532663345336914,3.015075445175171,18.59296417236328
UKRpv2003,UKR,Ukraine,2003,pv,-0.3636179566383362,0.29205846786499023,5.0,34.67336654663086,22.110551834106445,47.73869323730469
AREpv2003,ARE,United Arab Emirates,2003,pv,0.9946501851081848,0.3015846610069275,4.0,81.40703582763672,63.31658172607422,98.49246215820312
GBRpv2003,GBR,United Kingdom,2003,pv,0.27125072479248047,0.2828465700149536,6.0,54.271358489990234,37.68844223022461,70.35176086425781
USApv2003,USA,United States,2003,pv,0.08044034987688065,0.2828465700149536,6.0,46.73366928100586,33.165828704833984,63.819095611572266
URYpv2003,URY,Uruguay,2003,pv,0.7112565636634827,0.29205846786499023,5.0,70.35176086425781,51.256282806396484,93.46733856201172
UZBpv2003,UZB,Uzbekistan,2003,pv,-1.2991951704025269,0.3159085810184479,3.0,12.060301780700684,4.522613048553467,23.61808967590332
VUTpv2003,VUT,Vanuatu,2003,pv,0.7646384835243225,0.5567684769630432,1.0,71.85929870605469,38.69346618652344,99.49748992919922
VENpv2003,VEN,"Venezuela, RB",2003,pv,-1.2864446640014648,0.2828465700149536,6.0,12.562813758850098,5.527637958526611,23.115577697753906
VNMpv2003,VNM,Viet Nam,2003,pv,0.1264243721961975,0.29205846786499023,5.0,48.743717193603516,35.175880432128906,65.82914733886719
WBGpv2003,WBG,West Bank and Gaza,2003,pv,-1.265782117843628,0.3496415615081787,2.0,13.065326690673828,4.522613048553467,26.130653381347656
YEMpv2003,YEM,"Yemen, Rep.",2003,pv,-1.4817620515823364,0.3015846610069275,4.0,9.547739028930664,4.0201005935668945,20.100502014160156
ZMBpv2003,ZMB,Zambia,2003,pv,0.2183798998594284,0.29205846786499023,5.0,50.75376892089844,36.68341827392578,69.8492431640625
ZWEpv2003,ZWE,Zimbabwe,2003,pv,-1.0875805616378784,0.29205846786499023,5.0,18.59296417236328,6.030150890350342,27.63819122314453
AFGpv2004,AFG,Afghanistan,2004,pv,-2.295682191848755,0.30459776520729065,4.0,1.9417475461959839,0.48543688654899597,4.368932247161865
ALBpv2004,ALB,Albania,2004,pv,-0.4272596836090088,0.316001296043396,4.0,30.097087860107422,18.932039260864258,48.5436897277832
DZApv2004,DZA,Algeria,2004,pv,-1.359188437461853,0.2868558168411255,6.0,10.679611206054688,4.368932247161865,18.932039260864258
ASMpv2004,ASM,American Samoa,2004,pv,0.7369264960289001,0.4251982271671295,1.0,72.33009338378906,46.6019401550293,98.0582504272461
ADOpv2004,ADO,Andorra,2004,pv,1.4021060466766357,0.3647366464138031,2.0,98.0582504272461,74.27184295654297,100.0
AGOpv2004,AGO,Angola,2004,pv,-1.0631206035614014,0.2868558168411255,6.0,16.504854202270508,7.281553268432617,26.213592529296875
AIApv2004,AIA,Anguilla,2004,pv,0.7881848216056824,0.4251982271671295,1.0,74.27184295654297,48.5436897277832,98.54368591308594
ATGpv2004,ATG,Antigua and Barbuda,2004,pv,1.084635615348816,0.3306483328342438,3.0,84.46601867675781,63.10679626464844,100.0
ARGpv2004,ARG,Argentina,2004,pv,-0.6109349131584167,0.2789576053619385,7.0,26.213592529296875,16.01941680908203,39.805824279785156
ARMpv2004,ARM,Armenia,2004,pv,-0.11633748561143875,0.316001296043396,4.0,40.77669906616211,25.242717742919922,60.194175720214844
ABWpv2004,ABW,Aruba,2004,pv,0.993218183517456,0.4251982271671295,1.0,80.58252716064453,54.8543701171875,100.0
AUSpv2004,AUS,Australia,2004,pv,0.935463547706604,0.2789576053619385,7.0,78.64077758789062,62.135921478271484,97.57281494140625
AUTpv2004,AUT,Austria,2004,pv,1.0896492004394531,0.2789576053619385,7.0,84.95145416259766,66.99028778076172,99.51456451416016
AZEpv2004,AZE,Azerbaijan,2004,pv,-1.0598111152648926,0.29303237795829773,5.0,16.990291595458984,6.796116352081299,26.213592529296875
BHSpv2004,BHS,"Bahamas, The",2004,pv,0.8906136751174927,0.316001296043396,4.0,77.18446350097656,58.73786544799805,98.0582504272461
BHRpv2004,BHR,Bahrain,2004,pv,0.31340256333351135,0.2868558168411255,6.0,55.82524108886719,39.32038879394531,73.78640747070312
BGDpv2004,BGD,Bangladesh,2004,pv,-1.3604763746261597,0.2868558168411255,6.0,10.194174766540527,4.368932247161865,18.932039260864258
BRBpv2004,BRB,Barbados,2004,pv,1.0943527221679688,0.3306483328342438,3.0,85.92233276367188,63.10679626464844,100.0
BLRpv2004,BLR,Belarus,2004,pv,0.1617668718099594,0.316001296043396,4.0,51.4563102722168,32.52427291870117,69.41747283935547
BELpv2004,BEL,Belgium,2004,pv,0.7091367244720459,0.2789576053619385,7.0,71.84465789794922,53.88349533081055,90.77669525146484
BLZpv2004,BLZ,Belize,2004,pv,0.4015619158744812,0.3306483328342438,3.0,60.194175720214844,39.805824279785156,78.64077758789062
BENpv2004,BEN,Benin,2004,pv,0.2659734785556793,0.3306483328342438,3.0,54.36893081665039,35.92232894897461,74.27184295654297
BMUpv2004,BMU,Bermuda,2004,pv,0.893765926361084,0.3736916780471802,2.0,77.66990661621094,54.8543701171875,99.02912902832031
BTNpv2004,BTN,Bhutan,2004,pv,1.1720503568649292,0.3306483328342438,3.0,91.74757385253906,66.50485229492188,100.0
BOLpv2004,BOL,Bolivia,2004,pv,-0.6805708408355713,0.2868558168411255,6.0,23.786407470703125,15.533980369567871,38.34951400756836
BIHpv2004,BIH,Bosnia and Herzegovina,2004,pv,0.017319396138191223,0.2976781129837036,5.0,45.63106918334961,29.611650466918945,63.10679626464844
BWApv2004,BWA,Botswana,2004,pv,0.9166887402534485,0.30827102065086365,5.0,78.15534210205078,60.67961120605469,98.0582504272461
BRApv2004,BRA,Brazil,2004,pv,-0.27599281072616577,0.2789576053619385,7.0,36.40776824951172,22.330097198486328,52.42718505859375
BRNpv2004,BRN,Brunei Darussalam,2004,pv,1.3694347143173218,0.34535112977027893,3.0,97.57281494140625,74.27184295654297,100.0
BGRpv2004,BGR,Bulgaria,2004,pv,0.003630733583122492,0.2868558168411255,6.0,45.1456298828125,29.611650466918945,62.135921478271484
BFApv2004,BFA,Burkina Faso,2004,pv,-0.08123751729726791,0.316001296043396,4.0,42.233009338378906,26.213592529296875,61.65048599243164
BDIpv2004,BDI,Burundi,2004,pv,-2.5227596759796143,0.3306483328342438,3.0,0.9708737730979919,0.0,3.8834950923919678
KHMpv2004,KHM,Cambodia,2004,pv,-0.407748281955719,0.30459776520729065,4.0,30.582523345947266,18.932039260864258,48.5436897277832
CMRpv2004,CMR,Cameroon,2004,pv,-0.3593563437461853,0.29303237795829773,5.0,32.52427291870117,20.388349533081055,48.5436897277832
CANpv2004,CAN,Canada,2004,pv,0.8764474987983704,0.2789576053619385,7.0,76.21359252929688,60.67961120605469,95.63106536865234
CPVpv2004,CPV,Cape Verde,2004,pv,1.0393012762069702,0.3647366464138031,2.0,83.00971221923828,61.65048599243164,100.0
CYMpv2004,CYM,Cayman Islands,2004,pv,1.2347493171691895,0.3736916780471802,2.0,93.68932342529297,66.01941680908203,100.0
CAFpv2004,CAF,Central African Republic,2004,pv,-1.4242448806762695,0.3306483328342438,3.0,8.73786449432373,3.8834950923919678,18.932039260864258
TCDpv2004,TCD,Chad,2004,pv,-1.539456844329834,0.32185015082359314,4.0,7.281553268432617,3.3980581760406494,17.961164474487305
CHLpv2004,CHL,Chile,2004,pv,0.6913416981697083,0.2789576053619385,7.0,70.87378692626953,53.3980598449707,89.80582427978516
CHNpv2004,CHN,China,2004,pv,-0.3906806707382202,0.2789576053619385,7.0,31.55339813232422,19.902912139892578,47.57281494140625
COLpv2004,COL,Colombia,2004,pv,-2.271226406097412,0.2789576053619385,7.0,2.427184581756592,0.48543688654899597,4.368932247161865
COMpv2004,COM,Comoros,2004,pv,-0.16316178441047668,0.3647366464138031,2.0,39.32038879394531,22.330097198486328,61.65048599243164
ZARpv2004,ZAR,"Congo, Dem. Rep.",2004,pv,-2.3877642154693604,0.29303237795829773,5.0,1.4563106298446655,0.48543688654899597,4.368932247161865
COGpv2004,COG,"Congo, Rep.",2004,pv,-1.1905977725982666,0.316001296043396,4.0,14.077670097351074,4.854369163513184,23.786407470703125
CRIpv2004,CRI,Costa Rica,2004,pv,0.6315765380859375,0.2868558168411255,6.0,66.99028778076172,50.97087478637695,85.92233276367188
HRVpv2004,HRV,Croatia,2004,pv,0.6867544054985046,0.2868558168411255,6.0,70.38835144042969,52.912620544433594,90.291259765625
CUBpv2004,CUB,Cuba,2004,pv,0.35542210936546326,0.29303237795829773,5.0,57.766990661621094,40.291263580322266,75.24272155761719
CYPpv2004,CYP,Cyprus,2004,pv,0.3801775872707367,0.2868558168411255,6.0,59.22330093383789,41.74757385253906,75.72815704345703
CZEpv2004,CZE,Czech Republic,2004,pv,0.6538758277893066,0.2789576053619385,7.0,68.44660186767578,52.912620544433594,85.92233276367188
CIVpv2004,CIV,Côte d'Ivoire,2004,pv,-2.1149210929870605,0.29303237795829773,5.0,3.3980581760406494,0.48543688654899597,5.339805603027344
DNKpv2004,DNK,Denmark,2004,pv,1.0843373537063599,0.2789576053619385,7.0,83.98058319091797,66.50485229492188,99.51456451416016
DJIpv2004,DJI,Djibouti,2004,pv,-0.34411585330963135,0.3647366464138031,2.0,33.98058319091797,18.932039260864258,53.88349533081055
DMApv2004,DMA,Dominica,2004,pv,0.9451507329940796,0.3306483328342438,3.0,79.12621307373047,60.194175720214844,98.54368591308594
DOMpv2004,DOM,Dominican Republic,2004,pv,-0.3443104922771454,0.2868558168411255,6.0,33.49514389038086,21.359222412109375,49.02912521362305
ECUpv2004,ECU,Ecuador,2004,pv,-0.8429103493690491,0.2868558168411255,6.0,20.388349533081055,11.165048599243164,32.03883361816406
EGYpv2004,EGY,"Egypt, Arab Rep.",2004,pv,-0.8224017024040222,0.2868558168411255,6.0,21.359222412109375,12.621358871459961,32.52427291870117
SLVpv2004,SLV,El Salvador,2004,pv,-0.06910097599029541,0.2868558168411255,6.0,42.71844482421875,27.669902801513672,59.708736419677734
GNQpv2004,GNQ,Equatorial Guinea,2004,pv,-0.0594780258834362,0.33061888813972473,3.0,43.6893196105957,26.213592529296875,62.135921478271484
ERIpv2004,ERI,Eritrea,2004,pv,-0.6393868327140808,0.3306483328342438,3.0,25.242717742919922,15.048543930053711,41.26213455200195
ESTpv2004,EST,Estonia,2004,pv,0.7039262056350708,0.2789576053619385,7.0,71.35922241210938,53.88349533081055,90.77669525146484
SWZpv2004,SWZ,Eswatini,2004,pv,-0.004660189617425203,0.3647366464138031,2.0,44.17475891113281,26.213592529296875,64.5631103515625
ETHpv2004,ETH,Ethiopia,2004,pv,-1.3124916553497314,0.2868558168411255,6.0,11.650485038757324,4.368932247161865,20.388349533081055
FJIpv2004,FJI,Fiji,2004,pv,0.38996002078056335,0.3306483328342438,3.0,59.708736419677734,39.805824279785156,78.15534210205078
FINpv2004,FIN,Finland,2004,pv,1.6196268796920776,0.2789576053619385,7.0,100.0,90.77669525146484,100.0
FRApv2004,FRA,France,2004,pv,0.3451153039932251,0.2789576053619385,7.0,56.3106803894043,41.26213455200195,74.27184295654297
GUFpv2004,GUF,French Guiana,2004,pv,0.17308464646339417,0.4251982271671295,1.0,52.42718505859375,27.669902801513672,75.72815704345703
GABpv2004,GAB,Gabon,2004,pv,0.4081709086894989,0.29303237795829773,5.0,60.67961120605469,42.233009338378906,76.69902801513672
GMBpv2004,GMB,"Gambia, The",2004,pv,0.16490605473518372,0.3353622555732727,4.0,51.94174575805664,31.55339813232422,71.84465789794922
GEOpv2004,GEO,Georgia,2004,pv,-0.8641181588172913,0.32185015082359314,4.0,19.417476654052734,8.73786449432373,34.46601867675781
DEUpv2004,DEU,Germany,2004,pv,0.6388843655586243,0.2789576053619385,7.0,67.96116638183594,52.42718505859375,85.92233276367188
GHApv2004,GHA,Ghana,2004,pv,0.040790971368551254,0.2868558168411255,6.0,47.087379455566406,29.611650466918945,63.10679626464844
GRCpv2004,GRC,Greece,2004,pv,0.4893362522125244,0.2789576053619385,7.0,62.621360778808594,46.6019401550293,79.12621307373047
GRDpv2004,GRD,Grenada,2004,pv,0.8794275522232056,0.3306483328342438,3.0,76.69902801513672,55.82524108886719,98.0582504272461
GUMpv2004,GUM,Guam,2004,pv,0.6344098448753357,0.4251982271671295,1.0,67.4757308959961,43.20388412475586,95.63106536865234
GTMpv2004,GTM,Guatemala,2004,pv,-0.8080348372459412,0.2868558168411255,6.0,21.84465980529785,13.106796264648438,34.46601867675781
GINpv2004,GIN,Guinea,2004,pv,-1.0333836078643799,0.316001296043396,4.0,17.47572898864746,5.825242519378662,27.669902801513672
GNBpv2004,GNB,Guinea-Bissau,2004,pv,-0.378061443567276,0.34535112977027893,3.0,32.03883361816406,18.932039260864258,52.42718505859375
GUYpv2004,GUY,Guyana,2004,pv,-0.5548961758613586,0.316001296043396,4.0,27.184465408325195,16.01941680908203,43.6893196105957
HTIpv2004,HTI,Haiti,2004,pv,-1.9845430850982666,0.316001296043396,4.0,3.8834950923919678,0.9708737730979919,7.7669901847839355
HNDpv2004,HND,Honduras,2004,pv,-0.391061931848526,0.2868558168411255,6.0,31.067960739135742,19.417476654052734,48.05825424194336
HKGpv2004,HKG,"Hong Kong SAR, China",2004,pv,1.1449780464172363,0.3033810257911682,6.0,89.80582427978516,67.96116638183594,100.0
HUNpv2004,HUN,Hungary,2004,pv,0.8282976150512695,0.2789576053619385,7.0,75.24272155761719,58.73786544799805,94.66019439697266
ISLpv2004,ISL,Iceland,2004,pv,1.4570046663284302,0.29855191707611084,6.0,98.54368591308594,79.12621307373047,100.0
INDpv2004,IND,India,2004,pv,-1.280432939529419,0.2789576053619385,7.0,13.106796264648438,4.854369163513184,20.87378692626953
IDNpv2004,IDN,Indonesia,2004,pv,-1.9086055755615234,0.2789576053619385,7.0,4.368932247161865,1.4563106298446655,8.252427101135254
IRNpv2004,IRN,"Iran, Islamic Rep.",2004,pv,-0.7618243098258972,0.29303237795829773,5.0,22.330097198486328,13.106796264648438,35.92232894897461
IRQpv2004,IRQ,Iraq,2004,pv,-3.180351734161377,0.3159756064414978,4.0,0.0,0.0,0.48543688654899597
IRLpv2004,IRL,Ireland,2004,pv,1.170825719833374,0.2789576053619385,7.0,91.26213836669922,71.84465789794922,100.0
ISRpv2004,ISR,Israel,2004,pv,-1.3226813077926636,0.2789576053619385,7.0,11.165048599243164,4.368932247161865,18.932039260864258
ITApv2004,ITA,Italy,2004,pv,0.26925769448280334,0.2789576053619385,7.0,54.8543701171875,38.34951400756836,71.84465789794922
JAMpv2004,JAM,Jamaica,2004,pv,-0.3456685543060303,0.2868558168411255,6.0,33.009708404541016,21.359222412109375,49.02912521362305
JPNpv2004,JPN,Japan,2004,pv,1.0283153057098389,0.2789576053619385,7.0,82.5242691040039,63.59223175048828,98.54368591308594
JORpv2004,JOR,Jordan,2004,pv,-0.2347588837146759,0.2789576053619385,7.0,36.89320373535156,23.30097007751465,52.912620544433594
KAZpv2004,KAZ,Kazakhstan,2004,pv,0.07038797438144684,0.29303237795829773,5.0,48.05825424194336,30.097087860107422,63.10679626464844
KENpv2004,KEN,Kenya,2004,pv,-1.0873547792434692,0.2868558168411255,6.0,16.01941680908203,5.825242519378662,25.242717742919922
KIRpv2004,KIR,Kiribati,2004,pv,1.156943678855896,0.3647366464138031,2.0,90.291259765625,63.59223175048828,100.0
PRKpv2004,PRK,"Korea, Dem. Rep.",2004,pv,0.22607611119747162,0.3159756064414978,4.0,53.3980598449707,35.436893463134766,72.33009338378906
KORpv2004,KOR,"Korea, Rep.",2004,pv,0.42884257435798645,0.2789576053619385,7.0,61.16504669189453,43.6893196105957,76.69902801513672
KWTpv2004,KWT,Kuwait,2004,pv,0.3452400267124176,0.29303237795829773,5.0,56.79611587524414,39.805824279785156,74.75727844238281
KGZpv2004,KGZ,Kyrgyz Republic,2004,pv,-1.183466911315918,0.3306483328342438,3.0,15.048543930053711,4.854369163513184,24.757282257080078
LAOpv2004,LAO,Lao PDR,2004,pv,-0.6111579537391663,0.3306483328342438,3.0,25.7281551361084,15.533980369567871,42.71844482421875
LVApv2004,LVA,Latvia,2004,pv,0.6167552471160889,0.2868558168411255,6.0,66.01941680908203,49.514564514160156,84.46601867675781
LBNpv2004,LBN,Lebanon,2004,pv,-0.7133609652519226,0.29303237795829773,5.0,23.30097007751465,13.592232704162598,37.378639221191406
LSOpv2004,LSO,Lesotho,2004,pv,0.358144611120224,0.3647366464138031,2.0,58.73786544799805,36.40776824951172,79.12621307373047
LBRpv2004,LBR,Liberia,2004,pv,-1.3653857707977295,0.316001296043396,4.0,9.708738327026367,4.368932247161865,19.902912139892578
LBYpv2004,LBY,Libya,2004,pv,0.3556806147098541,0.3159756064414978,4.0,58.25242614746094,39.32038879394531,75.72815704345703
LIEpv2004,LIE,Liechtenstein,2004,pv,1.5152579545974731,0.3647366464138031,2.0,99.51456451416016,78.15534210205078,100.0
LTUpv2004,LTU,Lithuania,2004,pv,0.7660048604011536,0.2868558168411255,6.0,72.81553649902344,54.8543701171875,93.68932342529297
LUXpv2004,LUX,Luxembourg,2004,pv,1.3154350519180298,0.29855191707611084,6.0,95.1456298828125,74.75727844238281,100.0
MACpv2004,MAC,"Macao SAR, China",2004,pv,1.3520268201828003,0.4251982271671295,1.0,96.11650848388672,68.44660186767578,100.0
MDGpv2004,MDG,Madagascar,2004,pv,0.24556957185268402,0.3082948923110962,5.0,53.88349533081055,36.40776824951172,72.33009338378906
MWIpv2004,MWI,Malawi,2004,pv,0.12379918247461319,0.2868558168411255,6.0,49.02912521362305,32.52427291870117,65.04854583740234
MYSpv2004,MYS,Malaysia,2004,pv,0.34800398349761963,0.2789576053619385,7.0,57.28155517578125,41.26213455200195,74.27184295654297
MDVpv2004,MDV,Maldives,2004,pv,0.5019324421882629,0.3306483328342438,3.0,63.10679626464844,43.6893196105957,83.00971221923828
MLIpv2004,MLI,Mali,2004,pv,0.4523966610431671,0.3082948923110962,5.0,62.135921478271484,43.6893196105957,79.12621307373047
MLTpv2004,MLT,Malta,2004,pv,1.317642331123352,0.3082948923110962,5.0,95.63106536865234,74.27184295654297,100.0
MHLpv2004,MHL,Marshall Islands,2004,pv,1.1318533420562744,0.586251974105835,1.0,89.32038879394531,51.94174575805664,100.0
MTQpv2004,MTQ,Martinique,2004,pv,1.2545454502105713,0.3736916780471802,2.0,94.17475891113281,67.96116638183594,100.0
MRTpv2004,MRT,Mauritania,2004,pv,-0.16634014248847961,0.3306483328342438,3.0,38.83495330810547,23.30097007751465,58.73786544799805
MUSpv2004,MUS,Mauritius,2004,pv,0.9745327234268188,0.32182300090789795,4.0,80.09708404541016,61.65048599243164,99.02912902832031
MEXpv2004,MEX,Mexico,2004,pv,-0.21408244967460632,0.2789576053619385,7.0,38.34951400756836,24.2718448638916,53.3980598449707
FSMpv2004,FSM,"Micronesia, Fed. Sts.",2004,pv,1.0036598443984985,0.3306483328342438,3.0,81.06796264648438,62.135921478271484,99.51456451416016
MDApv2004,MDA,Moldova,2004,pv,-0.21934285759925842,0.3159756064414978,4.0,37.864078521728516,22.330097198486328,54.8543701171875
MCOpv2004,MCO,Monaco,2004,pv,1.1125620603561401,0.46935394406318665,2.0,86.40776824951172,55.82524108886719,100.0
MNGpv2004,MNG,Mongolia,2004,pv,0.7752931714057922,0.316001296043396,4.0,73.78640747070312,53.88349533081055,94.66019439697266
MARpv2004,MAR,Morocco,2004,pv,-0.31266871094703674,0.2868558168411255,6.0,35.436893463134766,21.84465980529785,50.97087478637695
MOZpv2004,MOZ,Mozambique,2004,pv,0.003256466006860137,0.2868558168411255,6.0,44.660194396972656,29.611650466918945,62.135921478271484
MMRpv2004,MMR,Myanmar,2004,pv,-0.9847413897514343,0.29303237795829773,5.0,18.932039260864258,7.7669901847839355,29.12621307373047
NAMpv2004,NAM,Namibia,2004,pv,0.6647630333900452,0.2868558168411255,6.0,69.41747283935547,52.912620544433594,89.32038879394531
NRUpv2004,NRU,Nauru,2004,pv,1.1318533420562744,0.586251974105835,1.0,89.32038879394531,51.94174575805664,100.0
NPLpv2004,NPL,Nepal,2004,pv,-2.1491384506225586,0.30459776520729065,4.0,2.912621259689331,0.48543688654899597,5.339805603027344
NLDpv2004,NLD,Netherlands,2004,pv,1.0162391662597656,0.2789576053619385,7.0,81.55339813232422,63.59223175048828,98.54368591308594
ANTpv2004,ANT,Netherlands Antilles (former),2004,pv,0.6856681108474731,0.4251982271671295,1.0,69.90291595458984,43.6893196105957,97.57281494140625
NZLpv2004,NZL,New Zealand,2004,pv,1.5000265836715698,0.2789576053619385,7.0,99.02912902832031,83.00971221923828,100.0
NICpv2004,NIC,Nicaragua,2004,pv,-0.3413141667842865,0.2868558168411255,6.0,34.46601867675781,21.359222412109375,49.02912521362305
NERpv2004,NER,Niger,2004,pv,-0.5052708387374878,0.316001296043396,4.0,29.12621307373047,17.961164474487305,45.1456298828125
NGApv2004,NGA,Nigeria,2004,pv,-1.75441575050354,0.2868558168411255,6.0,4.854369163513184,2.427184581756592,12.621358871459961
MKDpv2004,MKD,North Macedonia,2004,pv,-0.8510082960128784,0.2976781129837036,5.0,19.902912139892578,10.679611206054688,32.03883361816406
NORpv2004,NOR,Norway,2004,pv,1.1966183185577393,0.2789576053619385,7.0,92.2330093383789,72.33009338378906,100.0
OMNpv2004,OMN,Oman,2004,pv,1.115967869758606,0.29303237795829773,5.0,86.89320373535156,67.4757308959961,99.51456451416016
PAKpv2004,PAK,Pakistan,2004,pv,-1.5828779935836792,0.2868558168411255,6.0,5.825242519378662,3.3980581760406494,15.533980369567871
PLWpv2004,PLW,Palau,2004,pv,1.1318533420562744,0.586251974105835,1.0,89.32038879394531,51.94174575805664,100.0
PANpv2004,PAN,Panama,2004,pv,0.08413836359977722,0.2868558168411255,6.0,48.5436897277832,31.55339813232422,63.10679626464844
PNGpv2004,PNG,Papua New Guinea,2004,pv,-0.5486570000648499,0.29303237795829773,5.0,27.669902801513672,17.47572898864746,43.20388412475586
PRYpv2004,PRY,Paraguay,2004,pv,-0.5661437511444092,0.2868558168411255,6.0,26.69902992248535,16.990291595458984,41.26213455200195
PERpv2004,PER,Peru,2004,pv,-1.0273996591567993,0.2868558168411255,6.0,17.961164474487305,7.7669901847839355,26.69902992248535
PHLpv2004,PHL,Philippines,2004,pv,-1.7058844566345215,0.2789576053619385,7.0,5.339805603027344,2.427184581756592,13.106796264648438
POLpv2004,POL,Poland,2004,pv,0.15385766327381134,0.2789576053619385,7.0,50.97087478637695,35.436893463134766,65.04854583740234
PRTpv2004,PRT,Portugal,2004,pv,0.9698772430419922,0.2789576053619385,7.0,79.61164855957031,63.10679626464844,98.0582504272461
PRIpv2004,PRI,Puerto Rico,2004,pv,0.5572329759597778,0.3736916780471802,2.0,63.59223175048828,43.6893196105957,90.77669525146484
QATpv2004,QAT,Qatar,2004,pv,1.1239049434661865,0.29303237795829773,5.0,87.3786392211914,67.96116638183594,99.51456451416016
ROMpv2004,ROM,Romania,2004,pv,0.059348613023757935,0.2789576053619385,7.0,47.57281494140625,30.582523345947266,63.10679626464844
RUSpv2004,RUS,Russian Federation,2004,pv,-1.5145944356918335,0.2789576053619385,7.0,7.7669901847839355,3.8834950923919678,16.990291595458984
RWApv2004,RWA,Rwanda,2004,pv,-1.1862452030181885,0.3647366464138031,2.0,14.563106536865234,4.368932247161865,26.213592529296875
REUpv2004,REU,Réunion,2004,pv,0.42937639355659485,0.4251982271671295,1.0,61.65048599243164,36.40776824951172,87.3786392211914
WSMpv2004,WSM,Samoa,2004,pv,1.1583971977233887,0.3306483328342438,3.0,90.77669525146484,65.53398132324219,100.0
SMRpv2004,SMR,San Marino,2004,pv,1.1318533420562744,0.586251974105835,1.0,89.32038879394531,51.94174575805664,100.0
SAUpv2004,SAU,Saudi Arabia,2004,pv,-0.6546325087547302,0.29303237795829773,5.0,24.757282257080078,15.533980369567871,38.34951400756836
SENpv2004,SEN,Senegal,2004,pv,0.029510794207453728,0.29303237795829773,5.0,46.6019401550293,29.611650466918945,63.10679626464844
SRBpv2004,SRB,Serbia,2004,pv,-0.5075841546058655,0.2868558168411255,6.0,28.640777587890625,18.932039260864258,43.6893196105957
SYCpv2004,SYC,Seychelles,2004,pv,0.6557900309562683,0.30459776520729065,4.0,68.93203735351562,50.97087478637695,89.80582427978516
SLEpv2004,SLE,Sierra Leone,2004,pv,-0.5147315263748169,0.316001296043396,4.0,28.15534019470215,17.47572898864746,44.660194396972656
SGPpv2004,SGP,Singapore,2004,pv,1.0929559469223022,0.2789576053619385,7.0,85.4368896484375,67.4757308959961,99.51456451416016
SVKpv2004,SVK,Slovak Republic,2004,pv,0.5935360193252563,0.2789576053619385,7.0,65.04854583740234,49.02912521362305,83.00971221923828
SVNpv2004,SVN,Slovenia,2004,pv,1.0816134214401245,0.2789576053619385,7.0,83.49514770507812,66.01941680908203,99.51456451416016
SLBpv2004,SLB,Solomon Islands,2004,pv,0.018688952550292015,0.3647366464138031,2.0,46.11650466918945,26.213592529296875,66.01941680908203
SOMpv2004,SOM,Somalia,2004,pv,-2.878539562225342,0.34535112977027893,3.0,0.48543688654899597,0.0,1.4563106298446655
ZAFpv2004,ZAF,South Africa,2004,pv,-0.13172955811023712,0.2789576053619385,7.0,40.291263580322266,26.213592529296875,55.82524108886719
ESPpv2004,ESP,Spain,2004,pv,-0.09054630249738693,0.2789576053619385,7.0,41.74757385253906,27.669902801513672,58.73786544799805
LKApv2004,LKA,Sri Lanka,2004,pv,-1.0104405879974365,0.2868558168411255,6.0,18.44660186767578,7.7669901847839355,27.669902801513672
KNApv2004,KNA,St. Kitts and Nevis,2004,pv,1.3633596897125244,0.3306483328342438,3.0,97.0873794555664,74.75727844238281,100.0
LCApv2004,LCA,St. Lucia,2004,pv,1.2183393239974976,0.3306483328342438,3.0,92.71844482421875,69.41747283935547,100.0
VCTpv2004,VCT,St. Vincent and the Grenadines,2004,pv,1.0268239974975586,0.3306483328342438,3.0,82.03883361816406,62.135921478271484,99.51456451416016
SDNpv2004,SDN,Sudan,2004,pv,-1.549036979675293,0.3159756064414978,4.0,6.796116352081299,3.3980581760406494,17.47572898864746
SURpv2004,SUR,Suriname,2004,pv,0.30226343870162964,0.34535112977027893,3.0,55.339805603027344,36.40776824951172,75.72815704345703
SWEpv2004,SWE,Sweden,2004,pv,1.3622268438339233,0.2789576053619385,7.0,96.60194396972656,77.66990661621094,100.0
CHEpv2004,CHE,Switzerland,2004,pv,1.2273398637771606,0.2789576053619385,7.0,93.2038803100586,73.30097198486328,100.0
SYRpv2004,SYR,Syrian Arab Republic,2004,pv,-0.28574633598327637,0.29303237795829773,5.0,35.92232894897461,21.84465980529785,52.912620544433594
STPpv2004,STP,São Tomé and Principe,2004,pv,0.5723255276679993,0.3647366464138031,2.0,64.07766723632812,43.6893196105957,90.77669525146484
TWNpv2004,TWN,"Taiwan, China",2004,pv,0.6127692461013794,0.2789576053619385,7.0,65.53398132324219,50.97087478637695,83.00971221923828
TJKpv2004,TJK,Tajikistan,2004,pv,-1.3074533939361572,0.3306483328342438,3.0,12.1359224319458,4.368932247161865,21.84465980529785
TZApv2004,TZA,Tanzania,2004,pv,-0.6716422438621521,0.2868558168411255,6.0,24.2718448638916,15.533980369567871,38.34951400756836
THApv2004,THA,Thailand,2004,pv,-0.7174056768417358,0.2789576053619385,7.0,22.815534591674805,15.048543930053711,36.40776824951172
TMPpv2004,TMP,Timor-Leste,2004,pv,-0.15688785910606384,0.3306483328342438,3.0,39.805824279785156,23.30097007751465,59.22330093383789
TGOpv2004,TGO,Togo,2004,pv,-0.3148708641529083,0.316001296043396,4.0,34.95145797729492,20.87378692626953,52.912620544433594
TONpv2004,TON,Tonga,2004,pv,0.8176799416542053,0.3306483328342438,3.0,74.75727844238281,54.8543701171875,96.11650848388672
TTOpv2004,TTO,Trinidad and Tobago,2004,pv,-0.06832727044820786,0.2868558168411255,6.0,43.20388412475586,27.669902801513672,60.194175720214844
TUNpv2004,TUN,Tunisia,2004,pv,0.1489580273628235,0.2868558168411255,6.0,50.0,34.46601867675781,66.01941680908203
TKMpv2004,TKM,Turkmenistan,2004,pv,-0.11521193385124207,0.3306483328342438,3.0,41.26213455200195,24.2718448638916,60.67961120605469
TUVpv2004,TUV,Tuvalu,2004,pv,1.2700954675674438,0.3647366464138031,2.0,94.66019439697266,69.41747283935547,100.0
TURpv2004,TUR,Türkiye,2004,pv,-0.8337645530700684,0.2789576053619385,7.0,20.87378692626953,12.621358871459961,32.03883361816406
UGApv2004,UGA,Uganda,2004,pv,-1.3047730922698975,0.2868558168411255,6.0,12.621358871459961,4.368932247161865,20.388349533081055
UKRpv2004,UKR,Ukraine,2004,pv,-0.47153618931770325,0.2868558168411255,6.0,29.611650466918945,18.932039260864258,44.17475891113281
AREpv2004,ARE,United Arab Emirates,2004,pv,0.7687579989433289,0.2868558168411255,6.0,73.30097198486328,54.8543701171875,93.68932342529297
GBRpv2004,GBR,United Kingdom,2004,pv,0.14084753394126892,0.2789576053619385,7.0,49.514564514160156,34.46601867675781,65.04854583740234
USApv2004,USA,United States,2004,pv,-0.23303982615470886,0.2789576053619385,7.0,37.378639221191406,23.30097007751465,52.912620544433594
URYpv2004,URY,Uruguay,2004,pv,0.5909611582756042,0.2868558168411255,6.0,64.5631103515625,48.5436897277832,83.00971221923828
UZBpv2004,UZB,Uzbekistan,2004,pv,-1.4555166959762573,0.30459776520729065,4.0,8.252427101135254,3.8834950923919678,18.932039260864258
VUTpv2004,VUT,Vanuatu,2004,pv,0.6244109272956848,0.3647366464138031,2.0,66.50485229492188,46.11650466918945,92.71844482421875
VENpv2004,VEN,"Venezuela, RB",2004,pv,-1.3915855884552002,0.2789576053619385,7.0,9.22330093383789,4.368932247161865,18.932039260864258
VNMpv2004,VNM,Viet Nam,2004,pv,0.1501535177230835,0.2868558168411255,6.0,50.485435485839844,34.46601867675781,66.01941680908203
VIRpv2004,VIR,Virgin Islands (U.S.),2004,pv,0.8394432067871094,0.4251982271671295,1.0,75.72815704345703,49.514564514160156,99.51456451416016
WBGpv2004,WBG,West Bank and Gaza,2004,pv,-1.1662640571594238,0.3647366464138031,2.0,15.533980369567871,4.368932247161865,26.213592529296875
YEMpv2004,YEM,"Yemen, Rep.",2004,pv,-1.5511866807937622,0.29303237795829773,5.0,6.3106794357299805,3.3980581760406494,16.01941680908203
ZMBpv2004,ZMB,Zambia,2004,pv,0.19081440567970276,0.2868558168411255,6.0,52.912620544433594,35.92232894897461,68.93203735351562
ZWEpv2004,ZWE,Zimbabwe,2004,pv,-1.2047040462493896,0.2868558168411255,6.0,13.592232704162598,5.339805603027344,22.330097198486328
AFGpv2005,AFG,Afghanistan,2005,pv,-2.067509889602661,0.3033325672149658,4.0,2.427184581756592,0.48543688654899597,6.3106794357299805
ALBpv2005,ALB,Albania,2005,pv,-0.5050479769706726,0.300349622964859,5.0,29.611650466918945,18.44660186767578,45.63106918334961
DZApv2005,DZA,Algeria,2005,pv,-0.9136660099029541,0.2781161367893219,6.0,20.388349533081055,10.679611206054688,32.52427291870117
ASMpv2005,ASM,American Samoa,2005,pv,0.7462840676307678,0.44368258118629456,1.0,68.44660186767578,46.6019401550293,99.51456451416016
ADOpv2005,ADO,Andorra,2005,pv,1.3849272727966309,0.38434094190597534,2.0,99.02912902832031,68.44660186767578,100.0
AGOpv2005,AGO,Angola,2005,pv,-0.8851783275604248,0.28687262535095215,5.0,21.359222412109375,11.165048599243164,33.98058319091797
AIApv2005,AIA,Anguilla,2005,pv,1.1896660327911377,0.36922430992126465,2.0,90.291259765625,65.04854583740234,100.0
ATGpv2005,ATG,Antigua and Barbuda,2005,pv,0.830512523651123,0.33286982774734497,3.0,73.78640747070312,55.339805603027344,96.11650848388672
ARGpv2005,ARG,Argentina,2005,pv,-0.041774943470954895,0.2701238989830017,7.0,44.17475891113281,31.55339813232422,57.766990661621094
ARMpv2005,ARM,Armenia,2005,pv,-0.06633539497852325,0.300349622964859,5.0,42.71844482421875,28.640777587890625,58.73786544799805
ABWpv2005,ABW,Aruba,2005,pv,1.3764159679412842,0.36922430992126465,2.0,96.11650848388672,68.93203735351562,100.0
AUSpv2005,AUS,Australia,2005,pv,0.8917076587677002,0.2701238989830017,7.0,76.21359252929688,60.67961120605469,95.1456298828125
AUTpv2005,AUT,Austria,2005,pv,1.103950023651123,0.2701238989830017,7.0,86.40776824951172,66.01941680908203,99.51456451416016
AZEpv2005,AZE,Azerbaijan,2005,pv,-1.1248193979263306,0.2781161367893219,6.0,16.990291595458984,6.3106794357299805,25.7281551361084
BHSpv2005,BHS,"Bahamas, The",2005,pv,0.9381434321403503,0.311466783285141,4.0,78.15534210205078,58.73786544799805,99.51456451416016
BHRpv2005,BHR,Bahrain,2005,pv,0.014162738807499409,0.2781161367893219,6.0,46.6019401550293,33.49514389038086,61.16504669189453
BGDpv2005,BGD,Bangladesh,2005,pv,-1.8638393878936768,0.2781161367893219,6.0,4.368932247161865,0.48543688654899597,10.194174766540527
BRBpv2005,BRB,Barbados,2005,pv,1.1129188537597656,0.33286982774734497,3.0,86.89320373535156,64.5631103515625,100.0
BLRpv2005,BLR,Belarus,2005,pv,0.36023107171058655,0.311466783285141,4.0,56.3106803894043,41.26213455200195,74.27184295654297
BELpv2005,BEL,Belgium,2005,pv,0.7937741875648499,0.2701238989830017,7.0,70.38835144042969,55.82524108886719,91.26213836669922
BLZpv2005,BLZ,Belize,2005,pv,0.10491174459457397,0.33286982774734497,3.0,49.02912521362305,33.49514389038086,66.01941680908203
BENpv2005,BEN,Benin,2005,pv,0.4497462809085846,0.31940093636512756,4.0,61.16504669189453,42.233009338378906,78.64077758789062
BMUpv2005,BMU,Bermuda,2005,pv,0.8190735578536987,0.36922430992126465,2.0,72.33009338378906,54.36893081665039,99.02912902832031
BTNpv2005,BTN,Bhutan,2005,pv,1.2844873666763306,0.33286982774734497,3.0,92.71844482421875,67.4757308959961,100.0
BOLpv2005,BOL,Bolivia,2005,pv,-0.9710298776626587,0.2781161367893219,6.0,19.417476654052734,9.708738327026367,29.12621307373047
BIHpv2005,BIH,Bosnia and Herzegovina,2005,pv,-0.5006243586540222,0.2930357754230499,5.0,30.582523345947266,18.44660186767578,44.660194396972656
BWApv2005,BWA,Botswana,2005,pv,1.0635725259780884,0.2781161367893219,6.0,83.00971221923828,65.53398132324219,99.51456451416016
BRApv2005,BRA,Brazil,2005,pv,-0.2633797526359558,0.2701238989830017,7.0,37.864078521728516,25.7281551361084,52.42718505859375
BRNpv2005,BRN,Brunei Darussalam,2005,pv,1.2126598358154297,0.35239624977111816,3.0,91.26213836669922,66.01941680908203,100.0
BGRpv2005,BGR,Bulgaria,2005,pv,0.1472705900669098,0.2781161367893219,6.0,51.4563102722168,36.40776824951172,65.04854583740234
BFApv2005,BFA,Burkina Faso,2005,pv,-0.06265291571617126,0.311466783285141,4.0,43.20388412475586,28.15534019470215,60.194175720214844
BDIpv2005,BDI,Burundi,2005,pv,-1.5233780145645142,0.33286982774734497,3.0,7.281553268432617,1.9417475461959839,18.44660186767578
KHMpv2005,KHM,Cambodia,2005,pv,-0.39391547441482544,0.2930357754230499,5.0,34.95145797729492,21.359222412109375,48.5436897277832
CMRpv2005,CMR,Cameroon,2005,pv,-0.18202456831932068,0.2781161367893219,6.0,40.291263580322266,26.213592529296875,55.339805603027344
CANpv2005,CAN,Canada,2005,pv,0.8287250399589539,0.2701238989830017,7.0,72.81553649902344,56.79611587524414,91.74757385253906
CPVpv2005,CPV,Cape Verde,2005,pv,0.7546386122703552,0.38434094190597534,2.0,68.93203735351562,50.485435485839844,99.02912902832031
CYMpv2005,CYM,Cayman Islands,2005,pv,1.1896660327911377,0.36922430992126465,2.0,90.291259765625,65.04854583740234,100.0
CAFpv2005,CAF,Central African Republic,2005,pv,-1.427994966506958,0.33286982774734497,3.0,9.708738327026367,2.912621259689331,21.359222412109375
TCDpv2005,TCD,Chad,2005,pv,-1.442237138748169,0.31940093636512756,4.0,8.252427101135254,3.3980581760406494,19.902912139892578
CHLpv2005,CHL,Chile,2005,pv,0.842383623123169,0.2701238989830017,7.0,74.27184295654297,57.28155517578125,92.71844482421875
CHNpv2005,CHN,China,2005,pv,-0.5017566084861755,0.2701238989830017,7.0,30.097087860107422,19.417476654052734,43.6893196105957
COLpv2005,COL,Colombia,2005,pv,-2.0579428672790527,0.2701238989830017,7.0,2.912621259689331,0.48543688654899597,6.3106794357299805
COMpv2005,COM,Comoros,2005,pv,-0.43626394867897034,0.38434094190597534,2.0,33.98058319091797,16.990291595458984,53.3980598449707
ZARpv2005,ZAR,"Congo, Dem. Rep.",2005,pv,-2.128561496734619,0.28687262535095215,5.0,1.4563106298446655,0.48543688654899597,6.3106794357299805
COGpv2005,COG,"Congo, Rep.",2005,pv,-1.165839433670044,0.28687262535095215,5.0,15.048543930053711,6.3106794357299805,25.7281551361084
CRIpv2005,CRI,Costa Rica,2005,pv,0.7082281708717346,0.2781161367893219,6.0,67.4757308959961,54.8543701171875,88.83495330810547
HRVpv2005,HRV,Croatia,2005,pv,0.43447408080101013,0.2781161367893219,6.0,59.22330093383789,44.660194396972656,75.72815704345703
CUBpv2005,CUB,Cuba,2005,pv,0.4247858226299286,0.28687262535095215,5.0,58.73786544799805,43.6893196105957,76.21359252929688
CYPpv2005,CYP,Cyprus,2005,pv,0.5175192356109619,0.2781161367893219,6.0,64.07766723632812,47.57281494140625,78.64077758789062
CZEpv2005,CZE,Czech Republic,2005,pv,0.9363840818405151,0.2701238989830017,7.0,77.66990661621094,63.10679626464844,96.11650848388672
CIVpv2005,CIV,Côte d'Ivoire,2005,pv,-2.259528875350952,0.28687262535095215,5.0,0.9708737730979919,0.0,4.854369163513184
DNKpv2005,DNK,Denmark,2005,pv,1.0734953880310059,0.2701238989830017,7.0,85.4368896484375,66.01941680908203,99.51456451416016
DJIpv2005,DJI,Djibouti,2005,pv,-0.8122296929359436,0.38434094190597534,2.0,22.815534591674805,7.7669901847839355,40.291263580322266
DMApv2005,DMA,Dominica,2005,pv,0.8295294046401978,0.33286982774734497,3.0,73.30097198486328,55.339805603027344,95.63106536865234
DOMpv2005,DOM,Dominican Republic,2005,pv,-0.2587606906890869,0.2781161367893219,6.0,38.34951400756836,25.242717742919922,53.3980598449707
ECUpv2005,ECU,Ecuador,2005,pv,-0.7939618229866028,0.2781161367893219,6.0,23.786407470703125,12.621358871459961,36.40776824951172
EGYpv2005,EGY,"Egypt, Arab Rep.",2005,pv,-0.6293586492538452,0.2781161367893219,6.0,26.69902992248535,16.990291595458984,40.291263580322266
SLVpv2005,SLV,El Salvador,2005,pv,-0.03376087546348572,0.2781161367893219,6.0,44.660194396972656,31.067960739135742,58.25242614746094
GNQpv2005,GNQ,Equatorial Guinea,2005,pv,-0.38609880208969116,0.3407420814037323,3.0,35.92232894897461,19.417476654052734,51.94174575805664
ERIpv2005,ERI,Eritrea,2005,pv,-0.7950174808502197,0.33286982774734497,3.0,23.30097007751465,11.165048599243164,38.34951400756836
ESTpv2005,EST,Estonia,2005,pv,0.6052746772766113,0.2701238989830017,7.0,65.53398132324219,51.4563102722168,82.5242691040039
SWZpv2005,SWZ,Eswatini,2005,pv,-0.3931487798690796,0.38434094190597534,2.0,35.436893463134766,16.990291595458984,54.8543701171875
ETHpv2005,ETH,Ethiopia,2005,pv,-1.6903833150863647,0.2781161367893219,6.0,5.825242519378662,0.9708737730979919,13.592232704162598
FJIpv2005,FJI,Fiji,2005,pv,0.3869212865829468,0.33286982774734497,3.0,57.28155517578125,40.77669906616211,77.18446350097656
FINpv2005,FIN,Finland,2005,pv,1.5949468612670898,0.2701238989830017,7.0,100.0,88.34951782226562,100.0
FRApv2005,FRA,France,2005,pv,0.39972391724586487,0.2701238989830017,7.0,57.766990661621094,43.6893196105957,74.27184295654297
GUFpv2005,GUF,French Guiana,2005,pv,0.20695410668849945,0.44368258118629456,1.0,54.36893081665039,29.12621307373047,77.18446350097656
GABpv2005,GAB,Gabon,2005,pv,0.3256257474422455,0.28687262535095215,5.0,55.82524108886719,41.26213455200195,70.38835144042969
GMBpv2005,GMB,"Gambia, The",2005,pv,0.20064066350460052,0.3365299701690674,4.0,53.88349533081055,35.92232894897461,68.44660186767578
GEOpv2005,GEO,Georgia,2005,pv,-0.7559049129486084,0.31940093636512756,4.0,25.242717742919922,11.165048599243164,38.83495330810547
DEUpv2005,DEU,Germany,2005,pv,0.8889153599739075,0.2701238989830017,7.0,75.72815704345703,60.194175720214844,95.1456298828125
GHApv2005,GHA,Ghana,2005,pv,0.16971929371356964,0.2781161367893219,6.0,51.94174575805664,36.89320373535156,65.53398132324219
GRCpv2005,GRC,Greece,2005,pv,0.5065241456031799,0.2701238989830017,7.0,63.59223175048828,47.57281494140625,78.64077758789062
GRDpv2005,GRD,Grenada,2005,pv,0.41512224078178406,0.33286982774734497,3.0,58.25242614746094,41.74757385253906,78.64077758789062
GUMpv2005,GUM,Guam,2005,pv,0.7462840676307678,0.44368258118629456,1.0,68.44660186767578,46.6019401550293,99.51456451416016
GTMpv2005,GTM,Guatemala,2005,pv,-0.8356181979179382,0.2781161367893219,6.0,22.330097198486328,11.165048599243164,35.92232894897461
GINpv2005,GIN,Guinea,2005,pv,-1.1539767980575562,0.311466783285141,4.0,16.01941680908203,6.3106794357299805,26.213592529296875
GNBpv2005,GNB,Guinea-Bissau,2005,pv,-0.5625259280204773,0.35239624977111816,3.0,28.640777587890625,16.504854202270508,46.6019401550293
GUYpv2005,GUY,Guyana,2005,pv,-0.4549659490585327,0.300349622964859,5.0,33.009708404541016,19.417476654052734,47.57281494140625
HTIpv2005,HTI,Haiti,2005,pv,-1.8043979406356812,0.311466783285141,4.0,4.854369163513184,0.48543688654899597,11.165048599243164
HNDpv2005,HND,Honduras,2005,pv,-0.6232641935348511,0.2781161367893219,6.0,27.184465408325195,16.990291595458984,40.291263580322266
HKGpv2005,HKG,"Hong Kong SAR, China",2005,pv,1.3362904787063599,0.28849390149116516,6.0,95.63106536865234,74.27184295654297,100.0
HUNpv2005,HUN,Hungary,2005,pv,1.0031003952026367,0.2701238989830017,7.0,80.09708404541016,64.07766723632812,99.51456451416016
ISLpv2005,ISL,Iceland,2005,pv,1.4446971416473389,0.2903541624546051,6.0,99.51456451416016,78.64077758789062,100.0
INDpv2005,IND,India,2005,pv,-1.0138804912567139,0.2701238989830017,7.0,17.47572898864746,7.7669901847839355,28.15534019470215
IDNpv2005,IDN,Indonesia,2005,pv,-1.5181759595870972,0.2701238989830017,7.0,7.7669901847839355,3.3980581760406494,16.990291595458984
IRNpv2005,IRN,"Iran, Islamic Rep.",2005,pv,-0.7827388644218445,0.28687262535095215,5.0,24.2718448638916,12.1359224319458,36.40776824951172
IRQpv2005,IRQ,Iraq,2005,pv,-2.6886484622955322,0.28687262535095215,5.0,0.48543688654899597,0.0,0.9708737730979919
IRLpv2005,IRL,Ireland,2005,pv,1.2986668348312378,0.2701238989830017,7.0,94.17475891113281,74.27184295654297,100.0
ISRpv2005,ISR,Israel,2005,pv,-1.2475227117538452,0.2701238989830017,7.0,13.106796264648438,5.339805603027344,22.815534591674805
ITApv2005,ITA,Italy,2005,pv,0.48911553621292114,0.2701238989830017,7.0,63.10679626464844,47.57281494140625,77.18446350097656
JAMpv2005,JAM,Jamaica,2005,pv,-0.2987373471260071,0.2781161367893219,6.0,36.89320373535156,25.242717742919922,51.4563102722168
JPNpv2005,JPN,Japan,2005,pv,1.0357694625854492,0.2701238989830017,7.0,82.5242691040039,65.04854583740234,99.51456451416016
JORpv2005,JOR,Jordan,2005,pv,-0.13292938470840454,0.2701238989830017,7.0,41.74757385253906,28.15534019470215,55.339805603027344
KAZpv2005,KAZ,Kazakhstan,2005,pv,0.19063183665275574,0.2781161367893219,6.0,52.912620544433594,37.378639221191406,66.01941680908203
KENpv2005,KEN,Kenya,2005,pv,-1.2505059242248535,0.2781161367893219,6.0,12.621358871459961,5.339805603027344,23.30097007751465
KIRpv2005,KIR,Kiribati,2005,pv,1.3849272727966309,0.38434094190597534,2.0,99.02912902832031,68.44660186767578,100.0
PRKpv2005,PRK,"Korea, Dem. Rep.",2005,pv,0.024262642487883568,0.3178875148296356,4.0,47.57281494140625,30.582523345947266,64.07766723632812
KORpv2005,KOR,"Korea, Rep.",2005,pv,0.48512858152389526,0.2701238989830017,7.0,62.621360778808594,47.57281494140625,76.69902801513672
KWTpv2005,KWT,Kuwait,2005,pv,0.25369027256965637,0.2781161367893219,6.0,55.339805603027344,39.805824279785156,67.4757308959961
KGZpv2005,KGZ,Kyrgyz Republic,2005,pv,-1.1744259595870972,0.31940093636512756,4.0,14.563106536865234,5.339805603027344,26.213592529296875
LAOpv2005,LAO,Lao PDR,2005,pv,-0.49144771695137024,0.33286982774734497,3.0,31.067960739135742,16.990291595458984,47.57281494140625
LVApv2005,LVA,Latvia,2005,pv,0.8140214085578918,0.2781161367893219,6.0,71.35922241210938,55.82524108886719,91.74757385253906
LBNpv2005,LBN,Lebanon,2005,pv,-0.9997408390045166,0.28687262535095215,5.0,18.44660186767578,7.7669901847839355,29.12621307373047
LSOpv2005,LSO,Lesotho,2005,pv,-0.0028113410808146,0.38434094190597534,2.0,46.11650466918945,26.213592529296875,66.01941680908203
LBRpv2005,LBR,Liberia,2005,pv,-1.3579087257385254,0.311466783285141,4.0,11.165048599243164,3.8834950923919678,21.84465980529785
LBYpv2005,LBY,Libya,2005,pv,0.4485570788383484,0.28687262535095215,5.0,60.67961120605469,44.660194396972656,76.69902801513672
LIEpv2005,LIE,Liechtenstein,2005,pv,1.3849272727966309,0.38434094190597534,2.0,99.02912902832031,68.44660186767578,100.0
LTUpv2005,LTU,Lithuania,2005,pv,0.7791002988815308,0.2781161367893219,6.0,69.90291595458984,55.339805603027344,91.26213836669922
LUXpv2005,LUX,Luxembourg,2005,pv,1.331648588180542,0.2903541624546051,6.0,95.1456298828125,74.27184295654297,100.0
MACpv2005,MAC,"Macao SAR, China",2005,pv,1.285614013671875,0.44368258118629456,1.0,93.2038803100586,64.07766723632812,100.0
MDGpv2005,MDG,Madagascar,2005,pv,-0.018572572618722916,0.300349622964859,5.0,45.1456298828125,29.12621307373047,61.16504669189453
MWIpv2005,MWI,Malawi,2005,pv,0.10663145035505295,0.2781161367893219,6.0,49.514564514160156,35.92232894897461,64.07766723632812
MYSpv2005,MYS,Malaysia,2005,pv,0.5664491653442383,0.2701238989830017,7.0,64.5631103515625,50.0,80.09708404541016
MDVpv2005,MDV,Maldives,2005,pv,0.8117119669914246,0.33286982774734497,3.0,70.87378692626953,55.339805603027344,95.63106536865234
MLIpv2005,MLI,Mali,2005,pv,0.173916295170784,0.300349622964859,5.0,52.42718505859375,36.40776824951172,66.01941680908203
MLTpv2005,MLT,Malta,2005,pv,1.3803571462631226,0.300349622964859,5.0,96.60194396972656,75.24272155761719,100.0
MHLpv2005,MHL,Marshall Islands,2005,pv,1.0707448720932007,0.6193249225616455,1.0,84.95145416259766,47.57281494140625,100.0
MTQpv2005,MTQ,Martinique,2005,pv,1.1896660327911377,0.36922430992126465,2.0,90.291259765625,65.04854583740234,100.0
MRTpv2005,MRT,Mauritania,2005,pv,-0.22449594736099243,0.33286982774734497,3.0,39.32038879394531,24.2718448638916,55.339805603027344
MUSpv2005,MUS,Mauritius,2005,pv,1.0277488231658936,0.3263360857963562,4.0,81.55339813232422,63.10679626464844,99.51456451416016
MEXpv2005,MEX,Mexico,2005,pv,-0.4458208680152893,0.2701238989830017,7.0,33.49514389038086,20.87378692626953,45.63106918334961
FSMpv2005,FSM,"Micronesia, Fed. Sts.",2005,pv,1.1340824365615845,0.33286982774734497,3.0,87.86407470703125,65.04854583740234,100.0
MDApv2005,MDA,Moldova,2005,pv,-0.4014798700809479,0.30609455704689026,5.0,34.46601867675781,20.388349533081055,48.5436897277832
MCOpv2005,MCO,Monaco,2005,pv,1.030053734779358,0.4534899890422821,2.0,82.03883361816406,55.339805603027344,100.0
MNGpv2005,MNG,Mongolia,2005,pv,0.8787123560905457,0.300349622964859,5.0,75.24272155761719,56.79611587524414,95.63106536865234
MARpv2005,MAR,Morocco,2005,pv,-0.5566807389259338,0.2781161367893219,6.0,29.12621307373047,17.47572898864746,42.233009338378906
MOZpv2005,MOZ,Mozambique,2005,pv,0.12559573352336884,0.2781161367893219,6.0,50.97087478637695,36.40776824951172,65.04854583740234
MMRpv2005,MMR,Myanmar,2005,pv,-0.8992461562156677,0.28687262535095215,5.0,20.87378692626953,10.679611206054688,33.98058319091797
NAMpv2005,NAM,Namibia,2005,pv,0.6259760856628418,0.2781161367893219,6.0,66.01941680908203,51.94174575805664,85.4368896484375
NRUpv2005,NRU,Nauru,2005,pv,1.0707448720932007,0.6193249225616455,1.0,84.95145416259766,47.57281494140625,100.0
NPLpv2005,NPL,Nepal,2005,pv,-2.098404884338379,0.3033325672149658,4.0,1.9417475461959839,0.48543688654899597,6.3106794357299805
NLDpv2005,NLD,Netherlands,2005,pv,0.9881008863449097,0.2701238989830017,7.0,79.12621307373047,64.07766723632812,99.02912902832031
ANTpv2005,ANT,Netherlands Antilles (former),2005,pv,0.8161661624908447,0.36922430992126465,2.0,71.84465789794922,54.36893081665039,99.02912902832031
NZLpv2005,NZL,New Zealand,2005,pv,1.2522521018981934,0.2701238989830017,7.0,91.74757385253906,70.38835144042969,100.0
NICpv2005,NIC,Nicaragua,2005,pv,-0.3392329216003418,0.2781161367893219,6.0,36.40776824951172,22.815534591674805,50.0
NERpv2005,NER,Niger,2005,pv,-0.48601070046424866,0.311466783285141,4.0,31.55339813232422,18.44660186767578,47.57281494140625
NGApv2005,NGA,Nigeria,2005,pv,-1.666500449180603,0.2781161367893219,6.0,6.3106794357299805,1.4563106298446655,13.592232704162598
MKDpv2005,MKD,North Macedonia,2005,pv,-1.1559752225875854,0.2930357754230499,5.0,15.533980369567871,6.3106794357299805,25.7281551361084
NORpv2005,NOR,Norway,2005,pv,1.2952772378921509,0.2701238989830017,7.0,93.68932342529297,74.27184295654297,100.0
OMNpv2005,OMN,Oman,2005,pv,0.9464948773384094,0.28687262535095215,5.0,78.64077758789062,61.16504669189453,99.02912902832031
PAKpv2005,PAK,Pakistan,2005,pv,-1.7513883113861084,0.2781161367893219,6.0,5.339805603027344,0.9708737730979919,11.165048599243164
PLWpv2005,PLW,Palau,2005,pv,1.0707448720932007,0.6193249225616455,1.0,84.95145416259766,47.57281494140625,100.0
PANpv2005,PAN,Panama,2005,pv,-0.15752263367176056,0.2781161367893219,6.0,41.26213455200195,27.184465408325195,55.339805603027344
PNGpv2005,PNG,Papua New Guinea,2005,pv,-0.9219832420349121,0.28687262535095215,5.0,19.902912139892578,10.679611206054688,33.009708404541016
PRYpv2005,PRY,Paraguay,2005,pv,-0.6520781517028809,0.2781161367893219,6.0,26.213592529296875,16.990291595458984,39.805824279785156
PERpv2005,PER,Peru,2005,pv,-0.9757154583930969,0.2781161367893219,6.0,18.932039260864258,9.22330093383789,29.12621307373047
PHLpv2005,PHL,Philippines,2005,pv,-1.1787866353988647,0.2701238989830017,7.0,14.077670097351074,6.3106794357299805,25.242717742919922
POLpv2005,POL,Poland,2005,pv,0.3630829453468323,0.2701238989830017,7.0,56.79611587524414,42.233009338378906,70.38835144042969
PRTpv2005,PRT,Portugal,2005,pv,1.0166475772857666,0.2701238989830017,7.0,80.58252716064453,64.5631103515625,99.51456451416016
PRIpv2005,PRI,Puerto Rico,2005,pv,0.44557374715805054,0.36922430992126465,2.0,60.194175720214844,40.77669906616211,82.5242691040039
QATpv2005,QAT,Qatar,2005,pv,1.027679204940796,0.2781161367893219,6.0,81.06796264648438,64.5631103515625,99.51456451416016
ROMpv2005,ROM,Romania,2005,pv,0.08560264855623245,0.2701238989830017,7.0,48.5436897277832,35.92232894897461,64.07766723632812
RUSpv2005,RUS,Russian Federation,2005,pv,-1.2677013874053955,0.2701238989830017,7.0,11.650485038757324,5.339805603027344,22.330097198486328
RWApv2005,RWA,Rwanda,2005,pv,-1.0002124309539795,0.38434094190597534,2.0,17.961164474487305,6.3106794357299805,35.92232894897461
REUpv2005,REU,Réunion,2005,pv,0.47661909461021423,0.44368258118629456,1.0,61.65048599243164,38.34951400756836,90.77669525146484
WSMpv2005,WSM,Samoa,2005,pv,1.1327027082443237,0.33286982774734497,3.0,87.3786392211914,65.04854583740234,100.0
SMRpv2005,SMR,San Marino,2005,pv,1.0707448720932007,0.6193249225616455,1.0,84.95145416259766,47.57281494140625,100.0
SAUpv2005,SAU,Saudi Arabia,2005,pv,-0.24061401188373566,0.28687262535095215,5.0,38.83495330810547,25.242717742919922,54.36893081665039
SENpv2005,SEN,Senegal,2005,pv,-0.20400993525981903,0.28687262535095215,5.0,39.805824279785156,25.7281551361084,55.339805603027344
SRBpv2005,SRB,Serbia,2005,pv,-0.7624135613441467,0.2781161367893219,6.0,24.757282257080078,13.592232704162598,36.40776824951172
SYCpv2005,SYC,Seychelles,2005,pv,0.9318472146987915,0.3033325672149658,4.0,77.18446350097656,58.73786544799805,99.02912902832031
SLEpv2005,SLE,Sierra Leone,2005,pv,-0.4810677766799927,0.311466783285141,4.0,32.03883361816406,18.44660186767578,47.57281494140625
SGPpv2005,SGP,Singapore,2005,pv,1.1533499956130981,0.2701238989830017,7.0,88.83495330810547,67.4757308959961,100.0
SVKpv2005,SVK,Slovak Republic,2005,pv,0.8980727195739746,0.2701238989830017,7.0,76.69902801513672,61.16504669189453,95.63106536865234
SVNpv2005,SVN,Slovenia,2005,pv,1.0928112268447876,0.2701238989830017,7.0,85.92233276367188,66.01941680908203,99.51456451416016
SLBpv2005,SLB,Solomon Islands,2005,pv,-0.01718306727707386,0.38434094190597534,2.0,45.63106918334961,26.213592529296875,65.53398132324219
SOMpv2005,SOM,Somalia,2005,pv,-2.705590009689331,0.311466783285141,4.0,0.0,0.0,0.9708737730979919
ZAFpv2005,ZAF,South Africa,2005,pv,-0.16209211945533752,0.2701238989830017,7.0,40.77669906616211,27.184465408325195,55.339805603027344
ESPpv2005,ESP,Spain,2005,pv,0.1930266171693802,0.2701238989830017,7.0,53.3980598449707,38.34951400756836,66.01941680908203
LKApv2005,LKA,Sri Lanka,2005,pv,-1.152236819267273,0.2781161367893219,6.0,16.504854202270508,6.3106794357299805,25.7281551361084
KNApv2005,KNA,St. Kitts and Nevis,2005,pv,1.282124400138855,0.33286982774734497,3.0,92.2330093383789,67.4757308959961,100.0
LCApv2005,LCA,St. Lucia,2005,pv,1.000114917755127,0.33286982774734497,3.0,79.61164855957031,61.16504669189453,99.51456451416016
VCTpv2005,VCT,St. Vincent and the Grenadines,2005,pv,1.147587776184082,0.33286982774734497,3.0,88.34951782226562,65.04854583740234,100.0
SDNpv2005,SDN,Sudan,2005,pv,-1.9732959270477295,0.28687262535095215,5.0,3.3980581760406494,0.48543688654899597,7.7669901847839355
SURpv2005,SUR,Suriname,2005,pv,0.23304450511932373,0.35239624977111816,3.0,54.8543701171875,35.92232894897461,70.38835144042969
SWEpv2005,SWE,Sweden,2005,pv,1.2999048233032227,0.2701238989830017,7.0,94.66019439697266,74.27184295654297,100.0
CHEpv2005,CHE,Switzerland,2005,pv,1.196782112121582,0.2701238989830017,7.0,90.77669525146484,68.44660186767578,100.0
SYRpv2005,SYR,Syrian Arab Republic,2005,pv,-0.4616085886955261,0.28687262535095215,5.0,32.52427291870117,19.417476654052734,46.11650466918945
STPpv2005,STP,São Tomé and Principe,2005,pv,0.5755088925361633,0.38434094190597534,2.0,65.04854583740234,43.6893196105957,90.77669525146484
TWNpv2005,TWN,"Taiwan, China",2005,pv,0.6717929840087891,0.2701238989830017,7.0,66.50485229492188,54.36893081665039,86.89320373535156
TJKpv2005,TJK,Tajikistan,2005,pv,-1.392462134361267,0.31940093636512756,4.0,10.679611206054688,3.8834950923919678,21.84465980529785
TZApv2005,TZA,Tanzania,2005,pv,-0.5834537148475647,0.2781161367893219,6.0,28.15534019470215,16.990291595458984,41.74757385253906
THApv2005,THA,Thailand,2005,pv,-0.8701266050338745,0.2701238989830017,7.0,21.84465980529785,11.165048599243164,33.98058319091797
TMPpv2005,TMP,Timor-Leste,2005,pv,-0.7072155475616455,0.31940093636512756,4.0,25.7281551361084,13.592232704162598,39.805824279785156
TGOpv2005,TGO,Togo,2005,pv,-1.440218210220337,0.311466783285141,4.0,8.73786449432373,3.8834950923919678,19.417476654052734
TONpv2005,TON,Tonga,2005,pv,0.6773478984832764,0.33286982774734497,3.0,66.99028778076172,50.97087478637695,91.26213836669922
TTOpv2005,TTO,Trinidad and Tobago,2005,pv,-0.12195637077093124,0.2781161367893219,6.0,42.233009338378906,28.15534019470215,55.82524108886719
TUNpv2005,TUN,Tunisia,2005,pv,0.024227451533079147,0.2781161367893219,6.0,47.087379455566406,33.98058319091797,61.65048599243164
TKMpv2005,TKM,Turkmenistan,2005,pv,0.07271338999271393,0.3033325672149658,4.0,48.05825424194336,33.98058319091797,64.5631103515625
TUVpv2005,TUV,Tuvalu,2005,pv,1.3849272727966309,0.38434094190597534,2.0,99.02912902832031,68.44660186767578,100.0
TURpv2005,TUR,Türkiye,2005,pv,-0.6015511751174927,0.2701238989830017,7.0,27.669902801513672,16.990291595458984,40.77669906616211
UGApv2005,UGA,Uganda,2005,pv,-1.4172247648239136,0.2781161367893219,6.0,10.194174766540527,3.8834950923919678,19.417476654052734
UKRpv2005,UKR,Ukraine,2005,pv,-0.28536656498908997,0.2781161367893219,6.0,37.378639221191406,25.242717742919922,51.94174575805664
AREpv2005,ARE,United Arab Emirates,2005,pv,0.8754132986068726,0.2781161367893219,6.0,74.75727844238281,58.25242614746094,94.66019439697266
GBRpv2005,GBR,United Kingdom,2005,pv,0.12418776005506516,0.2701238989830017,7.0,50.485435485839844,36.40776824951172,64.5631103515625
USApv2005,USA,United States,2005,pv,-0.060543257743120193,0.2701238989830017,7.0,43.6893196105957,29.611650466918945,56.79611587524414
URYpv2005,URY,Uruguay,2005,pv,0.7776625752449036,0.2781161367893219,6.0,69.41747283935547,55.339805603027344,91.26213836669922
UZBpv2005,UZB,Uzbekistan,2005,pv,-1.9578956365585327,0.3033325672149658,4.0,3.8834950923919678,0.48543688654899597,7.7669901847839355
VUTpv2005,VUT,Vanuatu,2005,pv,1.3849272727966309,0.38434094190597534,2.0,99.02912902832031,68.44660186767578,100.0
VENpv2005,VEN,"Venezuela, RB",2005,pv,-1.2443324327468872,0.2701238989830017,7.0,13.592232704162598,5.825242519378662,22.815534591674805
VNMpv2005,VNM,Viet Nam,2005,pv,0.4840376675128937,0.2781161367893219,6.0,62.135921478271484,47.57281494140625,78.15534210205078
VIRpv2005,VIR,Virgin Islands (U.S.),2005,pv,0.4426663815975189,0.36922430992126465,2.0,59.708736419677734,40.291263580322266,82.5242691040039
WBGpv2005,WBG,West Bank and Gaza,2005,pv,-1.5409361124038696,0.38434094190597534,2.0,6.796116352081299,0.9708737730979919,20.388349533081055
YEMpv2005,YEM,"Yemen, Rep.",2005,pv,-1.4366734027862549,0.28687262535095215,5.0,9.22330093383789,3.8834950923919678,19.417476654052734
ZMBpv2005,ZMB,Zambia,2005,pv,0.10846324265003204,0.28687262535095215,5.0,50.0,35.92232894897461,65.04854583740234
ZWEpv2005,ZWE,Zimbabwe,2005,pv,-1.2676435708999634,0.2781161367893219,6.0,12.1359224319458,5.339805603027344,22.815534591674805
AFGpv2006,AFG,Afghanistan,2006,pv,-2.219134569168091,0.2894202172756195,4.0,1.4492753744125366,0.483091801404953,7.246376991271973
ALBpv2006,ALB,Albania,2006,pv,-0.5081573128700256,0.27378299832344055,6.0,29.951690673828125,17.8743953704834,42.99517059326172
DZApv2006,DZA,Algeria,2006,pv,-1.1264134645462036,0.25285428762435913,7.0,15.942028999328613,8.212560653686523,25.120773315429688
ASMpv2006,ASM,American Samoa,2006,pv,0.7039876580238342,0.42395952343940735,1.0,68.1159439086914,46.37681198120117,98.55072784423828
ADOpv2006,ADO,Andorra,2006,pv,1.3496540784835815,0.3764398992061615,2.0,98.55072784423828,68.1159439086914,100.0
AGOpv2006,AGO,Angola,2006,pv,-0.5394534468650818,0.27378299832344055,6.0,28.019323348999023,17.39130401611328,42.02898406982422
AIApv2006,AIA,Anguilla,2006,pv,1.1047999858856201,0.3629172146320343,2.0,89.37197875976562,61.352657318115234,100.0
ATGpv2006,ATG,Antigua and Barbuda,2006,pv,0.7998207211494446,0.3317561447620392,3.0,71.98067474365234,53.62318801879883,96.13526916503906
ARGpv2006,ARG,Argentina,2006,pv,0.001967762829735875,0.24576741456985474,8.0,45.89371871948242,31.40096664428711,57.48792266845703
ARMpv2006,ARM,Armenia,2006,pv,-0.26102375984191895,0.27378299832344055,6.0,38.164249420166016,25.120773315429688,51.69082260131836
ABWpv2006,ABW,Aruba,2006,pv,1.3034605979919434,0.3629172146320343,2.0,96.13526916503906,68.1159439086914,100.0
AUSpv2006,AUS,Australia,2006,pv,0.9344666004180908,0.26485079526901245,7.0,78.74396514892578,60.869564056396484,98.55072784423828
AUTpv2006,AUT,Austria,2006,pv,1.0744508504867554,0.26485079526901245,7.0,86.47342681884766,65.21739196777344,100.0
AZEpv2006,AZE,Azerbaijan,2006,pv,-1.0926823616027832,0.27378299832344055,6.0,16.425121307373047,8.212560653686523,26.086956024169922
BHSpv2006,BHS,"Bahamas, The",2006,pv,0.8104537129402161,0.31688541173934937,4.0,72.4637680053711,54.10628128051758,96.13526916503906
BHRpv2006,BHR,Bahrain,2006,pv,-0.36505061388015747,0.27378299832344055,6.0,32.367149353027344,22.22222137451172,48.79227066040039
BGDpv2006,BGD,Bangladesh,2006,pv,-1.5070973634719849,0.25285428762435913,7.0,8.69565200805664,2.8985507488250732,16.425121307373047
BRBpv2006,BRB,Barbados,2006,pv,0.9132118821144104,0.3224853277206421,4.0,77.29468536376953,56.5217399597168,99.0338134765625
BLRpv2006,BLR,Belarus,2006,pv,0.1484696865081787,0.27938786149024963,5.0,50.241546630859375,34.29951858520508,64.25120544433594
BELpv2006,BEL,Belgium,2006,pv,0.8563758134841919,0.26485079526901245,7.0,73.91304016113281,58.937198638916016,95.16908264160156
BLZpv2006,BLZ,Belize,2006,pv,0.08197703957557678,0.2894202172756195,4.0,48.79227066040039,31.40096664428711,63.2850227355957
BENpv2006,BEN,Benin,2006,pv,0.5478925704956055,0.2602185904979706,6.0,63.2850227355957,49.27536392211914,80.1932373046875
BMUpv2006,BMU,Bermuda,2006,pv,0.7746514678001404,0.3629172146320343,2.0,70.04830932617188,51.20772933959961,98.55072784423828
BTNpv2006,BTN,Bhutan,2006,pv,1.2645189762115479,0.3317561447620392,3.0,94.68598937988281,68.1159439086914,100.0
BOLpv2006,BOL,Bolivia,2006,pv,-0.802562952041626,0.25285428762435913,7.0,22.70531463623047,13.526570320129395,31.40096664428711
BIHpv2006,BIH,Bosnia and Herzegovina,2006,pv,-0.4413367509841919,0.2832031548023224,5.0,31.40096664428711,19.323671340942383,46.37681198120117
BWApv2006,BWA,Botswana,2006,pv,1.0171098709106445,0.25285428762435913,7.0,81.64250946044922,64.25120544433594,99.0338134765625
BRApv2006,BRA,Brazil,2006,pv,-0.29491111636161804,0.24576741456985474,8.0,35.26570129394531,25.120773315429688,48.79227066040039
BRNpv2006,BRN,Brunei Darussalam,2006,pv,1.1233551502227783,0.3551199436187744,3.0,89.85507202148438,62.80193328857422,100.0
BGRpv2006,BGR,Bulgaria,2006,pv,0.39442119002342224,0.24576741456985474,8.0,57.48792266845703,45.41062927246094,71.4975814819336
BFApv2006,BFA,Burkina Faso,2006,pv,0.15579955279827118,0.25285428762435913,7.0,50.72463607788086,38.164249420166016,63.76811599731445
BDIpv2006,BDI,Burundi,2006,pv,-1.4277734756469727,0.2832031548023224,5.0,9.178744316101074,4.34782600402832,17.8743953704834
KHMpv2006,KHM,Cambodia,2006,pv,-0.3459791839122772,0.2602185904979706,6.0,33.81642532348633,23.188405990600586,48.30917739868164
CMRpv2006,CMR,Cameroon,2006,pv,-0.2447052299976349,0.25285428762435913,7.0,38.647342681884766,26.086956024169922,51.20772933959961
CANpv2006,CAN,Canada,2006,pv,1.0349565744400024,0.24576741456985474,8.0,82.60869598388672,65.21739196777344,99.0338134765625
CPVpv2006,CPV,Cape Verde,2006,pv,0.9623250365257263,0.31767114996910095,3.0,79.71014404296875,59.4202880859375,99.51690673828125
CYMpv2006,CYM,Cayman Islands,2006,pv,1.1047999858856201,0.3629172146320343,2.0,89.37197875976562,61.352657318115234,100.0
CAFpv2006,CAF,Central African Republic,2006,pv,-1.8515515327453613,0.3317561447620392,3.0,5.314009666442871,0.483091801404953,12.560386657714844
TCDpv2006,TCD,Chad,2006,pv,-1.8317550420761108,0.2602185904979706,6.0,5.7971014976501465,0.483091801404953,10.144927978515625
CHLpv2006,CHL,Chile,2006,pv,0.6130058765411377,0.24576741456985474,8.0,64.73429870605469,52.657005310058594,81.159423828125
CHNpv2006,CHN,China,2006,pv,-0.5400301218032837,0.24576741456985474,8.0,27.536231994628906,17.8743953704834,41.062801361083984
COLpv2006,COL,Colombia,2006,pv,-1.9047967195510864,0.24576741456985474,8.0,3.864734411239624,0.483091801404953,8.69565200805664
COMpv2006,COM,Comoros,2006,pv,-0.360273152589798,0.3764398992061615,2.0,32.850242614746094,17.39130401611328,53.62318801879883
ZARpv2006,ZAR,"Congo, Dem. Rep.",2006,pv,-2.246732234954834,0.31688541173934937,4.0,0.966183602809906,0.0,7.729468822479248
COGpv2006,COG,"Congo, Rep.",2006,pv,-0.9234117865562439,0.27938786149024963,5.0,18.840579986572266,11.594202995300293,30.434782028198242
CRIpv2006,CRI,Costa Rica,2006,pv,0.7360501289367676,0.27378299832344055,6.0,68.59903717041016,53.62318801879883,90.82125854492188
HRVpv2006,HRV,Croatia,2006,pv,0.5608292818069458,0.26485079526901245,7.0,63.76811599731445,49.27536392211914,80.67633056640625
CUBpv2006,CUB,Cuba,2006,pv,0.47447726130485535,0.2572495937347412,6.0,60.386474609375,47.826087951660156,74.87922668457031
CYPpv2006,CYP,Cyprus,2006,pv,0.5396649837493896,0.27378299832344055,6.0,62.80193328857422,48.79227066040039,80.67633056640625
CZEpv2006,CZE,Czech Republic,2006,pv,1.0537288188934326,0.24576741456985474,8.0,85.50724792480469,65.70048522949219,99.51690673828125
CIVpv2006,CIV,Côte d'Ivoire,2006,pv,-1.8618683815002441,0.2572495937347412,6.0,4.830917835235596,0.483091801404953,8.69565200805664
DNKpv2006,DNK,Denmark,2006,pv,1.0467928647994995,0.26485079526901245,7.0,85.02415466308594,64.25120544433594,99.51690673828125
DJIpv2006,DJI,Djibouti,2006,pv,-0.262578547000885,0.3317561447620392,3.0,37.68115997314453,22.22222137451172,53.62318801879883
DMApv2006,DMA,Dominica,2006,pv,0.9096983671188354,0.3317561447620392,3.0,76.32849884033203,56.03864669799805,99.0338134765625
DOMpv2006,DOM,Dominican Republic,2006,pv,-0.10980306565761566,0.25285428762435913,7.0,42.02898406982422,28.98550796508789,54.10628128051758
ECUpv2006,ECU,Ecuador,2006,pv,-0.8538253307342529,0.27378299832344055,6.0,20.772947311401367,12.560386657714844,31.40096664428711
EGYpv2006,EGY,"Egypt, Arab Rep.",2006,pv,-0.8378076553344727,0.25285428762435913,7.0,22.22222137451172,13.526570320129395,31.40096664428711
SLVpv2006,SLV,El Salvador,2006,pv,-0.16815802454948425,0.27378299832344055,6.0,40.5797119140625,26.57004737854004,53.62318801879883
GNQpv2006,GNQ,Equatorial Guinea,2006,pv,0.16879040002822876,0.31767114996910095,3.0,51.20772933959961,33.33333206176758,66.66666412353516
ERIpv2006,ERI,Eritrea,2006,pv,-0.9002169370651245,0.2894202172756195,4.0,19.8067626953125,11.594202995300293,31.40096664428711
ESTpv2006,EST,Estonia,2006,pv,0.7366782426834106,0.24576741456985474,8.0,69.08212280273438,54.10628128051758,90.82125854492188
SWZpv2006,SWZ,Eswatini,2006,pv,-0.27087000012397766,0.31767114996910095,3.0,36.23188400268555,22.70531463623047,53.62318801879883
ETHpv2006,ETH,Ethiopia,2006,pv,-1.740132212638855,0.25285428762435913,7.0,7.729468822479248,1.4492753744125366,12.560386657714844
FJIpv2006,FJI,Fiji,2006,pv,-0.03405804932117462,0.3317561447620392,3.0,44.44444274902344,27.05314064025879,61.352657318115234
FINpv2006,FIN,Finland,2006,pv,1.5011110305786133,0.26485079526901245,7.0,100.0,85.99034118652344,100.0
FRApv2006,FRA,France,2006,pv,0.5955057740211487,0.24576741456985474,8.0,64.25120544433594,51.69082260131836,80.67633056640625
GUFpv2006,GUF,French Guiana,2006,pv,0.04718182235956192,0.3629172146320343,2.0,47.342994689941406,27.05314064025879,65.21739196777344
GABpv2006,GAB,Gabon,2006,pv,0.22000622749328613,0.2572495937347412,6.0,53.14009475708008,40.09661865234375,65.21739196777344
GMBpv2006,GMB,"Gambia, The",2006,pv,-0.034124113619327545,0.29732421040534973,5.0,43.96135330200195,29.468599319458008,59.4202880859375
GEOpv2006,GEO,Georgia,2006,pv,-0.9660987854003906,0.2832031548023224,5.0,17.8743953704834,8.69565200805664,29.951690673828125
DEUpv2006,DEU,Germany,2006,pv,1.0250695943832397,0.24576741456985474,8.0,82.12560272216797,64.73429870605469,99.0338134765625
GHApv2006,GHA,Ghana,2006,pv,0.006396186072379351,0.2572495937347412,6.0,46.37681198120117,31.40096664428711,59.4202880859375
GRCpv2006,GRC,Greece,2006,pv,0.6304327845573425,0.24576741456985474,8.0,65.21739196777344,53.14009475708008,82.12560272216797
GRDpv2006,GRD,Grenada,2006,pv,0.39109259843826294,0.3317561447620392,3.0,57.00482940673828,40.5797119140625,78.74396514892578
GUMpv2006,GUM,Guam,2006,pv,0.7039876580238342,0.42395952343940735,1.0,68.1159439086914,46.37681198120117,98.55072784423828
GTMpv2006,GTM,Guatemala,2006,pv,-0.735238790512085,0.25285428762435913,7.0,24.63768196105957,14.009661674499512,33.81642532348633
GINpv2006,GIN,Guinea,2006,pv,-1.9089285135269165,0.27938786149024963,5.0,3.3816425800323486,0.483091801404953,8.69565200805664
GNBpv2006,GNB,Guinea-Bissau,2006,pv,-0.49407336115837097,0.3551199436187744,3.0,30.434782028198242,16.425121307373047,48.79227066040039
GUYpv2006,GUY,Guyana,2006,pv,-0.7341184616088867,0.27378299832344055,6.0,25.120773315429688,13.526570320129395,35.26570129394531
HTIpv2006,HTI,Haiti,2006,pv,-1.3915435075759888,0.27938786149024963,5.0,10.628019332885742,5.314009666442871,17.8743953704834
HNDpv2006,HND,Honduras,2006,pv,-0.66790372133255,0.27378299832344055,6.0,26.086956024169922,15.942028999328613,40.09661865234375
HKGpv2006,HKG,"Hong Kong SAR, China",2006,pv,1.1909122467041016,0.2576620578765869,7.0,91.3043441772461,69.56521606445312,100.0
HUNpv2006,HUN,Hungary,2006,pv,0.985676109790802,0.24576741456985474,8.0,80.67633056640625,63.76811599731445,98.55072784423828
ISLpv2006,ISL,Iceland,2006,pv,1.4538265466690063,0.26485079526901245,7.0,99.51690673828125,81.64250946044922,100.0
INDpv2006,IND,India,2006,pv,-1.065184235572815,0.24576741456985474,8.0,16.908212661743164,8.69565200805664,26.086956024169922
IDNpv2006,IDN,Indonesia,2006,pv,-1.4176669120788574,0.24576741456985474,8.0,10.144927978515625,5.7971014976501465,17.39130401611328
IRNpv2006,IRN,"Iran, Islamic Rep.",2006,pv,-1.0408400297164917,0.2572495937347412,6.0,17.39130401611328,8.69565200805664,26.57004737854004
IRQpv2006,IRQ,Iraq,2006,pv,-2.826402187347412,0.27938786149024963,5.0,0.0,0.0,0.483091801404953
IRLpv2006,IRL,Ireland,2006,pv,1.1924105882644653,0.24576741456985474,8.0,91.78743743896484,71.4975814819336,100.0
ISRpv2006,ISR,Israel,2006,pv,-1.2592887878417969,0.24576741456985474,8.0,13.043478012084961,7.729468822479248,20.28985595703125
ITApv2006,ITA,Italy,2006,pv,0.5307337641716003,0.24576741456985474,8.0,62.31884002685547,49.27536392211914,78.26087188720703
JAMpv2006,JAM,Jamaica,2006,pv,-0.32016366720199585,0.27378299832344055,6.0,34.29951858520508,23.188405990600586,49.27536392211914
JPNpv2006,JPN,Japan,2006,pv,1.1383345127105713,0.24576741456985474,8.0,90.82125854492188,68.1159439086914,100.0
JORpv2006,JOR,Jordan,2006,pv,-0.7623175382614136,0.24576741456985474,8.0,23.671497344970703,13.526570320129395,32.850242614746094
KAZpv2006,KAZ,Kazakhstan,2006,pv,0.2079378068447113,0.25285428762435913,7.0,52.173912048339844,40.09661865234375,64.73429870605469
KENpv2006,KEN,Kenya,2006,pv,-1.1269832849502563,0.25285428762435913,7.0,15.458937644958496,8.212560653686523,25.120773315429688
KIRpv2006,KIR,Kiribati,2006,pv,1.3496540784835815,0.3764398992061615,2.0,98.55072784423828,68.1159439086914,100.0
PRKpv2006,PRK,"Korea, Dem. Rep.",2006,pv,-0.02074972540140152,0.3045428395271301,4.0,44.92753601074219,29.468599319458008,60.386474609375
KORpv2006,KOR,"Korea, Rep.",2006,pv,0.4238554537296295,0.24576741456985474,8.0,59.4202880859375,46.37681198120117,72.4637680053711
KWTpv2006,KWT,Kuwait,2006,pv,0.4127331078052521,0.25285428762435913,7.0,58.454105377197266,45.41062927246094,72.4637680053711
KGZpv2006,KGZ,Kyrgyz Republic,2006,pv,-1.385570764541626,0.2832031548023224,5.0,11.594202995300293,5.314009666442871,18.840579986572266
LAOpv2006,LAO,Lao PDR,2006,pv,-0.0852985605597496,0.2894202172756195,4.0,42.51207733154297,27.05314064025879,56.5217399597168
LVApv2006,LVA,Latvia,2006,pv,0.8383687138557434,0.27378299832344055,6.0,72.94686126708984,56.5217399597168,95.16908264160156
LBNpv2006,LBN,Lebanon,2006,pv,-1.8038626909255981,0.2572495937347412,6.0,6.280193328857422,0.966183602809906,11.594202995300293
LSOpv2006,LSO,Lesotho,2006,pv,-0.12470535933971405,0.3095034658908844,4.0,41.545894622802734,26.57004737854004,56.5217399597168
LBRpv2006,LBR,Liberia,2006,pv,-1.3268412351608276,0.31688541173934937,4.0,12.560386657714844,5.314009666442871,22.22222137451172
LBYpv2006,LBY,Libya,2006,pv,0.3581288754940033,0.27938786149024963,5.0,55.55555725097656,42.02898406982422,72.4637680053711
LIEpv2006,LIE,Liechtenstein,2006,pv,1.3496540784835815,0.3764398992061615,2.0,98.55072784423828,68.1159439086914,100.0
LTUpv2006,LTU,Lithuania,2006,pv,0.8709959983825684,0.25285428762435913,7.0,74.87922668457031,59.4202880859375,95.16908264160156
LUXpv2006,LUX,Luxembourg,2006,pv,1.399898886680603,0.26485079526901245,7.0,99.0338134765625,79.71014404296875,100.0
MACpv2006,MAC,"Macao SAR, China",2006,pv,0.9733120203018188,0.3629172146320343,2.0,80.1932373046875,56.5217399597168,100.0
MDGpv2006,MDG,Madagascar,2006,pv,0.185515359044075,0.25285428762435913,7.0,51.69082260131836,39.613525390625,64.25120544433594
MWIpv2006,MWI,Malawi,2006,pv,0.12009195983409882,0.27378299832344055,6.0,49.27536392211914,33.81642532348633,63.76811599731445
MYSpv2006,MYS,Malaysia,2006,pv,0.2883796989917755,0.24576741456985474,8.0,54.10628128051758,41.545894622802734,66.66666412353516
MDVpv2006,MDV,Maldives,2006,pv,0.7583587765693665,0.3317561447620392,3.0,69.56521606445312,52.657005310058594,95.65217590332031
MLIpv2006,MLI,Mali,2006,pv,0.4141969084739685,0.2796363830566406,6.0,58.937198638916016,42.99517059326172,74.87922668457031
MLTpv2006,MLT,Malta,2006,pv,1.2312575578689575,0.27378299832344055,6.0,92.75362396240234,71.01449584960938,100.0
MHLpv2006,MHL,Marshall Islands,2006,pv,1.0407226085662842,0.6418249011039734,1.0,84.54106140136719,45.41062927246094,100.0
MTQpv2006,MTQ,Martinique,2006,pv,1.1047999858856201,0.3629172146320343,2.0,89.37197875976562,61.352657318115234,100.0
MRTpv2006,MRT,Mauritania,2006,pv,0.24035021662712097,0.28969648480415344,5.0,53.62318801879883,39.613525390625,68.1159439086914
MUSpv2006,MUS,Mauritius,2006,pv,0.7808899879455566,0.2801758646965027,5.0,70.53140258789062,54.10628128051758,92.75362396240234
MEXpv2006,MEX,Mexico,2006,pv,-0.6368884444236755,0.24576741456985474,8.0,26.57004737854004,17.39130401611328,39.613525390625
FSMpv2006,FSM,"Micronesia, Fed. Sts.",2006,pv,1.1318408250808716,0.3317561447620392,3.0,90.33816528320312,63.76811599731445,100.0
MDApv2006,MDA,Moldova,2006,pv,-0.3696646988391876,0.27378299832344055,6.0,31.884057998657227,22.22222137451172,48.30917739868164
MCOpv2006,MCO,Monaco,2006,pv,1.0078027248382568,0.4736994206905365,2.0,81.159423828125,53.14009475708008,100.0
MNGpv2006,MNG,Mongolia,2006,pv,0.6469069719314575,0.30877670645713806,5.0,65.70048522949219,49.27536392211914,90.82125854492188
MNEpv2006,MNE,Montenegro,2006,pv,0.04754960536956787,0.6418249011039734,1.0,47.826087951660156,17.39130401611328,87.43961334228516
MARpv2006,MAR,Morocco,2006,pv,-0.4613434672355652,0.25285428762435913,7.0,30.917875289916992,19.8067626953125,42.99517059326172
MOZpv2006,MOZ,Mozambique,2006,pv,0.520101010799408,0.25285428762435913,7.0,61.835750579833984,48.79227066040039,78.74396514892578
MMRpv2006,MMR,Myanmar,2006,pv,-0.8503724336624146,0.27938786149024963,5.0,21.256038665771484,12.560386657714844,31.40096664428711
NAMpv2006,NAM,Namibia,2006,pv,0.7822495698928833,0.27378299832344055,6.0,71.01449584960938,54.10628128051758,92.2705307006836
NRUpv2006,NRU,Nauru,2006,pv,1.0407226085662842,0.6418249011039734,1.0,84.54106140136719,45.41062927246094,100.0
NPLpv2006,NPL,Nepal,2006,pv,-1.8944501876831055,0.3224853277206421,4.0,4.34782600402832,0.483091801404953,11.594202995300293
NLDpv2006,NLD,Netherlands,2006,pv,0.9027361869812012,0.26485079526901245,7.0,75.84541320800781,59.90338134765625,96.13526916503906
ANTpv2006,ANT,Netherlands Antilles (former),2006,pv,1.1047999858856201,0.3629172146320343,2.0,89.37197875976562,61.352657318115234,100.0
NZLpv2006,NZL,New Zealand,2006,pv,1.2544922828674316,0.24576741456985474,8.0,94.20289611816406,73.4299545288086,100.0
NICpv2006,NIC,Nicaragua,2006,pv,-0.2678196132183075,0.27378299832344055,6.0,36.7149772644043,25.120773315429688,51.20772933959961
NERpv2006,NER,Niger,2006,pv,-0.22747531533241272,0.2856164872646332,5.0,40.09661865234375,25.120773315429688,53.62318801879883
NGApv2006,NGA,Nigeria,2006,pv,-2.0340776443481445,0.25285428762435913,7.0,2.415458917617798,0.483091801404953,8.212560653686523
MKDpv2006,MKD,North Macedonia,2006,pv,-0.7365753054618835,0.2832031548023224,5.0,24.15458869934082,13.526570320129395,35.7487907409668
NORpv2006,NOR,Norway,2006,pv,1.252705693244934,0.24576741456985474,8.0,93.71981048583984,73.4299545288086,100.0
OMNpv2006,OMN,Oman,2006,pv,0.8413236141204834,0.27938786149024963,5.0,73.4299545288086,56.5217399597168,95.65217590332031
PAKpv2006,PAK,Pakistan,2006,pv,-2.0246784687042236,0.25285428762435913,7.0,2.8985507488250732,0.483091801404953,8.212560653686523
PLWpv2006,PLW,Palau,2006,pv,1.0407226085662842,0.6418249011039734,1.0,84.54106140136719,45.41062927246094,100.0
PANpv2006,PAN,Panama,2006,pv,-0.0679050013422966,0.27378299832344055,6.0,42.99517059326172,29.468599319458008,56.5217399597168
PNGpv2006,PNG,Papua New Guinea,2006,pv,-0.8698735237121582,0.27938786149024963,5.0,20.28985595703125,12.07729434967041,31.40096664428711
PRYpv2006,PRY,Paraguay,2006,pv,-0.7765250205993652,0.27378299832344055,6.0,23.188405990600586,13.526570320129395,33.81642532348633
PERpv2006,PER,Peru,2006,pv,-0.841553807258606,0.25285428762435913,7.0,21.7391300201416,13.043478012084961,31.40096664428711
PHLpv2006,PHL,Philippines,2006,pv,-1.638671636581421,0.24576741456985474,8.0,8.212560653686523,1.932367205619812,13.526570320129395
POLpv2006,POL,Poland,2006,pv,0.35403183102607727,0.24576741456985474,8.0,55.07246398925781,42.99517059326172,69.08212280273438
PRTpv2006,PRT,Portugal,2006,pv,0.9523906111717224,0.24576741456985474,8.0,79.22705078125,63.2850227355957,98.55072784423828
PRIpv2006,PRI,Puerto Rico,2006,pv,0.3773304522037506,0.3629172146320343,2.0,56.5217399597168,40.09661865234375,79.71014404296875
QATpv2006,QAT,Qatar,2006,pv,0.926921546459198,0.26485079526901245,7.0,78.26087188720703,60.869564056396484,98.55072784423828
ROMpv2006,ROM,Romania,2006,pv,0.14843007922172546,0.24576741456985474,8.0,49.758453369140625,38.164249420166016,63.2850227355957
RUSpv2006,RUS,Russian Federation,2006,pv,-0.9087943434715271,0.24576741456985474,8.0,19.323671340942383,12.560386657714844,29.951690673828125
RWApv2006,RWA,Rwanda,2006,pv,-0.6840619444847107,0.2894202172756195,4.0,25.603864669799805,13.526570320129395,40.09661865234375
REUpv2006,REU,Réunion,2006,pv,0.7039876580238342,0.42395952343940735,1.0,68.1159439086914,46.37681198120117,98.55072784423828
WSMpv2006,WSM,Samoa,2006,pv,1.0985090732574463,0.3317561447620392,3.0,87.43961334228516,63.2850227355957,100.0
SMRpv2006,SMR,San Marino,2006,pv,1.0407226085662842,0.6418249011039734,1.0,84.54106140136719,45.41062927246094,100.0
SAUpv2006,SAU,Saudi Arabia,2006,pv,-0.5224238038063049,0.2572495937347412,6.0,29.468599319458008,17.8743953704834,42.02898406982422
SENpv2006,SEN,Senegal,2006,pv,-0.26431694626808167,0.2572495937347412,6.0,37.19806671142578,25.120773315429688,50.72463607788086
SRBpv2006,SRB,Serbia,2006,pv,-0.5375684499740601,0.29732421040534973,5.0,28.50241470336914,17.39130401611328,42.99517059326172
SYCpv2006,SYC,Seychelles,2006,pv,0.9127485752105713,0.2894202172756195,4.0,76.81159210205078,59.4202880859375,98.55072784423828
SLEpv2006,SLE,Sierra Leone,2006,pv,-0.3028838038444519,0.31688541173934937,4.0,34.78260803222656,22.22222137451172,52.657005310058594
SGPpv2006,SGP,Singapore,2006,pv,1.2484928369522095,0.24576741456985474,8.0,93.2367172241211,73.4299545288086,100.0
SVKpv2006,SVK,Slovak Republic,2006,pv,0.7841786742210388,0.26485079526901245,7.0,71.4975814819336,54.58937072753906,92.2705307006836
SVNpv2006,SVN,Slovenia,2006,pv,1.0857290029525757,0.26485079526901245,7.0,86.9565200805664,65.70048522949219,100.0
SLBpv2006,SLB,Solomon Islands,2006,pv,0.0672086626291275,0.3764398992061615,2.0,48.30917739868164,27.05314064025879,66.66666412353516
SOMpv2006,SOM,Somalia,2006,pv,-2.7463502883911133,0.31688541173934937,4.0,0.483091801404953,0.0,0.966183602809906
ZAFpv2006,ZAF,South Africa,2006,pv,0.04703007638454437,0.24576741456985474,8.0,46.85990524291992,33.33333206176758,59.4202880859375
ESPpv2006,ESP,Spain,2006,pv,-0.15064865350723267,0.24576741456985474,8.0,41.062801361083984,27.05314064025879,53.62318801879883
LKApv2006,LKA,Sri Lanka,2006,pv,-1.4215507507324219,0.25285428762435913,7.0,9.661835670471191,5.314009666442871,17.39130401611328
KNApv2006,KNA,St. Kitts and Nevis,2006,pv,1.2083866596221924,0.3317561447620392,3.0,92.2705307006836,65.70048522949219,100.0
LCApv2006,LCA,St. Lucia,2006,pv,0.8601062297821045,0.3317561447620392,3.0,74.39613342285156,54.10628128051758,99.0338134765625
VCTpv2006,VCT,St. Vincent and the Grenadines,2006,pv,1.0591236352920532,0.3317561447620392,3.0,85.99034118652344,61.352657318115234,100.0
SDNpv2006,SDN,Sudan,2006,pv,-2.1390774250030518,0.27938786149024963,5.0,1.932367205619812,0.483091801404953,7.729468822479248
SURpv2006,SUR,Suriname,2006,pv,-0.013915001414716244,0.30877670645713806,5.0,45.41062927246094,29.468599319458008,60.869564056396484
SWEpv2006,SWE,Sweden,2006,pv,1.2939339876174927,0.24576741456985474,8.0,95.65217590332031,74.87922668457031,100.0
CHEpv2006,CHE,Switzerland,2006,pv,1.2681174278259277,0.26485079526901245,7.0,95.16908264160156,72.4637680053711,100.0
SYRpv2006,SYR,Syrian Arab Republic,2006,pv,-0.2782178223133087,0.2572495937347412,6.0,35.7487907409668,25.120773315429688,49.27536392211914
STPpv2006,STP,São Tomé and Principe,2006,pv,0.34757423400878906,0.31767114996910095,3.0,54.58937072753906,40.09661865234375,74.39613342285156
TWNpv2006,TWN,"Taiwan, China",2006,pv,0.6757022738456726,0.24576741456985474,8.0,66.66666412353516,53.62318801879883,86.47342681884766
TJKpv2006,TJK,Tajikistan,2006,pv,-1.3861448764801025,0.2832031548023224,5.0,11.11111068725586,5.314009666442871,18.840579986572266
TZApv2006,TZA,Tanzania,2006,pv,-0.35751816630363464,0.27378299832344055,6.0,33.33333206176758,22.22222137451172,48.79227066040039
THApv2006,THA,Thailand,2006,pv,-1.1302001476287842,0.24576741456985474,8.0,14.975845336914062,8.212560653686523,25.120773315429688
TMPpv2006,TMP,Timor-Leste,2006,pv,-1.1564983129501343,0.3224853277206421,4.0,14.009661674499512,7.729468822479248,26.57004737854004
TGOpv2006,TGO,Togo,2006,pv,-0.5273222327232361,0.27938786149024963,5.0,28.98550796508789,17.39130401611328,42.51207733154297
TONpv2006,TON,Tonga,2006,pv,0.46780064702033997,0.3317561447620392,3.0,59.90338134765625,42.51207733154297,81.159423828125
TTOpv2006,TTO,Trinidad and Tobago,2006,pv,-0.2377621829509735,0.27378299832344055,6.0,39.613525390625,25.120773315429688,52.657005310058594
TUNpv2006,TUN,Tunisia,2006,pv,0.20851244032382965,0.25285428762435913,7.0,52.657005310058594,40.09661865234375,64.73429870605469
TKMpv2006,TKM,Turkmenistan,2006,pv,-0.24465440213680267,0.2894202172756195,4.0,39.130435943603516,25.120773315429688,53.14009475708008
TUVpv2006,TUV,Tuvalu,2006,pv,1.3496540784835815,0.3764398992061615,2.0,98.55072784423828,68.1159439086914,100.0
TURpv2006,TUR,Türkiye,2006,pv,-0.5902130007743835,0.24576741456985474,8.0,27.05314064025879,17.39130401611328,40.09661865234375
UGApv2006,UGA,Uganda,2006,pv,-1.1403452157974243,0.25285428762435913,7.0,14.492753982543945,8.212560653686523,25.120773315429688
UKRpv2006,UKR,Ukraine,2006,pv,-0.03687761723995209,0.25285428762435913,7.0,43.4782600402832,30.917875289916992,56.5217399597168
AREpv2006,ARE,United Arab Emirates,2006,pv,0.9234210848808289,0.27378299832344055,6.0,77.77777862548828,59.90338134765625,98.55072784423828
GBRpv2006,GBR,United Kingdom,2006,pv,0.6670801043510437,0.24576741456985474,8.0,66.18357849121094,53.62318801879883,85.99034118652344
USApv2006,USA,United States,2006,pv,0.4908354878425598,0.24576741456985474,8.0,60.869564056396484,48.79227066040039,74.87922668457031
URYpv2006,URY,Uruguay,2006,pv,0.8985995650291443,0.27378299832344055,6.0,75.36231994628906,59.4202880859375,96.13526916503906
UZBpv2006,UZB,Uzbekistan,2006,pv,-1.784659504890442,0.26501670479774475,5.0,6.763285160064697,0.966183602809906,11.594202995300293
VUTpv2006,VUT,Vanuatu,2006,pv,1.3496540784835815,0.3764398992061615,2.0,98.55072784423828,68.1159439086914,100.0
VENpv2006,VEN,"Venezuela, RB",2006,pv,-1.252867579460144,0.24576741456985474,8.0,13.526570320129395,7.729468822479248,21.256038665771484
VNMpv2006,VNM,Viet Nam,2006,pv,0.40512025356292725,0.25285428762435913,7.0,57.97101593017578,45.41062927246094,72.4637680053711
VIRpv2006,VIR,Virgin Islands (U.S.),2006,pv,0.5088184475898743,0.3629172146320343,2.0,61.352657318115234,42.02898406982422,87.43961334228516
WBGpv2006,WBG,West Bank and Gaza,2006,pv,-1.7702112197875977,0.3764398992061615,2.0,7.246376991271973,0.483091801404953,14.009661674499512
YEMpv2006,YEM,"Yemen, Rep.",2006,pv,-1.3453116416931152,0.2572495937347412,6.0,12.07729434967041,7.246376991271973,18.35748863220215
ZMBpv2006,ZMB,Zambia,2006,pv,0.36379221081733704,0.27378299832344055,6.0,56.03864669799805,42.51207733154297,72.4637680053711
ZWEpv2006,ZWE,Zimbabwe,2006,pv,-0.9319960474967957,0.25285428762435913,7.0,18.35748863220215,11.594202995300293,29.468599319458008
AFGpv2007,AFG,Afghanistan,2007,pv,-2.4133734703063965,0.3081052899360657,3.0,1.4492753744125366,0.0,3.864734411239624
ALBpv2007,ALB,Albania,2007,pv,-0.203974649310112,0.26269111037254333,6.0,37.68115997314453,24.63768196105957,50.72463607788086
DZApv2007,DZA,Algeria,2007,pv,-1.1505855321884155,0.24429453909397125,7.0,14.009661674499512,8.69565200805664,22.22222137451172
ASMpv2007,ASM,American Samoa,2007,pv,0.9679311513900757,0.3827870488166809,1.0,80.1932373046875,54.58937072753906,100.0
ADOpv2007,ADO,Andorra,2007,pv,1.3420157432556152,0.34842056035995483,2.0,98.55072784423828,72.4637680053711,100.0
AGOpv2007,AGO,Angola,2007,pv,-0.6666587591171265,0.26761767268180847,5.0,24.15458869934082,14.975845336914062,37.19806671142578
AIApv2007,AIA,Anguilla,2007,pv,1.0857380628585815,0.331106036901474,2.0,87.43961334228516,63.2850227355957,100.0
ATGpv2007,ATG,Antigua and Barbuda,2007,pv,0.8026701807975769,0.3081052899360657,3.0,75.84541320800781,53.62318801879883,96.61835479736328
ARGpv2007,ARG,Argentina,2007,pv,0.09779663383960724,0.2392497956752777,8.0,46.85990524291992,34.78260803222656,61.835750579833984
ARMpv2007,ARM,Armenia,2007,pv,0.15090583264827728,0.26269111037254333,6.0,47.826087951660156,34.78260803222656,66.18357849121094
ABWpv2007,ABW,Aruba,2007,pv,1.286568522453308,0.331106036901474,2.0,96.61835479736328,71.01449584960938,100.0
AUSpv2007,AUS,Australia,2007,pv,0.9288749098777771,0.2564486861228943,7.0,78.74396514892578,61.835750579833984,98.55072784423828
AUTpv2007,AUT,Austria,2007,pv,1.284419298171997,0.2564486861228943,7.0,96.13526916503906,77.29468536376953,100.0
AZEpv2007,AZE,Azerbaijan,2007,pv,-0.6259964108467102,0.26269111037254333,6.0,25.603864669799805,16.425121307373047,37.68115997314453
BHSpv2007,BHS,"Bahamas, The",2007,pv,0.730122447013855,0.29089096188545227,4.0,71.01449584960938,52.173912048339844,92.75362396240234
BHRpv2007,BHR,Bahrain,2007,pv,-0.24777351319789886,0.26269111037254333,6.0,36.7149772644043,23.671497344970703,48.79227066040039
BGDpv2007,BGD,Bangladesh,2007,pv,-1.5430716276168823,0.24429453909397125,7.0,9.178744316101074,3.864734411239624,14.009661674499512
BRBpv2007,BRB,Barbados,2007,pv,1.0442063808441162,0.300653874874115,4.0,85.02415466308594,63.2850227355957,100.0
BLRpv2007,BLR,Belarus,2007,pv,0.3410087823867798,0.26761767268180847,5.0,55.07246398925781,39.613525390625,73.4299545288086
BELpv2007,BEL,Belgium,2007,pv,0.7573250532150269,0.2564486861228943,7.0,72.4637680053711,54.58937072753906,92.75362396240234
BLZpv2007,BLZ,Belize,2007,pv,0.1949215829372406,0.2808384597301483,4.0,49.758453369140625,35.7487907409668,69.08212280273438
BENpv2007,BEN,Benin,2007,pv,0.3862176239490509,0.2542266547679901,6.0,57.97101593017578,41.545894622802734,75.84541320800781
BMUpv2007,BMU,Bermuda,2007,pv,0.7713305354118347,0.331106036901474,2.0,72.94686126708984,50.72463607788086,96.61835479736328
BTNpv2007,BTN,Bhutan,2007,pv,0.5685265064239502,0.3081052899360657,3.0,65.70048522949219,44.92753601074219,85.50724792480469
BOLpv2007,BOL,Bolivia,2007,pv,-0.852070689201355,0.24429453909397125,7.0,19.323671340942383,11.11111068725586,29.468599319458008
BIHpv2007,BIH,Bosnia and Herzegovina,2007,pv,-0.6314166188240051,0.2751608192920685,5.0,25.120773315429688,15.942028999328613,38.164249420166016
BWApv2007,BWA,Botswana,2007,pv,1.0561391115188599,0.24429453909397125,7.0,85.50724792480469,69.08212280273438,98.55072784423828
BRApv2007,BRA,Brazil,2007,pv,-0.35794809460639954,0.2392497956752777,8.0,32.850242614746094,22.22222137451172,42.99517059326172
BRNpv2007,BRN,Brunei Darussalam,2007,pv,1.1071069240570068,0.32408279180526733,3.0,90.82125854492188,66.18357849121094,100.0
BGRpv2007,BGR,Bulgaria,2007,pv,0.3576354682445526,0.2392497956752777,8.0,56.03864669799805,41.545894622802734,71.98067474365234
BFApv2007,BFA,Burkina Faso,2007,pv,0.30700868368148804,0.24429453909397125,7.0,54.58937072753906,39.613525390625,70.53140258789062
BDIpv2007,BDI,Burundi,2007,pv,-1.377925157546997,0.2751608192920685,5.0,9.661835670471191,6.280193328857422,17.8743953704834
KHMpv2007,KHM,Cambodia,2007,pv,-0.3636063039302826,0.2542266547679901,6.0,31.884057998657227,20.28985595703125,43.96135330200195
CMRpv2007,CMR,Cameroon,2007,pv,-0.3261089622974396,0.24429453909397125,7.0,34.29951858520508,23.671497344970703,44.92753601074219
CANpv2007,CAN,Canada,2007,pv,1.0070106983184814,0.2392497956752777,8.0,82.12560272216797,67.1497573852539,98.55072784423828
CPVpv2007,CPV,Cape Verde,2007,pv,0.8772600889205933,0.31035107374191284,3.0,77.77777862548828,56.5217399597168,98.55072784423828
CYMpv2007,CYM,Cayman Islands,2007,pv,1.0857380628585815,0.331106036901474,2.0,87.43961334228516,63.2850227355957,100.0
CAFpv2007,CAF,Central African Republic,2007,pv,-1.8572640419006348,0.3081052899360657,3.0,5.7971014976501465,2.415458917617798,10.144927978515625
TCDpv2007,TCD,Chad,2007,pv,-1.868080496788025,0.2542266547679901,6.0,5.314009666442871,2.415458917617798,9.178744316101074
CHLpv2007,CHL,Chile,2007,pv,0.4063708782196045,0.2392497956752777,8.0,58.937198638916016,42.99517059326172,74.87922668457031
CHNpv2007,CHN,China,2007,pv,-0.5005537271499634,0.2392497956752777,8.0,28.019323348999023,18.35748863220215,39.613525390625
COLpv2007,COL,Colombia,2007,pv,-1.8065272569656372,0.2392497956752777,8.0,6.763285160064697,2.415458917617798,9.178744316101074
COMpv2007,COM,Comoros,2007,pv,-1.0954577922821045,0.34842056035995483,2.0,15.942028999328613,7.729468822479248,27.05314064025879
ZARpv2007,ZAR,"Congo, Dem. Rep.",2007,pv,-2.178499937057495,0.29089096188545227,4.0,2.8985507488250732,0.483091801404953,7.729468822479248
COGpv2007,COG,"Congo, Rep.",2007,pv,-0.7715774178504944,0.26761767268180847,5.0,21.256038665771484,12.560386657714844,33.81642532348633
CRIpv2007,CRI,Costa Rica,2007,pv,0.5827726721763611,0.26269111037254333,6.0,66.66666412353516,47.826087951660156,82.60869598388672
HRVpv2007,HRV,Croatia,2007,pv,0.6053969860076904,0.2564486861228943,7.0,67.1497573852539,48.79227066040039,83.57488250732422
CUBpv2007,CUB,Cuba,2007,pv,0.4509415924549103,0.24824175238609314,6.0,60.869564056396484,42.99517059326172,77.29468536376953
CYPpv2007,CYP,Cyprus,2007,pv,0.5370557308197021,0.26269111037254333,6.0,62.80193328857422,46.85990524291992,79.71014404296875
CZEpv2007,CZE,Czech Republic,2007,pv,1.0154139995574951,0.2392497956752777,8.0,83.09178924560547,68.1159439086914,98.55072784423828
CIVpv2007,CIV,Côte d'Ivoire,2007,pv,-1.839572787284851,0.24824175238609314,6.0,6.280193328857422,2.415458917617798,9.178744316101074
DNKpv2007,DNK,Denmark,2007,pv,1.1181892156600952,0.2564486861228943,7.0,91.3043441772461,70.04830932617188,100.0
DJIpv2007,DJI,Djibouti,2007,pv,-0.12364405393600464,0.3081052899360657,3.0,39.130435943603516,25.120773315429688,57.00482940673828
DMApv2007,DMA,Dominica,2007,pv,0.7873640656471252,0.3081052899360657,3.0,73.91304016113281,53.62318801879883,96.61835479736328
DOMpv2007,DOM,Dominican Republic,2007,pv,-0.07857245951890945,0.24429453909397125,7.0,40.09661865234375,28.019323348999023,54.58937072753906
ECUpv2007,ECU,Ecuador,2007,pv,-0.815987229347229,0.26269111037254333,6.0,20.28985595703125,11.594202995300293,31.40096664428711
EGYpv2007,EGY,"Egypt, Arab Rep.",2007,pv,-0.5523821115493774,0.24429453909397125,7.0,27.05314064025879,17.39130401611328,38.647342681884766
SLVpv2007,SLV,El Salvador,2007,pv,-0.007270731497555971,0.26269111037254333,6.0,42.99517059326172,29.468599319458008,59.4202880859375
GNQpv2007,GNQ,Equatorial Guinea,2007,pv,0.2566547393798828,0.31035107374191284,3.0,52.657005310058594,36.23188400268555,72.4637680053711
ERIpv2007,ERI,Eritrea,2007,pv,-1.049847960472107,0.2808384597301483,4.0,16.908212661743164,9.178744316101074,26.086956024169922
ESTpv2007,EST,Estonia,2007,pv,0.6341095566749573,0.2392497956752777,8.0,68.59903717041016,51.69082260131836,83.57488250732422
SWZpv2007,SWZ,Eswatini,2007,pv,0.048026636242866516,0.31035107374191284,3.0,43.96135330200195,28.50241470336914,63.76811599731445
ETHpv2007,ETH,Ethiopia,2007,pv,-1.8064093589782715,0.24429453909397125,7.0,7.246376991271973,2.415458917617798,9.178744316101074
FJIpv2007,FJI,Fiji,2007,pv,0.061876796185970306,0.3081052899360657,3.0,44.92753601074219,29.468599319458008,65.21739196777344
FINpv2007,FIN,Finland,2007,pv,1.4886970520019531,0.2564486861228943,7.0,100.0,85.50724792480469,100.0
FRApv2007,FRA,France,2007,pv,0.5630007982254028,0.2392497956752777,8.0,64.73429870605469,48.30917739868164,79.71014404296875
GUFpv2007,GUF,French Guiana,2007,pv,0.05526209995150566,0.331106036901474,2.0,44.44444274902344,28.019323348999023,66.66666412353516
GABpv2007,GAB,Gabon,2007,pv,0.3028445839881897,0.24824175238609314,6.0,54.10628128051758,39.613525390625,70.53140258789062
GMBpv2007,GMB,"Gambia, The",2007,pv,0.04741230234503746,0.28636249899864197,5.0,43.4782600402832,30.434782028198242,61.835750579833984
GEOpv2007,GEO,Georgia,2007,pv,-0.6458989977836609,0.2751608192920685,5.0,24.63768196105957,15.458937644958496,37.68115997314453
DEUpv2007,DEU,Germany,2007,pv,0.9958238005638123,0.2392497956752777,8.0,81.159423828125,66.66666412353516,98.55072784423828
GHApv2007,GHA,Ghana,2007,pv,-0.0730612650513649,0.24824175238609314,6.0,40.5797119140625,28.019323348999023,54.58937072753906
GRCpv2007,GRC,Greece,2007,pv,0.523507833480835,0.2392497956752777,8.0,62.31884002685547,47.342994689941406,78.26087188720703
GRDpv2007,GRD,Grenada,2007,pv,0.38494229316711426,0.3081052899360657,3.0,57.48792266845703,39.613525390625,78.26087188720703
GUMpv2007,GUM,Guam,2007,pv,0.43109723925590515,0.3827870488166809,1.0,59.90338134765625,37.68115997314453,85.50724792480469
GTMpv2007,GTM,Guatemala,2007,pv,-0.7534249424934387,0.24429453909397125,7.0,21.7391300201416,13.526570320129395,32.850242614746094
GINpv2007,GIN,Guinea,2007,pv,-2.403348207473755,0.26761767268180847,5.0,1.932367205619812,0.0,3.864734411239624
GNBpv2007,GNB,Guinea-Bissau,2007,pv,-0.46055370569229126,0.32408279180526733,3.0,28.98550796508789,16.908212661743164,44.92753601074219
GUYpv2007,GUY,Guyana,2007,pv,-0.5596867799758911,0.26269111037254333,6.0,26.57004737854004,16.908212661743164,38.647342681884766
HTIpv2007,HTI,Haiti,2007,pv,-1.3197280168533325,0.26761767268180847,5.0,10.628019332885742,7.246376991271973,18.35748863220215
HNDpv2007,HND,Honduras,2007,pv,-0.43703019618988037,0.26269111037254333,6.0,29.951690673828125,18.35748863220215,42.99517059326172
HKGpv2007,HKG,"Hong Kong SAR, China",2007,pv,1.1040148735046387,0.2495523989200592,7.0,90.33816528320312,70.04830932617188,100.0
HUNpv2007,HUN,Hungary,2007,pv,0.7470967173576355,0.2392497956752777,8.0,71.98067474365234,55.07246398925781,91.3043441772461
ISLpv2007,ISL,Iceland,2007,pv,1.4855941534042358,0.2564486861228943,7.0,99.51690673828125,85.50724792480469,100.0
INDpv2007,IND,India,2007,pv,-1.154295802116394,0.2392497956752777,8.0,13.526570320129395,8.69565200805664,21.256038665771484
IDNpv2007,IDN,Indonesia,2007,pv,-1.1980657577514648,0.2392497956752777,8.0,13.043478012084961,8.69565200805664,20.28985595703125
IRNpv2007,IRN,"Iran, Islamic Rep.",2007,pv,-0.9316404461860657,0.24824175238609314,6.0,17.8743953704834,10.144927978515625,27.05314064025879
IRQpv2007,IRQ,Iraq,2007,pv,-2.7710506916046143,0.26761767268180847,5.0,0.483091801404953,0.0,2.415458917617798
IRLpv2007,IRL,Ireland,2007,pv,1.2151926755905151,0.2392497956752777,8.0,93.2367172241211,76.81159210205078,100.0
ISRpv2007,ISR,Israel,2007,pv,-1.2520328760147095,0.2392497956752777,8.0,11.594202995300293,7.729468822479248,18.840579986572266
ITApv2007,ITA,Italy,2007,pv,0.44697004556655884,0.2392497956752777,8.0,60.386474609375,43.96135330200195,77.29468536376953
JAMpv2007,JAM,Jamaica,2007,pv,-0.2560370862483978,0.26269111037254333,6.0,36.23188400268555,23.671497344970703,48.79227066040039
JPNpv2007,JPN,Japan,2007,pv,1.0103745460510254,0.2392497956752777,8.0,82.60869598388672,67.63285064697266,98.55072784423828
JORpv2007,JOR,Jordan,2007,pv,-0.3007417917251587,0.2392497956752777,8.0,34.78260803222656,23.671497344970703,46.37681198120117
KAZpv2007,KAZ,Kazakhstan,2007,pv,0.6479967832565308,0.24429453909397125,7.0,69.08212280273438,51.69082260131836,85.02415466308594
KENpv2007,KEN,Kenya,2007,pv,-1.305442214012146,0.24429453909397125,7.0,11.11111068725586,7.729468822479248,18.35748863220215
KIRpv2007,KIR,Kiribati,2007,pv,1.3420157432556152,0.34842056035995483,2.0,98.55072784423828,72.4637680053711,100.0
PRKpv2007,PRK,"Korea, Dem. Rep.",2007,pv,0.5376234650611877,0.32408279180526733,3.0,63.2850227355957,42.99517059326172,85.50724792480469
KORpv2007,KOR,"Korea, Rep.",2007,pv,0.566254734992981,0.2392497956752777,8.0,65.21739196777344,48.79227066040039,79.71014404296875
KWTpv2007,KWT,Kuwait,2007,pv,0.6206439137458801,0.24429453909397125,7.0,68.1159439086914,50.72463607788086,83.57488250732422
KGZpv2007,KGZ,Kyrgyz Republic,2007,pv,-0.9902604818344116,0.2751608192920685,5.0,17.39130401611328,9.178744316101074,27.05314064025879
LAOpv2007,LAO,Lao PDR,2007,pv,-0.17647679150104523,0.2808384597301483,4.0,38.647342681884766,24.63768196105957,53.62318801879883
LVApv2007,LVA,Latvia,2007,pv,0.5619305372238159,0.26269111037254333,6.0,64.25120544433594,47.342994689941406,80.67633056640625
LBNpv2007,LBN,Lebanon,2007,pv,-2.1190953254699707,0.24824175238609314,6.0,3.3816425800323486,0.483091801404953,7.729468822479248
LSOpv2007,LSO,Lesotho,2007,pv,-0.39131420850753784,0.30273956060409546,4.0,30.917875289916992,18.35748863220215,46.85990524291992
LBRpv2007,LBR,Liberia,2007,pv,-1.2448395490646362,0.29089096188545227,4.0,12.07729434967041,7.729468822479248,21.256038665771484
LBYpv2007,LBY,Libya,2007,pv,0.7470576167106628,0.26269111037254333,6.0,71.4975814819336,54.58937072753906,92.75362396240234
LIEpv2007,LIE,Liechtenstein,2007,pv,1.3420157432556152,0.34842056035995483,2.0,98.55072784423828,72.4637680053711,100.0
LTUpv2007,LTU,Lithuania,2007,pv,0.8178515434265137,0.2392497956752777,8.0,76.32849884033203,59.4202880859375,92.75362396240234
LUXpv2007,LUX,Luxembourg,2007,pv,1.4837180376052856,0.2564486861228943,7.0,99.0338134765625,85.50724792480469,100.0
MACpv2007,MAC,"Macao SAR, China",2007,pv,0.45692312717437744,0.331106036901474,2.0,61.352657318115234,39.613525390625,81.159423828125
MDGpv2007,MDG,Madagascar,2007,pv,0.08962565660476685,0.24429453909397125,7.0,46.37681198120117,34.29951858520508,61.835750579833984
MWIpv2007,MWI,Malawi,2007,pv,0.0823792815208435,0.26761767268180847,5.0,45.41062927246094,32.850242614746094,61.835750579833984
MYSpv2007,MYS,Malaysia,2007,pv,0.19330716133117676,0.2392497956752777,8.0,49.27536392211914,37.68115997314453,66.66666412353516
MDVpv2007,MDV,Maldives,2007,pv,0.08318648487329483,0.3081052899360657,3.0,45.89371871948242,30.434782028198242,66.66666412353516
MLIpv2007,MLI,Mali,2007,pv,0.2304791957139969,0.26161137223243713,6.0,51.69082260131836,37.68115997314453,69.08212280273438
MLTpv2007,MLT,Malta,2007,pv,1.2696318626403809,0.26269111037254333,6.0,95.16908264160156,77.29468536376953,100.0
MHLpv2007,MHL,Marshall Islands,2007,pv,1.0889655351638794,0.6520318388938904,1.0,89.37197875976562,42.99517059326172,100.0
MTQpv2007,MTQ,Martinique,2007,pv,1.0857380628585815,0.331106036901474,2.0,87.43961334228516,63.2850227355957,100.0
MRTpv2007,MRT,Mauritania,2007,pv,-0.27936801314353943,0.2739206552505493,5.0,35.26570129394531,23.671497344970703,48.30917739868164
MUSpv2007,MUS,Mauritius,2007,pv,0.8792880773544312,0.27549517154693604,5.0,78.26087188720703,59.4202880859375,96.61835479736328
MEXpv2007,MEX,Mexico,2007,pv,-0.7298516035079956,0.2392497956752777,8.0,23.671497344970703,14.009661674499512,33.81642532348633
FSMpv2007,FSM,"Micronesia, Fed. Sts.",2007,pv,1.150465488433838,0.3081052899360657,3.0,92.2705307006836,68.59903717041016,100.0
MDApv2007,MDA,Moldova,2007,pv,-0.014954030513763428,0.26269111037254333,6.0,42.51207733154297,29.468599319458008,59.4202880859375
MCOpv2007,MCO,Monaco,2007,pv,1.0374687910079956,0.4637939929962158,2.0,84.54106140136719,52.657005310058594,100.0
MNGpv2007,MNG,Mongolia,2007,pv,0.6683777570724487,0.28459540009498596,5.0,69.56521606445312,50.241546630859375,91.3043441772461
MNEpv2007,MNE,Montenegro,2007,pv,0.1085330918431282,0.4394797086715698,3.0,47.342994689941406,25.603864669799805,76.81159210205078
MARpv2007,MAR,Morocco,2007,pv,-0.5013242363929749,0.24429453909397125,7.0,27.536231994628906,18.35748863220215,39.613525390625
MOZpv2007,MOZ,Mozambique,2007,pv,0.35761559009552,0.24429453909397125,7.0,55.55555725097656,41.545894622802734,72.4637680053711
MMRpv2007,MMR,Myanmar,2007,pv,-1.0661133527755737,0.26761767268180847,5.0,16.425121307373047,9.178744316101074,25.120773315429688
NAMpv2007,NAM,Namibia,2007,pv,1.0187606811523438,0.26269111037254333,6.0,83.57488250732422,66.66666412353516,98.55072784423828
NRUpv2007,NRU,Nauru,2007,pv,1.0889655351638794,0.6520318388938904,1.0,89.37197875976562,42.99517059326172,100.0
NPLpv2007,NPL,Nepal,2007,pv,-1.8853784799575806,0.300653874874115,4.0,4.34782600402832,1.932367205619812,9.178744316101074
NLDpv2007,NLD,Netherlands,2007,pv,0.7784687876701355,0.2564486861228943,7.0,73.4299545288086,56.03864669799805,92.75362396240234
ANTpv2007,ANT,Netherlands Antilles (former),2007,pv,1.0857380628585815,0.331106036901474,2.0,87.43961334228516,63.2850227355957,100.0
NZLpv2007,NZL,New Zealand,2007,pv,1.2433664798736572,0.2392497956752777,8.0,94.68598937988281,77.29468536376953,100.0
NICpv2007,NIC,Nicaragua,2007,pv,-0.12037090212106705,0.26269111037254333,6.0,39.613525390625,27.05314064025879,54.58937072753906
NERpv2007,NER,Niger,2007,pv,-0.459753155708313,0.2664763033390045,5.0,29.468599319458008,18.35748863220215,41.545894622802734
NGApv2007,NGA,Nigeria,2007,pv,-2.014056444168091,0.24429453909397125,7.0,3.864734411239624,0.966183602809906,7.729468822479248
MKDpv2007,MKD,North Macedonia,2007,pv,-0.4265252649784088,0.2751608192920685,5.0,30.434782028198242,18.35748863220215,42.99517059326172
NORpv2007,NOR,Norway,2007,pv,1.1455525159835815,0.2392497956752777,8.0,91.78743743896484,71.98067474365234,100.0
OMNpv2007,OMN,Oman,2007,pv,0.9398142099380493,0.26269111037254333,6.0,79.22705078125,61.835750579833984,98.55072784423828
PAKpv2007,PAK,Pakistan,2007,pv,-2.4327051639556885,0.24429453909397125,7.0,0.966183602809906,0.0,3.3816425800323486
PLWpv2007,PLW,Palau,2007,pv,1.0889655351638794,0.6520318388938904,1.0,89.37197875976562,42.99517059326172,100.0
PANpv2007,PAN,Panama,2007,pv,-0.06134812533855438,0.26269111037254333,6.0,41.545894622802734,28.019323348999023,56.5217399597168
PNGpv2007,PNG,Papua New Guinea,2007,pv,-0.7478317618370056,0.26761767268180847,5.0,22.70531463623047,13.043478012084961,34.29951858520508
PRYpv2007,PRY,Paraguay,2007,pv,-0.74012291431427,0.26269111037254333,6.0,23.188405990600586,13.043478012084961,34.29951858520508
PERpv2007,PER,Peru,2007,pv,-0.774885892868042,0.24429453909397125,7.0,20.772947311401367,13.043478012084961,31.40096664428711
PHLpv2007,PHL,Philippines,2007,pv,-1.6048856973648071,0.2392497956752777,8.0,8.212560653686523,3.864734411239624,12.560386657714844
POLpv2007,POL,Poland,2007,pv,0.6828460097312927,0.2392497956752777,8.0,70.04830932617188,53.62318801879883,85.50724792480469
PRTpv2007,PRT,Portugal,2007,pv,0.8218093514442444,0.2392497956752777,8.0,76.81159210205078,59.4202880859375,92.75362396240234
PRIpv2007,PRI,Puerto Rico,2007,pv,0.40987274050712585,0.3219093680381775,3.0,59.4202880859375,39.613525390625,78.74396514892578
QATpv2007,QAT,Qatar,2007,pv,0.9525277018547058,0.26269111037254333,6.0,79.71014404296875,61.835750579833984,98.55072784423828
ROMpv2007,ROM,Romania,2007,pv,0.19806793332099915,0.2392497956752777,8.0,50.241546630859375,37.68115997314453,66.66666412353516
RUSpv2007,RUS,Russian Federation,2007,pv,-0.8633825182914734,0.2392497956752777,8.0,18.840579986572266,11.11111068725586,28.019323348999023
RWApv2007,RWA,Rwanda,2007,pv,-0.3602144122123718,0.2808384597301483,4.0,32.367149353027344,19.323671340942383,46.85990524291992
REUpv2007,REU,Réunion,2007,pv,0.6995141506195068,0.3827870488166809,1.0,70.53140258789062,44.92753601074219,96.61835479736328
WSMpv2007,WSM,Samoa,2007,pv,1.0049806833267212,0.3081052899360657,3.0,81.64250946044922,61.835750579833984,100.0
SMRpv2007,SMR,San Marino,2007,pv,1.0889655351638794,0.6520318388938904,1.0,89.37197875976562,42.99517059326172,100.0
SAUpv2007,SAU,Saudi Arabia,2007,pv,-0.4673052430152893,0.24429453909397125,7.0,28.50241470336914,18.35748863220215,40.5797119140625
SENpv2007,SEN,Senegal,2007,pv,-0.24491870403289795,0.24429453909397125,7.0,37.19806671142578,24.63768196105957,47.826087951660156
SRBpv2007,SRB,Serbia,2007,pv,-0.591357946395874,0.26269111037254333,6.0,26.086956024169922,16.908212661743164,38.647342681884766
SYCpv2007,SYC,Seychelles,2007,pv,0.7876572012901306,0.2808384597301483,4.0,74.39613342285156,54.58937072753906,94.68598937988281
SLEpv2007,SLE,Sierra Leone,2007,pv,-0.06157819554209709,0.29089096188545227,4.0,41.062801361083984,27.05314064025879,59.4202880859375
SGPpv2007,SGP,Singapore,2007,pv,1.174211025238037,0.2392497956752777,8.0,92.75362396240234,73.4299545288086,100.0
SVKpv2007,SVK,Slovak Republic,2007,pv,1.0366871356964111,0.2564486861228943,7.0,84.05796813964844,67.1497573852539,98.55072784423828
SVNpv2007,SVN,Slovenia,2007,pv,1.098629355430603,0.2564486861228943,7.0,89.85507202148438,69.56521606445312,100.0
SLBpv2007,SLB,Solomon Islands,2007,pv,0.23009704053401947,0.34842056035995483,2.0,51.20772933959961,33.33333206176758,74.87922668457031
SOMpv2007,SOM,Somalia,2007,pv,-3.22849702835083,0.29089096188545227,4.0,0.0,0.0,0.483091801404953
ZAFpv2007,ZAF,South Africa,2007,pv,0.2153465449810028,0.2392497956752777,8.0,50.72463607788086,38.164249420166016,67.1497573852539
ESPpv2007,ESP,Spain,2007,pv,-0.2767316401004791,0.2392497956752777,8.0,35.7487907409668,23.671497344970703,47.342994689941406
LKApv2007,LKA,Sri Lanka,2007,pv,-1.7512836456298828,0.24429453909397125,7.0,7.729468822479248,2.8985507488250732,10.144927978515625
KNApv2007,KNA,St. Kitts and Nevis,2007,pv,0.8026701807975769,0.3081052899360657,3.0,75.84541320800781,53.62318801879883,96.61835479736328
LCApv2007,LCA,St. Lucia,2007,pv,0.617986261844635,0.3081052899360657,3.0,67.63285064697266,47.342994689941406,91.3043441772461
VCTpv2007,VCT,St. Vincent and the Grenadines,2007,pv,0.7884637713432312,0.3081052899360657,3.0,74.87922668457031,53.62318801879883,96.61835479736328
SDNpv2007,SDN,Sudan,2007,pv,-2.362724781036377,0.26761767268180847,5.0,2.415458917617798,0.0,3.864734411239624
SURpv2007,SUR,Suriname,2007,pv,-0.01732277125120163,0.28459540009498596,5.0,42.02898406982422,28.019323348999023,60.386474609375
SWEpv2007,SWE,Sweden,2007,pv,1.271478295326233,0.2392497956752777,8.0,95.65217590332031,77.77777862548828,100.0
CHEpv2007,CHE,Switzerland,2007,pv,1.2344088554382324,0.2564486861228943,7.0,94.20289611816406,75.84541320800781,100.0
SYRpv2007,SYR,Syrian Arab Republic,2007,pv,-0.33987611532211304,0.24429453909397125,7.0,33.81642532348633,22.70531463623047,44.44444274902344
STPpv2007,STP,São Tomé and Principe,2007,pv,0.39413946866989136,0.31035107374191284,3.0,58.454105377197266,39.613525390625,78.26087188720703
TWNpv2007,TWN,"Taiwan, China",2007,pv,0.5525296330451965,0.2392497956752777,8.0,63.76811599731445,48.30917739868164,79.22705078125
TJKpv2007,TJK,Tajikistan,2007,pv,-0.7520521879196167,0.2751608192920685,5.0,22.22222137451172,12.560386657714844,34.29951858520508
TZApv2007,TZA,Tanzania,2007,pv,-0.3870623707771301,0.26269111037254333,6.0,31.40096664428711,19.8067626953125,42.99517059326172
THApv2007,THA,Thailand,2007,pv,-1.112847924232483,0.2392497956752777,8.0,14.492753982543945,9.178744316101074,23.671497344970703
TMPpv2007,TMP,Timor-Leste,2007,pv,-1.1026780605316162,0.300653874874115,4.0,15.458937644958496,8.212560653686523,25.603864669799805
TGOpv2007,TGO,Togo,2007,pv,-0.34140485525131226,0.26761767268180847,5.0,33.33333206176758,20.28985595703125,46.37681198120117
TONpv2007,TON,Tonga,2007,pv,0.28097712993621826,0.3081052899360657,3.0,53.62318801879883,37.19806671142578,73.4299545288086
TTOpv2007,TTO,Trinidad and Tobago,2007,pv,-0.18857434391975403,0.26269111037254333,6.0,38.164249420166016,25.603864669799805,51.69082260131836
TUNpv2007,TUN,Tunisia,2007,pv,0.1582624763250351,0.24429453909397125,7.0,48.30917739868164,37.19806671142578,63.76811599731445
TKMpv2007,TKM,Turkmenistan,2007,pv,0.27723339200019836,0.2808384597301483,4.0,53.14009475708008,38.164249420166016,71.01449584960938
TUVpv2007,TUV,Tuvalu,2007,pv,1.3420157432556152,0.34842056035995483,2.0,98.55072784423828,72.4637680053711,100.0
TURpv2007,TUR,Türkiye,2007,pv,-0.8193628787994385,0.2392497956752777,8.0,19.8067626953125,12.560386657714844,29.951690673828125
UGApv2007,UGA,Uganda,2007,pv,-0.9164783358573914,0.24429453909397125,7.0,18.35748863220215,10.628019332885742,27.05314064025879
UKRpv2007,UKR,Ukraine,2007,pv,0.1728259176015854,0.2392497956752777,8.0,48.79227066040039,37.19806671142578,64.73429870605469
AREpv2007,ARE,United Arab Emirates,2007,pv,0.9753913879394531,0.26269111037254333,6.0,80.67633056640625,63.2850227355957,98.55072784423828
GBRpv2007,GBR,United Kingdom,2007,pv,0.5746549367904663,0.2392497956752777,8.0,66.18357849121094,48.79227066040039,79.71014404296875
USApv2007,USA,United States,2007,pv,0.3744780421257019,0.2392497956752777,8.0,57.00482940673828,41.545894622802734,72.4637680053711
URYpv2007,URY,Uruguay,2007,pv,0.8355309367179871,0.26269111037254333,6.0,77.29468536376953,58.454105377197266,94.68598937988281
UZBpv2007,UZB,Uzbekistan,2007,pv,-1.3620333671569824,0.2586841583251953,5.0,10.144927978515625,7.246376991271973,17.39130401611328
VUTpv2007,VUT,Vanuatu,2007,pv,1.2330107688903809,0.34842056035995483,2.0,93.71981048583984,69.08212280273438,100.0
VENpv2007,VEN,"Venezuela, RB",2007,pv,-1.2296701669692993,0.2392497956752777,8.0,12.560386657714844,7.729468822479248,19.323671340942383
VNMpv2007,VNM,Viet Nam,2007,pv,0.2518719732761383,0.24429453909397125,7.0,52.173912048339844,38.647342681884766,69.08212280273438
VIRpv2007,VIR,Virgin Islands (U.S.),2007,pv,0.4832465946674347,0.331106036901474,2.0,61.835750579833984,41.545894622802734,83.57488250732422
WBGpv2007,WBG,West Bank and Gaza,2007,pv,-1.87161386013031,0.34842056035995483,2.0,4.830917835235596,0.483091801404953,11.11111068725586
YEMpv2007,YEM,"Yemen, Rep.",2007,pv,-1.5942518711090088,0.24824175238609314,6.0,8.69565200805664,3.864734411239624,13.043478012084961
ZMBpv2007,ZMB,Zambia,2007,pv,0.3636292815208435,0.26269111037254333,6.0,56.5217399597168,40.5797119140625,74.87922668457031
ZWEpv2007,ZWE,Zimbabwe,2007,pv,-1.1103447675704956,0.24429453909397125,7.0,14.975845336914062,9.178744316101074,23.671497344970703
AFGpv2008,AFG,Afghanistan,2008,pv,-2.6913609504699707,0.3098180592060089,3.0,0.48076921701431274,0.0,1.923076868057251
ALBpv2008,ALB,Albania,2008,pv,-0.03050091303884983,0.2635911703109741,6.0,43.269229888916016,29.80769157409668,57.69230651855469
DZApv2008,DZA,Algeria,2008,pv,-1.0958462953567505,0.2460477650165558,7.0,14.90384578704834,9.615385055541992,23.55769157409668
ASMpv2008,ASM,American Samoa,2008,pv,0.9844630360603333,0.3832336664199829,1.0,80.76923370361328,55.28845977783203,100.0
ADOpv2008,ADO,Andorra,2008,pv,1.3384721279144287,0.35001713037490845,2.0,98.07691955566406,71.63461303710938,100.0
AGOpv2008,AGO,Angola,2008,pv,-0.3617873787879944,0.27106019854545593,5.0,31.25,18.75,47.11538314819336
AIApv2008,AIA,Anguilla,2008,pv,1.1125096082687378,0.3321467339992523,2.0,88.94230651855469,65.38461303710938,100.0
ATGpv2008,ATG,Antigua and Barbuda,2008,pv,0.8138918280601501,0.3098180592060089,3.0,75.0,55.28845977783203,96.15384674072266
ARGpv2008,ARG,Argentina,2008,pv,-0.08775568753480911,0.24130794405937195,8.0,40.86538314819336,29.326923370361328,55.28845977783203
ARMpv2008,ARM,Armenia,2008,pv,-0.006853027734905481,0.2635911703109741,6.0,44.230770111083984,29.80769157409668,58.17307662963867
ABWpv2008,ABW,Aruba,2008,pv,1.3163959980010986,0.3321467339992523,2.0,96.15384674072266,72.11538696289062,100.0
AUSpv2008,AUS,Australia,2008,pv,0.9547001123428345,0.2577880918979645,7.0,80.28845977783203,63.46154022216797,99.03845977783203
AUTpv2008,AUT,Austria,2008,pv,1.3392705917358398,0.2577880918979645,7.0,98.55769348144531,78.36538696289062,100.0
AZEpv2008,AZE,Azerbaijan,2008,pv,-0.33034998178482056,0.2635911703109741,6.0,32.69230651855469,19.711538314819336,48.07692337036133
BHSpv2008,BHS,"Bahamas, The",2008,pv,0.7745329141616821,0.29207345843315125,4.0,72.59615325927734,55.28845977783203,94.71154022216797
BHRpv2008,BHR,Bahrain,2008,pv,-0.2373662292957306,0.2635911703109741,6.0,36.53845977783203,24.038461685180664,50.96154022216797
BGDpv2008,BGD,Bangladesh,2008,pv,-1.508331298828125,0.2460477650165558,7.0,9.615385055541992,4.32692289352417,14.423076629638672
BRBpv2008,BRB,Barbados,2008,pv,1.068358302116394,0.2988032102584839,4.0,86.53845977783203,66.34615325927734,100.0
BLRpv2008,BLR,Belarus,2008,pv,0.5214039087295532,0.27106019854545593,5.0,62.5,47.11538314819336,80.28845977783203
BELpv2008,BEL,Belgium,2008,pv,0.6205711960792542,0.2577880918979645,7.0,67.78845977783203,50.96154022216797,85.09615325927734
BLZpv2008,BLZ,Belize,2008,pv,0.1900719851255417,0.2850634753704071,4.0,50.96154022216797,35.096153259277344,69.23076629638672
BENpv2008,BEN,Benin,2008,pv,0.37642136216163635,0.2563781142234802,6.0,56.730770111083984,42.30769348144531,73.07691955566406
BMUpv2008,BMU,Bermuda,2008,pv,0.7959722876548767,0.3321467339992523,2.0,73.07691955566406,52.88461685180664,98.55769348144531
BTNpv2008,BTN,Bhutan,2008,pv,0.7206693887710571,0.3098180592060089,3.0,70.19230651855469,52.88461685180664,94.71154022216797
BOLpv2008,BOL,Bolivia,2008,pv,-0.6965658068656921,0.2460477650165558,7.0,23.55769157409668,14.423076629638672,35.096153259277344
BIHpv2008,BIH,Bosnia and Herzegovina,2008,pv,-0.5396537780761719,0.27641358971595764,5.0,27.884614944458008,15.865385055541992,40.86538314819336
BWApv2008,BWA,Botswana,2008,pv,1.0331056118011475,0.2460477650165558,7.0,84.61538696289062,68.26923370361328,99.03845977783203
BRApv2008,BRA,Brazil,2008,pv,-0.3134247064590454,0.24130794405937195,8.0,33.653846740722656,23.076923370361328,47.11538314819336
BRNpv2008,BRN,Brunei Darussalam,2008,pv,1.1256190538406372,0.2827904224395752,5.0,89.90384674072266,69.23076629638672,100.0
BGRpv2008,BGR,Bulgaria,2008,pv,0.3698607087135315,0.24130794405937195,8.0,56.25,43.75,71.63461303710938
BFApv2008,BFA,Burkina Faso,2008,pv,0.11872459948062897,0.2460477650165558,7.0,49.03845977783203,35.096153259277344,62.5
BDIpv2008,BDI,Burundi,2008,pv,-1.6364983320236206,0.27641358971595764,5.0,9.134614944458008,2.403846263885498,13.461538314819336
KHMpv2008,KHM,Cambodia,2008,pv,-0.29869091510772705,0.2563781142234802,6.0,34.61538314819336,21.634614944458008,49.03845977783203
CMRpv2008,CMR,Cameroon,2008,pv,-0.5521109104156494,0.2460477650165558,7.0,26.923076629638672,15.865385055541992,38.94230651855469
CANpv2008,CAN,Canada,2008,pv,1.0413726568222046,0.24130794405937195,8.0,85.09615325927734,69.23076629638672,99.03845977783203
CPVpv2008,CPV,Cape Verde,2008,pv,0.8133863210678101,0.31543368101119995,3.0,74.51923370361328,55.28845977783203,96.15384674072266
CYMpv2008,CYM,Cayman Islands,2008,pv,1.1125096082687378,0.3321467339992523,2.0,88.94230651855469,65.38461303710938,100.0
CAFpv2008,CAF,Central African Republic,2008,pv,-1.8438141345977783,0.3098180592060089,3.0,6.25,1.923076868057251,10.576923370361328
TCDpv2008,TCD,Chad,2008,pv,-1.9651966094970703,0.2563781142234802,6.0,4.32692289352417,1.923076868057251,9.134614944458008
CHLpv2008,CHL,Chile,2008,pv,0.43191295862197876,0.24130794405937195,8.0,58.653846740722656,44.71154022216797,75.0
CHNpv2008,CHN,China,2008,pv,-0.49308842420578003,0.24130794405937195,8.0,29.326923370361328,17.30769157409668,40.38461685180664
COLpv2008,COL,Colombia,2008,pv,-1.8534623384475708,0.24130794405937195,8.0,5.769230842590332,1.923076868057251,9.615385055541992
COMpv2008,COM,Comoros,2008,pv,-1.107211709022522,0.35001713037490845,2.0,14.423076629638672,8.65384578704834,27.884614944458008
ZARpv2008,ZAR,"Congo, Dem. Rep.",2008,pv,-2.0030763149261475,0.29207345843315125,4.0,3.365384578704834,1.442307710647583,9.134614944458008
COGpv2008,COG,"Congo, Rep.",2008,pv,-0.7213223576545715,0.27106019854545593,5.0,21.634614944458008,13.461538314819336,35.096153259277344
CRIpv2008,CRI,Costa Rica,2008,pv,0.3597652316093445,0.2635911703109741,6.0,55.769229888916016,41.346153259277344,72.59615325927734
HRVpv2008,HRV,Croatia,2008,pv,0.573651909828186,0.2577880918979645,7.0,66.34615325927734,49.03845977783203,81.25
CUBpv2008,CUB,Cuba,2008,pv,0.5242266058921814,0.25208917260169983,6.0,62.980770111083984,48.55769348144531,79.32691955566406
CYPpv2008,CYP,Cyprus,2008,pv,0.6390039324760437,0.2635911703109741,6.0,68.75,51.92307662963867,86.53845977783203
CZEpv2008,CZE,Czech Republic,2008,pv,1.049879550933838,0.24130794405937195,8.0,85.57691955566406,69.23076629638672,99.03845977783203
CIVpv2008,CIV,Côte d'Ivoire,2008,pv,-1.8040673732757568,0.2460477650165558,7.0,7.211538314819336,1.923076868057251,9.615385055541992
DNKpv2008,DNK,Denmark,2008,pv,1.0653867721557617,0.2577880918979645,7.0,86.05769348144531,69.23076629638672,99.51923370361328
DJIpv2008,DJI,Djibouti,2008,pv,0.2683892250061035,0.3098180592060089,3.0,54.80769348144531,36.05769348144531,72.59615325927734
DMApv2008,DMA,Dominica,2008,pv,0.9119060039520264,0.3098180592060089,3.0,78.36538696289062,57.69230651855469,99.03845977783203
DOMpv2008,DOM,Dominican Republic,2008,pv,-0.0380077101290226,0.2460477650165558,7.0,42.78845977783203,29.80769157409668,55.769229888916016
ECUpv2008,ECU,Ecuador,2008,pv,-0.7286823987960815,0.2635911703109741,6.0,20.673076629638672,13.461538314819336,34.61538314819336
EGYpv2008,EGY,"Egypt, Arab Rep.",2008,pv,-0.510431706905365,0.2460477650165558,7.0,28.846153259277344,16.826923370361328,39.903846740722656
SLVpv2008,SLV,El Salvador,2008,pv,0.0393931120634079,0.2635911703109741,6.0,45.19230651855469,29.80769157409668,59.61538314819336
GNQpv2008,GNQ,Equatorial Guinea,2008,pv,0.20754437148571014,0.31543368101119995,3.0,52.403846740722656,33.653846740722656,70.19230651855469
ERIpv2008,ERI,Eritrea,2008,pv,-0.710803747177124,0.2850634753704071,4.0,22.596153259277344,13.461538314819336,35.57692337036133
ESTpv2008,EST,Estonia,2008,pv,0.5719735622406006,0.24130794405937195,8.0,65.86538696289062,50.0,80.28845977783203
SWZpv2008,SWZ,Eswatini,2008,pv,-0.0773959755897522,0.31543368101119995,3.0,41.346153259277344,25.480770111083984,58.653846740722656
ETHpv2008,ETH,Ethiopia,2008,pv,-1.7321206331253052,0.2460477650165558,7.0,8.65384578704834,1.923076868057251,10.576923370361328
FJIpv2008,FJI,Fiji,2008,pv,-0.06694867461919785,0.3098180592060089,3.0,41.82692337036133,25.480770111083984,58.653846740722656
FINpv2008,FIN,Finland,2008,pv,1.4458683729171753,0.2577880918979645,7.0,99.51923370361328,83.65384674072266,100.0
FRApv2008,FRA,France,2008,pv,0.5437591671943665,0.24130794405937195,8.0,64.90384674072266,49.03845977783203,79.32691955566406
GUFpv2008,GUF,French Guiana,2008,pv,0.07166242599487305,0.3321467339992523,2.0,47.11538314819336,29.326923370361328,67.30769348144531
GABpv2008,GAB,Gabon,2008,pv,0.2618747055530548,0.25208917260169983,6.0,53.36538314819336,38.94230651855469,69.23076629638672
GMBpv2008,GMB,"Gambia, The",2008,pv,0.06515127420425415,0.28704148530960083,5.0,46.63461685180664,29.80769157409668,63.46154022216797
GEOpv2008,GEO,Georgia,2008,pv,-0.9196751117706299,0.27641358971595764,5.0,16.826923370361328,10.576923370361328,29.80769157409668
DEUpv2008,DEU,Germany,2008,pv,0.9438307881355286,0.24130794405937195,8.0,79.80769348144531,65.38461303710938,98.55769348144531
GHApv2008,GHA,Ghana,2008,pv,-0.029515961185097694,0.2460477650165558,7.0,43.75,29.80769157409668,56.25
GRCpv2008,GRC,Greece,2008,pv,0.26785415410995483,0.24130794405937195,8.0,54.32692337036133,39.42307662963867,69.23076629638672
GRDpv2008,GRD,Grenada,2008,pv,0.38772258162498474,0.3098180592060089,3.0,57.69230651855469,39.42307662963867,77.40384674072266
GUMpv2008,GUM,Guam,2008,pv,0.44160616397857666,0.3832336664199829,1.0,59.61538314819336,37.980770111083984,86.53845977783203
GTMpv2008,GTM,Guatemala,2008,pv,-0.7139715552330017,0.2460477650165558,7.0,22.115385055541992,13.461538314819336,33.653846740722656
GINpv2008,GIN,Guinea,2008,pv,-2.097338914871216,0.27106019854545593,5.0,2.403846263885498,0.9615384340286255,8.65384578704834
GNBpv2008,GNB,Guinea-Bissau,2008,pv,-0.7094559669494629,0.32501134276390076,3.0,23.076923370361328,12.5,37.980770111083984
GUYpv2008,GUY,Guyana,2008,pv,-0.6339319348335266,0.2635911703109741,6.0,25.0,15.384614944458008,37.980770111083984
HTIpv2008,HTI,Haiti,2008,pv,-1.3831032514572144,0.27106019854545593,5.0,10.576923370361328,6.730769157409668,16.346153259277344
HNDpv2008,HND,Honduras,2008,pv,-0.527115523815155,0.2635911703109741,6.0,28.365385055541992,15.865385055541992,40.38461685180664
HKGpv2008,HKG,"Hong Kong SAR, China",2008,pv,1.1310194730758667,0.25141993165016174,7.0,90.86538696289062,69.71154022216797,100.0
HUNpv2008,HUN,Hungary,2008,pv,0.7502638697624207,0.24130794405937195,8.0,71.63461303710938,55.28845977783203,90.86538696289062
ISLpv2008,ISL,Iceland,2008,pv,1.2150238752365112,0.2577880918979645,7.0,94.23076629638672,72.59615325927734,100.0
INDpv2008,IND,India,2008,pv,-1.1097073554992676,0.24130794405937195,8.0,13.942307472229004,9.615385055541992,22.115385055541992
IDNpv2008,IDN,Indonesia,2008,pv,-1.0567915439605713,0.24130794405937195,8.0,15.865385055541992,9.615385055541992,24.038461685180664
IRNpv2008,IRN,"Iran, Islamic Rep.",2008,pv,-0.9398747086524963,0.25208917260169983,6.0,16.346153259277344,10.576923370361328,28.365385055541992
IRQpv2008,IRQ,Iraq,2008,pv,-2.4668965339660645,0.27106019854545593,5.0,1.923076868057251,0.0,2.403846263885498
IRLpv2008,IRL,Ireland,2008,pv,1.1868743896484375,0.24130794405937195,8.0,93.26923370361328,72.59615325927734,100.0
ISRpv2008,ISR,Israel,2008,pv,-1.3231019973754883,0.24130794405937195,8.0,11.057692527770996,8.65384578704834,16.346153259277344
ITApv2008,ITA,Italy,2008,pv,0.5475442409515381,0.24130794405937195,8.0,65.38461303710938,49.03845977783203,79.32691955566406
JAMpv2008,JAM,Jamaica,2008,pv,-0.30729973316192627,0.2635911703109741,6.0,34.13461685180664,20.19230842590332,49.03845977783203
JPNpv2008,JPN,Japan,2008,pv,0.8946252465248108,0.24130794405937195,8.0,77.40384674072266,61.05769348144531,95.67308044433594
JORpv2008,JOR,Jordan,2008,pv,-0.370714008808136,0.24130794405937195,8.0,30.769229888916016,19.711538314819336,44.71154022216797
KAZpv2008,KAZ,Kazakhstan,2008,pv,0.6266384720802307,0.24130794405937195,8.0,68.26923370361328,52.88461685180664,83.65384674072266
KENpv2008,KEN,Kenya,2008,pv,-1.3936153650283813,0.2460477650165558,7.0,10.09615421295166,7.692307472229004,15.865385055541992
KIRpv2008,KIR,Kiribati,2008,pv,1.3384721279144287,0.35001713037490845,2.0,98.07691955566406,71.63461303710938,100.0
PRKpv2008,PRK,"Korea, Dem. Rep.",2008,pv,0.5244184732437134,0.32501134276390076,3.0,63.46154022216797,43.75,85.57691955566406
KORpv2008,KOR,"Korea, Rep.",2008,pv,0.4209686815738678,0.24130794405937195,8.0,58.17307662963867,44.71154022216797,75.0
KSVpv2008,KSV,Kosovo,2008,pv,1.012082815170288,0.6607629060745239,1.0,83.65384674072266,41.346153259277344,100.0
KWTpv2008,KWT,Kuwait,2008,pv,0.5017679929733276,0.2460477650165558,7.0,62.019229888916016,47.11538314819336,77.40384674072266
KGZpv2008,KGZ,Kyrgyz Republic,2008,pv,-0.567302405834198,0.27641358971595764,5.0,26.44230842590332,15.865385055541992,39.903846740722656
LAOpv2008,LAO,Lao PDR,2008,pv,0.017276132479310036,0.2850634753704071,4.0,44.71154022216797,29.80769157409668,60.57692337036133
LVApv2008,LVA,Latvia,2008,pv,0.20350812375545502,0.2635911703109741,6.0,51.44230651855469,37.019229888916016,68.26923370361328
LBNpv2008,LBN,Lebanon,2008,pv,-1.8766088485717773,0.25208917260169983,6.0,4.807692527770996,1.923076868057251,9.615385055541992
LSOpv2008,LSO,Lesotho,2008,pv,-0.20475609600543976,0.3038313388824463,4.0,37.980770111083984,23.076923370361328,55.28845977783203
LBRpv2008,LBR,Liberia,2008,pv,-1.2831223011016846,0.29207345843315125,4.0,12.019230842590332,8.173076629638672,18.75
LBYpv2008,LBY,Libya,2008,pv,0.8088811635971069,0.2635911703109741,6.0,74.03845977783203,56.730770111083984,94.71154022216797
LIEpv2008,LIE,Liechtenstein,2008,pv,1.3384721279144287,0.35001713037490845,2.0,98.07691955566406,71.63461303710938,100.0
LTUpv2008,LTU,Lithuania,2008,pv,0.7467650771141052,0.24130794405937195,8.0,70.67308044433594,55.28845977783203,90.86538696289062
LUXpv2008,LUX,Luxembourg,2008,pv,1.511939525604248,0.2577880918979645,7.0,100.0,87.01923370361328,100.0
MACpv2008,MAC,"Macao SAR, China",2008,pv,0.479434996843338,0.3321467339992523,2.0,60.57692337036133,41.82692337036133,83.65384674072266
MDGpv2008,MDG,Madagascar,2008,pv,-0.4693361818790436,0.2460477650165558,7.0,29.80769157409668,17.788461685180664,41.82692337036133
MWIpv2008,MWI,Malawi,2008,pv,-0.061070624738931656,0.2635911703109741,6.0,42.30769348144531,28.846153259277344,56.25
MYSpv2008,MYS,Malaysia,2008,pv,0.10854236781597137,0.24130794405937195,8.0,48.55769348144531,35.096153259277344,62.019229888916016
MDVpv2008,MDV,Maldives,2008,pv,-0.16443873941898346,0.3098180592060089,3.0,38.94230651855469,23.55769157409668,55.28845977783203
MLIpv2008,MLI,Mali,2008,pv,0.20999889075756073,0.26144173741340637,6.0,52.88461685180664,37.5,68.26923370361328
MLTpv2008,MLT,Malta,2008,pv,1.273176670074463,0.2635911703109741,6.0,95.19230651855469,75.0,100.0
MHLpv2008,MHL,Marshall Islands,2008,pv,1.012082815170288,0.6607629060745239,1.0,83.65384674072266,41.346153259277344,100.0
MTQpv2008,MTQ,Martinique,2008,pv,0.5920860171318054,0.3321467339992523,2.0,67.30769348144531,45.67307662963867,90.86538696289062
MRTpv2008,MRT,Mauritania,2008,pv,-0.6438816785812378,0.27393797039985657,5.0,24.519229888916016,14.90384578704834,37.980770111083984
MUSpv2008,MUS,Mauritius,2008,pv,0.8905514478683472,0.27779677510261536,5.0,76.92308044433594,58.653846740722656,99.03845977783203
MEXpv2008,MEX,Mexico,2008,pv,-0.8040123581886292,0.24130794405937195,8.0,19.230770111083984,13.461538314819336,29.80769157409668
FSMpv2008,FSM,"Micronesia, Fed. Sts.",2008,pv,1.1686818599700928,0.3098180592060089,3.0,92.30769348144531,69.23076629638672,100.0
MDApv2008,MDA,Moldova,2008,pv,-0.2679331600666046,0.2635911703109741,6.0,35.57692337036133,23.076923370361328,49.03845977783203
MCOpv2008,MCO,Monaco,2008,pv,1.0290766954421997,0.46901482343673706,2.0,84.13461303710938,52.88461685180664,100.0
MNGpv2008,MNG,Mongolia,2008,pv,0.539784848690033,0.2827904224395752,5.0,64.42308044433594,47.11538314819336,81.25
MNEpv2008,MNE,Montenegro,2008,pv,0.7677006125450134,0.2988032102584839,4.0,72.11538696289062,54.80769348144531,94.71154022216797
MARpv2008,MAR,Morocco,2008,pv,-0.5712732076644897,0.2460477650165558,7.0,25.961538314819336,15.865385055541992,38.46154022216797
MOZpv2008,MOZ,Mozambique,2008,pv,0.38309648633003235,0.2460477650165558,7.0,57.21154022216797,43.75,72.59615325927734
MMRpv2008,MMR,Myanmar,2008,pv,-1.091803789138794,0.27106019854545593,5.0,15.384614944458008,9.134614944458008,24.038461685180664
NAMpv2008,NAM,Namibia,2008,pv,1.2010148763656616,0.2635911703109741,6.0,93.75,72.11538696289062,100.0
NRUpv2008,NRU,Nauru,2008,pv,1.012082815170288,0.6607629060745239,1.0,83.65384674072266,41.346153259277344,100.0
NPLpv2008,NPL,Nepal,2008,pv,-1.834287405014038,0.2988032102584839,4.0,6.730769157409668,1.923076868057251,10.576923370361328
NLDpv2008,NLD,Netherlands,2008,pv,0.8635519742965698,0.2577880918979645,7.0,76.44230651855469,58.653846740722656,95.67308044433594
ANTpv2008,ANT,Netherlands Antilles (former),2008,pv,1.1125096082687378,0.3321467339992523,2.0,88.94230651855469,65.38461303710938,100.0
NZLpv2008,NZL,New Zealand,2008,pv,1.1626434326171875,0.24130794405937195,8.0,91.82691955566406,71.63461303710938,100.0
NICpv2008,NIC,Nicaragua,2008,pv,-0.22254255414009094,0.2635911703109741,6.0,37.5,24.038461685180664,52.403846740722656
NERpv2008,NER,Niger,2008,pv,-0.6703213453292847,0.2687244415283203,5.0,24.038461685180664,13.461538314819336,36.53845977783203
NGApv2008,NGA,Nigeria,2008,pv,-1.860711932182312,0.2460477650165558,7.0,5.288461685180664,1.923076868057251,9.615385055541992
MKDpv2008,MKD,North Macedonia,2008,pv,-0.29572057723999023,0.27641358971595764,5.0,35.096153259277344,20.19230842590332,49.03845977783203
NORpv2008,NOR,Norway,2008,pv,1.2854344844818115,0.24130794405937195,8.0,95.67308044433594,76.44230651855469,100.0
OMNpv2008,OMN,Oman,2008,pv,0.9221869111061096,0.2635911703109741,6.0,79.32691955566406,60.57692337036133,99.03845977783203
PAKpv2008,PAK,Pakistan,2008,pv,-2.573009490966797,0.2460477650165558,7.0,0.9615384340286255,0.0,1.923076868057251
PLWpv2008,PLW,Palau,2008,pv,1.012082815170288,0.6607629060745239,1.0,83.65384674072266,41.346153259277344,100.0
PANpv2008,PAN,Panama,2008,pv,-0.09778014570474625,0.2635911703109741,6.0,40.38461685180664,27.884614944458008,55.28845977783203
PNGpv2008,PNG,Papua New Guinea,2008,pv,-0.6102122664451599,0.27106019854545593,5.0,25.480770111083984,15.865385055541992,38.46154022216797
PRYpv2008,PRY,Paraguay,2008,pv,-0.7274502515792847,0.2635911703109741,6.0,21.153846740722656,13.461538314819336,35.096153259277344
PERpv2008,PER,Peru,2008,pv,-0.8926616907119751,0.24130794405937195,8.0,17.30769157409668,11.538461685180664,28.846153259277344
PHLpv2008,PHL,Philippines,2008,pv,-1.7792363166809082,0.24130794405937195,8.0,8.173076629638672,1.923076868057251,10.09615421295166
POLpv2008,POL,Poland,2008,pv,0.9110962748527527,0.24130794405937195,8.0,77.88461303710938,62.019229888916016,95.67308044433594
PRTpv2008,PRT,Portugal,2008,pv,0.9875463247299194,0.24130794405937195,8.0,81.25,66.82691955566406,99.03845977783203
PRIpv2008,PRI,Puerto Rico,2008,pv,0.264064759016037,0.3186805248260498,3.0,53.846153259277344,35.57692337036133,72.59615325927734
QATpv2008,QAT,Qatar,2008,pv,1.114876627922058,0.2635911703109741,6.0,89.42308044433594,69.23076629638672,100.0
ROMpv2008,ROM,Romania,2008,pv,0.1806090921163559,0.24130794405937195,8.0,50.480770111083984,37.5,66.34615325927734
RUSpv2008,RUS,Russian Federation,2008,pv,-0.7499338984489441,0.24130794405937195,8.0,20.19230842590332,13.461538314819336,31.25
RWApv2008,RWA,Rwanda,2008,pv,-0.32766959071159363,0.2850634753704071,4.0,33.17307662963867,19.711538314819336,49.03845977783203
REUpv2008,REU,Réunion,2008,pv,0.44160616397857666,0.3832336664199829,1.0,59.61538314819336,37.980770111083984,86.53845977783203
WSMpv2008,WSM,Samoa,2008,pv,1.0978268384933472,0.3098180592060089,3.0,87.5,66.82691955566406,100.0
SMRpv2008,SMR,San Marino,2008,pv,1.012082815170288,0.6607629060745239,1.0,83.65384674072266,41.346153259277344,100.0
SAUpv2008,SAU,Saudi Arabia,2008,pv,-0.33652442693710327,0.2460477650165558,7.0,32.21154022216797,20.19230842590332,46.63461685180664
SENpv2008,SEN,Senegal,2008,pv,-0.14859133958816528,0.2460477650165558,7.0,39.42307662963867,26.923076629638672,52.88461685180664
SRBpv2008,SRB,Serbia,2008,pv,-0.5427129864692688,0.2635911703109741,6.0,27.403846740722656,15.865385055541992,39.903846740722656
SYCpv2008,SYC,Seychelles,2008,pv,0.7489093542098999,0.2850634753704071,4.0,71.15384674072266,54.80769348144531,94.23076629638672
SLEpv2008,SLE,Sierra Leone,2008,pv,-0.23980890214443207,0.29207345843315125,4.0,36.05769348144531,21.634614944458008,52.88461685180664
SGPpv2008,SGP,Singapore,2008,pv,1.34467613697052,0.24130794405937195,8.0,99.03845977783203,79.80769348144531,100.0
SVKpv2008,SVK,Slovak Republic,2008,pv,1.0821361541748047,0.2577880918979645,7.0,87.01923370361328,69.23076629638672,99.51923370361328
SVNpv2008,SVN,Slovenia,2008,pv,1.1493743658065796,0.2577880918979645,7.0,91.34615325927734,70.19230651855469,100.0
SLBpv2008,SLB,Solomon Islands,2008,pv,0.2063935548067093,0.35001713037490845,2.0,51.92307662963867,30.769229888916016,72.59615325927734
SOMpv2008,SOM,Somalia,2008,pv,-3.280517339706421,0.29207345843315125,4.0,0.0,0.0,0.0
ZAFpv2008,ZAF,South Africa,2008,pv,0.04952899366617203,0.24130794405937195,8.0,46.153846740722656,31.25,59.61538314819336
ESPpv2008,ESP,Spain,2008,pv,-0.3830854594707489,0.24130794405937195,8.0,30.288461685180664,19.711538314819336,44.230770111083984
LKApv2008,LKA,Sri Lanka,2008,pv,-1.7985955476760864,0.2460477650165558,7.0,7.692307472229004,1.923076868057251,9.615385055541992
KNApv2008,KNA,St. Kitts and Nevis,2008,pv,0.9204317927360535,0.3098180592060089,3.0,78.84615325927734,57.69230651855469,99.03845977783203
LCApv2008,LCA,St. Lucia,2008,pv,0.6407643556594849,0.3098180592060089,3.0,69.23076629638672,49.03845977783203,90.86538696289062
VCTpv2008,VCT,St. Vincent and the Grenadines,2008,pv,0.8005743622779846,0.3098180592060089,3.0,73.55769348144531,55.28845977783203,95.67308044433594
SDNpv2008,SDN,Sudan,2008,pv,-2.4853482246398926,0.27106019854545593,5.0,1.442307710647583,0.0,2.403846263885498
SURpv2008,SUR,Suriname,2008,pv,0.09963808208703995,0.2827904224395752,5.0,47.596153259277344,30.769229888916016,65.38461303710938
SWEpv2008,SWE,Sweden,2008,pv,1.1283365488052368,0.24130794405937195,8.0,90.38461303710938,70.19230651855469,100.0
CHEpv2008,CHE,Switzerland,2008,pv,1.222245216369629,0.2577880918979645,7.0,94.71154022216797,73.07691955566406,100.0
SYRpv2008,SYR,Syrian Arab Republic,2008,pv,-0.3390360474586487,0.2460477650165558,7.0,31.730770111083984,20.19230842590332,46.153846740722656
STPpv2008,STP,São Tomé and Principe,2008,pv,0.17534619569778442,0.31543368101119995,3.0,50.0,31.25,69.23076629638672
TWNpv2008,TWN,"Taiwan, China",2008,pv,0.8410732746124268,0.24130794405937195,8.0,75.48076629638672,59.61538314819336,94.71154022216797
TJKpv2008,TJK,Tajikistan,2008,pv,-0.830599308013916,0.27641358971595764,5.0,18.269229888916016,11.538461685180664,30.288461685180664
TZApv2008,TZA,Tanzania,2008,pv,-0.22893387079238892,0.2635911703109741,6.0,37.019229888916016,24.038461685180664,50.96154022216797
THApv2008,THA,Thailand,2008,pv,-1.2720932960510254,0.24130794405937195,8.0,12.5,8.65384578704834,17.30769157409668
TMPpv2008,TMP,Timor-Leste,2008,pv,-0.7983216643333435,0.2988032102584839,4.0,19.711538314819336,11.538461685180664,33.653846740722656
TGOpv2008,TGO,Togo,2008,pv,-0.1689630001783371,0.27106019854545593,5.0,38.46154022216797,25.0,54.80769348144531
TONpv2008,TON,Tonga,2008,pv,0.28170672059059143,0.3098180592060089,3.0,55.28845977783203,37.019229888916016,72.59615325927734
TTOpv2008,TTO,Trinidad and Tobago,2008,pv,-0.11730054020881653,0.2635911703109741,6.0,39.903846740722656,26.923076629638672,55.28845977783203
TUNpv2008,TUN,Tunisia,2008,pv,0.09982123225927353,0.2460477650165558,7.0,48.07692337036133,34.13461685180664,62.019229888916016
TKMpv2008,TKM,Turkmenistan,2008,pv,0.5376880168914795,0.2850634753704071,4.0,63.94230651855469,46.63461685180664,81.25
TUVpv2008,TUV,Tuvalu,2008,pv,1.3384721279144287,0.35001713037490845,2.0,98.07691955566406,71.63461303710938,100.0
TURpv2008,TUR,Türkiye,2008,pv,-0.8238743543624878,0.24130794405937195,8.0,18.75,12.5,29.80769157409668
UGApv2008,UGA,Uganda,2008,pv,-0.8757401704788208,0.2460477650165558,7.0,17.788461685180664,12.019230842590332,29.326923370361328
UKRpv2008,UKR,Ukraine,2008,pv,0.04251439496874809,0.24130794405937195,8.0,45.67307662963867,31.25,58.653846740722656
AREpv2008,ARE,United Arab Emirates,2008,pv,0.6960179209709167,0.2635911703109741,6.0,69.71154022216797,53.36538314819336,89.90384674072266
GBRpv2008,GBR,United Kingdom,2008,pv,0.49287986755371094,0.24130794405937195,8.0,61.05769348144531,47.11538314819336,76.44230651855469
USApv2008,USA,United States,2008,pv,0.5826595425605774,0.24130794405937195,8.0,66.82691955566406,50.480770111083984,80.28845977783203
URYpv2008,URY,Uruguay,2008,pv,0.8450828194618225,0.2635911703109741,6.0,75.96154022216797,57.69230651855469,95.19230651855469
UZBpv2008,UZB,Uzbekistan,2008,pv,-1.2071064710617065,0.2632347345352173,5.0,13.461538314819336,8.65384578704834,19.711538314819336
VUTpv2008,VUT,Vanuatu,2008,pv,1.1854937076568604,0.35001713037490845,2.0,92.78845977783203,67.30769348144531,100.0
VENpv2008,VEN,"Venezuela, RB",2008,pv,-1.3124388456344604,0.24130794405937195,8.0,11.538461685180664,8.65384578704834,16.826923370361328
VNMpv2008,VNM,Viet Nam,2008,pv,0.16526082158088684,0.2460477650165558,7.0,49.519229888916016,36.05769348144531,65.38461303710938
VIRpv2008,VIR,Virgin Islands (U.S.),2008,pv,0.5008507966995239,0.3321467339992523,2.0,61.53845977783203,42.30769348144531,85.09615325927734
WBGpv2008,WBG,West Bank and Gaza,2008,pv,-1.9904299974441528,0.35001713037490845,2.0,3.846153736114502,0.9615384340286255,9.615385055541992
YEMpv2008,YEM,"Yemen, Rep.",2008,pv,-2.012794256210327,0.25208917260169983,6.0,2.884615421295166,1.923076868057251,9.134614944458008
ZMBpv2008,ZMB,Zambia,2008,pv,0.47257286310195923,0.2635911703109741,6.0,60.096153259277344,45.19230651855469,77.40384674072266
ZWEpv2008,ZWE,Zimbabwe,2008,pv,-1.2123380899429321,0.2460477650165558,7.0,12.980769157409668,9.134614944458008,18.75
AFGpv2009,AFG,Afghanistan,2009,pv,-2.711421489715576,0.29300761222839355,4.0,0.4739336371421814,0.0,1.8957345485687256
ALBpv2009,ALB,Albania,2009,pv,-0.04514051228761673,0.2647393047809601,6.0,42.18009567260742,28.90995216369629,57.345970153808594
DZApv2009,DZA,Algeria,2009,pv,-1.196913480758667,0.24605512619018555,7.0,13.270142555236816,7.582938194274902,19.90521240234375
ASMpv2009,ASM,American Samoa,2009,pv,0.9457246661186218,0.37083345651626587,1.0,82.4644546508789,54.02843475341797,100.0
ADOpv2009,ADO,Andorra,2009,pv,1.2971395254135132,0.34126225113868713,2.0,94.31279754638672,72.03791809082031,100.0
AGOpv2009,AGO,Angola,2009,pv,-0.3475918471813202,0.2519984245300293,6.0,32.70142364501953,20.85308074951172,47.39336395263672
AIApv2009,AIA,Anguilla,2009,pv,0.8687180876731873,0.3484807312488556,2.0,78.67298889160156,53.080570220947266,98.10426330566406
ATGpv2009,ATG,Antigua and Barbuda,2009,pv,0.721793532371521,0.3236018717288971,3.0,71.56398010253906,51.18483352661133,92.89099884033203
ARGpv2009,ARG,Argentina,2009,pv,-0.2348545789718628,0.2415391206741333,8.0,36.96682357788086,24.170616149902344,50.710899353027344
ARMpv2009,ARM,Armenia,2009,pv,0.2278633564710617,0.2647393047809601,6.0,52.60663604736328,37.91469192504883,69.1943130493164
ABWpv2009,ABW,Aruba,2009,pv,1.1215542554855347,0.3110918402671814,3.0,88.62559509277344,67.77251434326172,100.0
AUSpv2009,AUS,Australia,2009,pv,0.8551205992698669,0.2415391206741333,8.0,76.77725219726562,61.61137390136719,92.89099884033203
AUTpv2009,AUT,Austria,2009,pv,1.1908739805221558,0.2415391206741333,8.0,90.9952621459961,73.459716796875,100.0
AZEpv2009,AZE,Azerbaijan,2009,pv,-0.27785351872444153,0.24605512619018555,7.0,35.54502487182617,22.27488136291504,48.81516647338867
BHSpv2009,BHS,"Bahamas, The",2009,pv,0.8595804572105408,0.2721847891807556,5.0,77.25118255615234,60.66350555419922,94.31279754638672
BHRpv2009,BHR,Bahrain,2009,pv,-0.13723944127559662,0.24605512619018555,7.0,40.75829315185547,27.014217376708984,52.60663604736328
BGDpv2009,BGD,Bangladesh,2009,pv,-1.5467714071273804,0.24605512619018555,7.0,9.004739761352539,4.265402793884277,14.691943168640137
BRBpv2009,BRB,Barbados,2009,pv,1.0477406978607178,0.2837788164615631,5.0,85.78199005126953,65.40284729003906,99.05213165283203
BLRpv2009,BLR,Belarus,2009,pv,0.48934775590896606,0.2721847891807556,5.0,62.559242248535156,45.97156524658203,80.56871795654297
BELpv2009,BEL,Belgium,2009,pv,0.8208246827125549,0.2415391206741333,8.0,75.35545349121094,60.66350555419922,91.46919250488281
BLZpv2009,BLZ,Belize,2009,pv,0.028430204838514328,0.29300761222839355,4.0,45.49763107299805,30.33175277709961,63.03317642211914
BENpv2009,BEN,Benin,2009,pv,0.4036666750907898,0.2611151933670044,6.0,60.1895751953125,43.127960205078125,75.82938385009766
BMUpv2009,BMU,Bermuda,2009,pv,0.6935322284698486,0.3484807312488556,2.0,70.6161117553711,48.34123229980469,92.89099884033203
BTNpv2009,BTN,Bhutan,2009,pv,0.8034966588020325,0.29300761222839355,4.0,73.93364715576172,53.554500579833984,93.36492919921875
BOLpv2009,BOL,Bolivia,2009,pv,-0.5061104893684387,0.24605512619018555,7.0,28.436019897460938,18.957345962524414,41.23222732543945
BIHpv2009,BIH,Bosnia and Herzegovina,2009,pv,-0.6659142971038818,0.2837788164615631,5.0,23.69668197631836,14.691943168640137,38.38862609863281
BWApv2009,BWA,Botswana,2009,pv,0.9538612365722656,0.24605512619018555,7.0,82.93838500976562,63.981040954589844,94.78672790527344
BRApv2009,BRA,Brazil,2009,pv,0.16366422176361084,0.2415391206741333,8.0,51.18483352661133,36.96682357788086,63.981040954589844
BRNpv2009,BRN,Brunei Darussalam,2009,pv,1.3871266841888428,0.2647393047809601,6.0,97.1563949584961,82.4644546508789,100.0
BGRpv2009,BGR,Bulgaria,2009,pv,0.35367897152900696,0.2415391206741333,8.0,55.924171447753906,42.18009567260742,72.03791809082031
BFApv2009,BFA,Burkina Faso,2009,pv,0.034040287137031555,0.24605512619018555,7.0,45.97156524658203,31.279621124267578,61.1374397277832
BDIpv2009,BDI,Burundi,2009,pv,-1.2714426517486572,0.2837788164615631,5.0,12.796208381652832,5.21327018737793,19.90521240234375
KHMpv2009,KHM,Cambodia,2009,pv,-0.560373842716217,0.2611151933670044,6.0,27.014217376708984,16.587677001953125,40.75829315185547
CMRpv2009,CMR,Cameroon,2009,pv,-0.47478213906288147,0.24605512619018555,7.0,29.857820510864258,19.90521240234375,41.70616149902344
CANpv2009,CAN,Canada,2009,pv,1.1270759105682373,0.2415391206741333,8.0,89.09952545166016,72.03791809082031,99.52606964111328
CPVpv2009,CPV,Cape Verde,2009,pv,0.8184493184089661,0.29300761222839355,4.0,74.88151550292969,54.02843475341797,94.31279754638672
CYMpv2009,CYM,Cayman Islands,2009,pv,1.0926268100738525,0.3110918402671814,3.0,88.15165710449219,65.40284729003906,100.0
CAFpv2009,CAF,Central African Republic,2009,pv,-1.9039899110794067,0.26825079321861267,5.0,4.7393364906311035,1.421800971031189,9.004739761352539
TCDpv2009,TCD,Chad,2009,pv,-1.7262296676635742,0.2611151933670044,6.0,6.161137580871582,2.3696682453155518,11.374407768249512
CHLpv2009,CHL,Chile,2009,pv,0.6025844216346741,0.2415391206741333,8.0,66.82464599609375,51.18483352661133,84.83412170410156
CHNpv2009,CHN,China,2009,pv,-0.45178133249282837,0.2415391206741333,8.0,30.805686950683594,19.90521240234375,41.70616149902344
COLpv2009,COL,Colombia,2009,pv,-1.8323458433151245,0.2415391206741333,8.0,5.21327018737793,1.8957345485687256,9.004739761352539
COMpv2009,COM,Comoros,2009,pv,-0.7652677297592163,0.3236018717288971,3.0,20.85308074951172,11.374407768249512,36.96682357788086
ZARpv2009,ZAR,"Congo, Dem. Rep.",2009,pv,-2.0009827613830566,0.2519984245300293,6.0,3.791469097137451,1.421800971031189,7.582938194274902
COGpv2009,COG,"Congo, Rep.",2009,pv,-0.25048762559890747,0.2519984245300293,6.0,36.492889404296875,24.170616149902344,50.710899353027344
COKpv2009,COK,Cook Islands,2009,pv,1.1440989971160889,0.7234808802604675,1.0,90.04739379882812,42.18009567260742,100.0
CRIpv2009,CRI,Costa Rica,2009,pv,0.5870603919029236,0.2647393047809601,6.0,65.87677764892578,50.23696517944336,85.30805969238281
HRVpv2009,HRV,Croatia,2009,pv,0.6129269599914551,0.2591385543346405,7.0,68.24644470214844,51.18483352661133,85.30805969238281
CUBpv2009,CUB,Cuba,2009,pv,0.35667985677719116,0.2519984245300293,6.0,56.39810562133789,41.70616149902344,72.03791809082031
CYPpv2009,CYP,Cyprus,2009,pv,0.39028748869895935,0.24605512619018555,7.0,57.81990432739258,43.60189437866211,73.459716796875
CZEpv2009,CZE,Czech Republic,2009,pv,0.9058293700218201,0.2415391206741333,8.0,79.14691925048828,63.03317642211914,94.31279754638672
CIVpv2009,CIV,Côte d'Ivoire,2009,pv,-1.3208625316619873,0.24605512619018555,7.0,11.374407768249512,6.161137580871582,18.957345962524414
DNKpv2009,DNK,Denmark,2009,pv,1.0011826753616333,0.2415391206741333,8.0,85.30805969238281,66.82464599609375,97.1563949584961
DJIpv2009,DJI,Djibouti,2009,pv,0.4942390024662018,0.29300761222839355,4.0,63.03317642211914,44.54976272583008,83.8862533569336
DMApv2009,DMA,Dominica,2009,pv,0.665553092956543,0.3236018717288971,3.0,69.66824340820312,48.81516647338867,91.46919250488281
DOMpv2009,DOM,Dominican Republic,2009,pv,-0.002735103014856577,0.24605512619018555,7.0,44.54976272583008,30.805686950683594,58.29383850097656
ECUpv2009,ECU,Ecuador,2009,pv,-0.6736757755279541,0.24605512619018555,7.0,23.222749710083008,14.691943168640137,36.018959045410156
EGYpv2009,EGY,"Egypt, Arab Rep.",2009,pv,-0.607227087020874,0.24605512619018555,7.0,25.592416763305664,16.113744735717773,38.38862609863281
SLVpv2009,SLV,El Salvador,2009,pv,-0.007116277236491442,0.2647393047809601,6.0,44.075828552246094,30.805686950683594,60.66350555419922
GNQpv2009,GNQ,Equatorial Guinea,2009,pv,0.3733024001121521,0.29300761222839355,4.0,57.345970153808594,41.23222732543945,76.30331420898438
ERIpv2009,ERI,Eritrea,2009,pv,-0.6808847188949585,0.29300761222839355,4.0,22.748815536499023,14.218009948730469,38.38862609863281
ESTpv2009,EST,Estonia,2009,pv,0.5676190257072449,0.2415391206741333,8.0,64.4549789428711,51.18483352661133,83.41232299804688
SWZpv2009,SWZ,Eswatini,2009,pv,-0.014716630801558495,0.29300761222839355,4.0,43.60189437866211,28.436019897460938,61.61137390136719
ETHpv2009,ETH,Ethiopia,2009,pv,-1.6410722732543945,0.24605512619018555,7.0,6.635071277618408,2.843601942062378,12.796208381652832
FJIpv2009,FJI,Fiji,2009,pv,-0.27288565039634705,0.3236018717288971,3.0,36.018959045410156,19.90521240234375,52.60663604736328
FINpv2009,FIN,Finland,2009,pv,1.4596714973449707,0.2415391206741333,8.0,99.05213165283203,86.25592041015625,100.0
FRApv2009,FRA,France,2009,pv,0.5120128989219666,0.2415391206741333,8.0,63.507110595703125,47.8672981262207,79.14691925048828
GUFpv2009,GUF,French Guiana,2009,pv,0.3024134337902069,0.32668372988700867,2.0,53.554500579833984,36.96682357788086,76.30331420898438
GABpv2009,GAB,Gabon,2009,pv,0.1404387652873993,0.2519984245300293,6.0,49.289100646972656,36.018959045410156,63.981040954589844
GMBpv2009,GMB,"Gambia, The",2009,pv,0.12231682240962982,0.2647393047809601,6.0,48.81516647338867,32.70142364501953,63.981040954589844
GEOpv2009,GEO,Georgia,2009,pv,-0.9655249118804932,0.2837788164615631,5.0,17.535545349121094,9.004739761352539,28.436019897460938
DEUpv2009,DEU,Germany,2009,pv,0.8599025011062622,0.2415391206741333,8.0,77.7251205444336,61.61137390136719,92.89099884033203
GHApv2009,GHA,Ghana,2009,pv,0.027835818007588387,0.24605512619018555,7.0,45.02369689941406,31.279621124267578,61.1374397277832
GRCpv2009,GRC,Greece,2009,pv,-0.2081242948770523,0.2415391206741333,8.0,37.91469192504883,25.592416763305664,51.18483352661133
GRLpv2009,GRL,Greenland,2009,pv,1.5188533067703247,0.5729732513427734,1.0,99.52606964111328,65.40284729003906,100.0
GRDpv2009,GRD,Grenada,2009,pv,0.3922085464000702,0.3236018717288971,3.0,58.29383850097656,40.284358978271484,80.09478759765625
GUMpv2009,GUM,Guam,2009,pv,0.40125155448913574,0.37083345651626587,1.0,59.715641021728516,37.91469192504883,85.30805969238281
GTMpv2009,GTM,Guatemala,2009,pv,-0.9256725907325745,0.24605512619018555,7.0,18.957345962524414,10.900473594665527,27.014217376708984
GINpv2009,GIN,Guinea,2009,pv,-2.116455078125,0.2721847891807556,5.0,2.843601942062378,1.421800971031189,6.161137580871582
GNBpv2009,GNB,Guinea-Bissau,2009,pv,-0.6658708453178406,0.29617735743522644,4.0,24.170616149902344,14.218009948730469,38.38862609863281
GUYpv2009,GUY,Guyana,2009,pv,-0.6299810409545898,0.2647393047809601,6.0,24.644550323486328,14.691943168640137,38.38862609863281
HTIpv2009,HTI,Haiti,2009,pv,-0.9574301242828369,0.2519984245300293,6.0,18.009479522705078,9.952606201171875,27.014217376708984
HNDpv2009,HND,Honduras,2009,pv,-0.30819210410118103,0.24605512619018555,7.0,33.17535400390625,21.800947189331055,47.8672981262207
HKGpv2009,HKG,"Hong Kong SAR, China",2009,pv,0.965701699256897,0.25938680768013,6.0,83.8862533569336,63.981040954589844,97.1563949584961
HUNpv2009,HUN,Hungary,2009,pv,0.5368162989616394,0.2415391206741333,8.0,63.981040954589844,49.289100646972656,80.56871795654297
ISLpv2009,ISL,Iceland,2009,pv,1.190887212753296,0.2647393047809601,6.0,91.46919250488281,72.03791809082031,100.0
INDpv2009,IND,India,2009,pv,-1.3555479049682617,0.2415391206741333,8.0,10.42654037475586,5.21327018737793,17.535545349121094
IDNpv2009,IDN,Indonesia,2009,pv,-0.7511536478996277,0.2415391206741333,8.0,21.327014923095703,14.691943168640137,32.22748947143555
IRNpv2009,IRN,"Iran, Islamic Rep.",2009,pv,-1.5642420053482056,0.2519984245300293,6.0,8.056872367858887,4.265402793884277,14.218009948730469
IRQpv2009,IRQ,Iraq,2009,pv,-2.1747078895568848,0.2824442684650421,4.0,2.3696682453155518,1.421800971031189,6.161137580871582
IRLpv2009,IRL,Ireland,2009,pv,1.0573660135269165,0.2415391206741333,8.0,86.25592041015625,69.1943130493164,98.57820129394531
ISRpv2009,ISR,Israel,2009,pv,-1.6252106428146362,0.2415391206741333,8.0,7.109004974365234,3.317535638809204,12.796208381652832
ITApv2009,ITA,Italy,2009,pv,0.3469058871269226,0.2415391206741333,8.0,54.50236892700195,41.70616149902344,72.03791809082031
JAMpv2009,JAM,Jamaica,2009,pv,-0.3638176918029785,0.2647393047809601,6.0,31.753555297851562,19.90521240234375,47.39336395263672
JPNpv2009,JPN,Japan,2009,pv,0.9762519001960754,0.2415391206741333,8.0,84.36019134521484,65.40284729003906,94.78672790527344
JORpv2009,JOR,Jordan,2009,pv,-0.35645705461502075,0.2415391206741333,8.0,32.22748947143555,20.85308074951172,45.97156524658203
KAZpv2009,KAZ,Kazakhstan,2009,pv,0.7768162488937378,0.2415391206741333,8.0,72.51184844970703,57.345970153808594,90.04739379882812
KENpv2009,KEN,Kenya,2009,pv,-1.425580620765686,0.24605512619018555,7.0,9.478672981262207,5.21327018737793,16.113744735717773
KIRpv2009,KIR,Kiribati,2009,pv,1.4026106595993042,0.3236018717288971,3.0,98.10426330566406,78.67298889160156,100.0
PRKpv2009,PRK,"Korea, Dem. Rep.",2009,pv,-0.027152836322784424,0.2824442684650421,4.0,43.127960205078125,28.90995216369629,61.1374397277832
KORpv2009,KOR,"Korea, Rep.",2009,pv,0.4096279740333557,0.2415391206741333,8.0,60.66350555419922,44.54976272583008,73.93364715576172
KSVpv2009,KSV,Kosovo,2009,pv,0.43050938844680786,0.6648169159889221,1.0,61.1374397277832,24.170616149902344,99.52606964111328
KWTpv2009,KWT,Kuwait,2009,pv,0.35340744256973267,0.24605512619018555,7.0,55.45023727416992,41.70616149902344,72.03791809082031
KGZpv2009,KGZ,Kyrgyz Republic,2009,pv,-0.622969388961792,0.2837788164615631,5.0,25.11848258972168,14.691943168640137,39.33649444580078
LAOpv2009,LAO,Lao PDR,2009,pv,-0.15804822742938995,0.26825079321861267,5.0,39.33649444580078,25.592416763305664,53.080570220947266
LVApv2009,LVA,Latvia,2009,pv,0.34827980399131775,0.24605512619018555,7.0,54.97630310058594,41.70616149902344,72.03791809082031
LBNpv2009,LBN,Lebanon,2009,pv,-1.5616968870162964,0.2519984245300293,6.0,8.530805587768555,4.265402793884277,14.691943168640137
LSOpv2009,LSO,Lesotho,2009,pv,0.3261559009552002,0.2837788164615631,5.0,54.02843475341797,40.284358978271484,73.459716796875
LBRpv2009,LBR,Liberia,2009,pv,-1.050554633140564,0.2721847891807556,5.0,15.165876388549805,9.004739761352539,25.592416763305664
LBYpv2009,LBY,Libya,2009,pv,0.8318967223167419,0.24605512619018555,7.0,76.30331420898438,60.66350555419922,92.41706085205078
LIEpv2009,LIE,Liechtenstein,2009,pv,1.553163766860962,0.29300761222839355,4.0,100.0,86.7298583984375,100.0
LTUpv2009,LTU,Lithuania,2009,pv,0.6315812468528748,0.2415391206741333,8.0,69.1943130493164,52.60663604736328,85.30805969238281
LUXpv2009,LUX,Luxembourg,2009,pv,1.4503817558288574,0.2591385543346405,7.0,98.57820129394531,85.30805969238281,100.0
MACpv2009,MAC,"Macao SAR, China",2009,pv,0.6053770184516907,0.32668372988700867,2.0,67.29857635498047,47.39336395263672,89.09952545166016
MDGpv2009,MDG,Madagascar,2009,pv,-0.733878493309021,0.24605512619018555,7.0,21.800947189331055,14.691943168640137,32.70142364501953
MWIpv2009,MWI,Malawi,2009,pv,0.05366681143641472,0.2647393047809601,6.0,46.445499420166016,31.279621124267578,62.08530807495117
MYSpv2009,MYS,Malaysia,2009,pv,-0.04166091978549957,0.2415391206741333,8.0,42.654029846191406,30.805686950683594,55.924171447753906
MDVpv2009,MDV,Maldives,2009,pv,-0.22970762848854065,0.3236018717288971,3.0,37.440757751464844,20.85308074951172,53.080570220947266
MLIpv2009,MLI,Mali,2009,pv,-0.07557762414216995,0.24605512619018555,7.0,41.70616149902344,28.90995216369629,54.02843475341797
MLTpv2009,MLT,Malta,2009,pv,1.2493600845336914,0.24605512619018555,7.0,92.89099884033203,76.30331420898438,100.0
MHLpv2009,MHL,Marshall Islands,2009,pv,1.3850017786026,0.5568170547485352,2.0,96.68246459960938,61.61137390136719,100.0
MTQpv2009,MTQ,Martinique,2009,pv,0.40125155448913574,0.37083345651626587,1.0,59.715641021728516,37.91469192504883,85.30805969238281
MRTpv2009,MRT,Mauritania,2009,pv,-0.8828540444374084,0.2611151933670044,6.0,19.90521240234375,11.374407768249512,30.33175277709961
MUSpv2009,MUS,Mauritius,2009,pv,0.7077666521072388,0.2611151933670044,6.0,71.09004974365234,53.080570220947266,89.09952545166016
MEXpv2009,MEX,Mexico,2009,pv,-0.6866278052330017,0.2415391206741333,8.0,22.27488136291504,14.691943168640137,34.5971565246582
FSMpv2009,FSM,"Micronesia, Fed. Sts.",2009,pv,1.2874692678451538,0.3236018717288971,3.0,93.83885955810547,72.03791809082031,100.0
MDApv2009,MDA,Moldova,2009,pv,-0.5835997462272644,0.2721847891807556,5.0,26.06635093688965,15.639810562133789,40.75829315185547
MCOpv2009,MCO,Monaco,2009,pv,0.9772307872772217,0.6648169159889221,1.0,84.83412170410156,41.23222732543945,100.0
MNGpv2009,MNG,Mongolia,2009,pv,0.6099874377250671,0.24605512619018555,7.0,67.77251434326172,51.18483352661133,85.30805969238281
MNEpv2009,MNE,Montenegro,2009,pv,0.8173721432685852,0.31129610538482666,4.0,74.40758514404297,53.554500579833984,94.78672790527344
MARpv2009,MAR,Morocco,2009,pv,-0.3982996344566345,0.24605512619018555,7.0,31.279621124267578,19.90521240234375,44.54976272583008
MOZpv2009,MOZ,Mozambique,2009,pv,0.6253796219825745,0.24605512619018555,7.0,68.72038269042969,52.1327018737793,85.30805969238281
MMRpv2009,MMR,Myanmar,2009,pv,-1.2944188117980957,0.2721847891807556,5.0,11.84834098815918,5.21327018737793,19.90521240234375
NAMpv2009,NAM,Namibia,2009,pv,0.9295708537101746,0.24605512619018555,7.0,80.56871795654297,63.507110595703125,94.78672790527344
NRUpv2009,NRU,Nauru,2009,pv,1.3850017786026,0.5568170547485352,2.0,96.68246459960938,61.61137390136719,100.0
NPLpv2009,NPL,Nepal,2009,pv,-1.6200811862945557,0.2611151933670044,6.0,7.582938194274902,2.843601942062378,13.270142555236816
NLDpv2009,NLD,Netherlands,2009,pv,0.9450192451477051,0.2415391206741333,8.0,81.99052429199219,63.981040954589844,94.78672790527344
ANTpv2009,ANT,Netherlands Antilles (former),2009,pv,0.8687180876731873,0.3484807312488556,2.0,78.67298889160156,53.080570220947266,98.10426330566406
NZLpv2009,NZL,New Zealand,2009,pv,1.071155309677124,0.2415391206741333,8.0,86.7298583984375,69.66824340820312,99.05213165283203
NICpv2009,NIC,Nicaragua,2009,pv,-0.30579379200935364,0.24605512619018555,7.0,33.649288177490234,21.800947189331055,47.8672981262207
NERpv2009,NER,Niger,2009,pv,-1.1500377655029297,0.2519984245300293,6.0,14.691943168640137,8.056872367858887,21.327014923095703
NGApv2009,NGA,Nigeria,2009,pv,-1.994553804397583,0.24605512619018555,7.0,4.265402793884277,1.421800971031189,7.582938194274902
NIUpv2009,NIU,Niue,2009,pv,1.1440989971160889,0.7234808802604675,1.0,90.04739379882812,42.18009567260742,100.0
MKDpv2009,MKD,North Macedonia,2009,pv,-0.2985558807849884,0.2837788164615631,5.0,34.5971565246582,20.85308074951172,51.18483352661133
NORpv2009,NOR,Norway,2009,pv,1.276532530784607,0.2415391206741333,8.0,93.36492919921875,78.67298889160156,100.0
OMNpv2009,OMN,Oman,2009,pv,0.8268325924873352,0.24605512619018555,7.0,75.82938385009766,60.66350555419922,92.41706085205078
PAKpv2009,PAK,Pakistan,2009,pv,-2.644526720046997,0.24605512619018555,7.0,1.421800971031189,0.0,1.8957345485687256
PLWpv2009,PLW,Palau,2009,pv,1.3850017786026,0.5568170547485352,2.0,96.68246459960938,61.61137390136719,100.0
PANpv2009,PAN,Panama,2009,pv,0.06227951869368553,0.24605512619018555,7.0,47.39336395263672,32.70142364501953,61.61137390136719
PNGpv2009,PNG,Papua New Guinea,2009,pv,-0.7908074259757996,0.2721847891807556,5.0,20.379146575927734,12.796208381652832,32.70142364501953
PRYpv2009,PRY,Paraguay,2009,pv,-0.883586049079895,0.24605512619018555,7.0,19.4312801361084,11.84834098815918,28.90995216369629
PERpv2009,PER,Peru,2009,pv,-1.1800479888916016,0.2415391206741333,8.0,13.744075775146484,7.582938194274902,20.379146575927734
PHLpv2009,PHL,Philippines,2009,pv,-1.728763222694397,0.2415391206741333,8.0,5.687203884124756,2.3696682453155518,10.900473594665527
POLpv2009,POL,Poland,2009,pv,0.9381353855133057,0.2415391206741333,8.0,81.51658630371094,63.981040954589844,94.78672790527344
PRTpv2009,PRT,Portugal,2009,pv,0.7873817682266235,0.2415391206741333,8.0,72.98577880859375,57.81990432739258,90.52132415771484
PRIpv2009,PRI,Puerto Rico,2009,pv,0.1536620706319809,0.31403663754463196,3.0,50.710899353027344,31.753555297851562,69.66824340820312
QATpv2009,QAT,Qatar,2009,pv,1.2232850790023804,0.2415391206741333,8.0,91.94313049316406,75.82938385009766,100.0
ROMpv2009,ROM,Romania,2009,pv,0.3593662977218628,0.2415391206741333,8.0,56.872039794921875,42.654029846191406,72.03791809082031
RUSpv2009,RUS,Russian Federation,2009,pv,-0.9699265956878662,0.2415391206741333,8.0,17.06161117553711,9.952606201171875,26.06635093688965
RWApv2009,RWA,Rwanda,2009,pv,-0.506896436214447,0.29300761222839355,4.0,27.962085723876953,16.587677001953125,43.127960205078125
REUpv2009,REU,Réunion,2009,pv,0.40125155448913574,0.37083345651626587,1.0,59.715641021728516,37.91469192504883,85.30805969238281
WSMpv2009,WSM,Samoa,2009,pv,0.9578841924667358,0.3236018717288971,3.0,83.41232299804688,60.66350555419922,99.05213165283203
SMRpv2009,SMR,San Marino,2009,pv,1.3850017786026,0.5568170547485352,2.0,96.68246459960938,61.61137390136719,100.0
SAUpv2009,SAU,Saudi Arabia,2009,pv,-0.49253523349761963,0.24605512619018555,7.0,28.90995216369629,18.957345962524414,41.23222732543945
SENpv2009,SEN,Senegal,2009,pv,-0.20520099997520447,0.24605512619018555,7.0,38.38862609863281,25.11848258972168,51.18483352661133
SRBpv2009,SRB,Serbia,2009,pv,-0.47735854983329773,0.24605512619018555,7.0,29.383886337280273,19.90521240234375,41.70616149902344
SYCpv2009,SYC,Seychelles,2009,pv,0.5981371402740479,0.29300761222839355,4.0,66.3507080078125,47.8672981262207,86.7298583984375
SLEpv2009,SLE,Sierra Leone,2009,pv,-0.2890302538871765,0.2721847891807556,5.0,35.07109069824219,21.327014923095703,50.710899353027344
SGPpv2009,SGP,Singapore,2009,pv,1.179591178894043,0.2415391206741333,8.0,90.52132415771484,72.51184844970703,100.0
SVKpv2009,SVK,Slovak Republic,2009,pv,0.9204968214035034,0.2415391206741333,8.0,80.09478759765625,63.507110595703125,94.78672790527344
SVNpv2009,SVN,Slovenia,2009,pv,0.9369058012962341,0.2415391206741333,8.0,81.04265594482422,63.981040954589844,94.78672790527344
SLBpv2009,SLB,Solomon Islands,2009,pv,0.21501873433589935,0.3236018717288971,3.0,52.1327018737793,32.70142364501953,72.03791809082031
SOMpv2009,SOM,Somalia,2009,pv,-3.31295108795166,0.2824442684650421,4.0,0.0,0.0,0.0
ZAFpv2009,ZAF,South Africa,2009,pv,-0.11449261009693146,0.2415391206741333,8.0,41.23222732543945,27.014217376708984,53.080570220947266
ESPpv2009,ESP,Spain,2009,pv,-0.47459957003593445,0.2415391206741333,8.0,30.33175277709961,19.90521240234375,41.23222732543945
LKApv2009,LKA,Sri Lanka,2009,pv,-1.3409030437469482,0.24605512619018555,7.0,10.900473594665527,5.21327018737793,18.48341178894043
KNApv2009,KNA,St. Kitts and Nevis,2009,pv,1.091652512550354,0.3236018717288971,3.0,87.67772674560547,63.981040954589844,100.0
LCApv2009,LCA,St. Lucia,2009,pv,0.6857536435127258,0.3236018717288971,3.0,70.14218139648438,50.710899353027344,91.46919250488281
VCTpv2009,VCT,St. Vincent and the Grenadines,2009,pv,0.728931725025177,0.3236018717288971,3.0,72.03791809082031,51.18483352661133,92.89099884033203
SDNpv2009,SDN,Sudan,2009,pv,-2.647073745727539,0.2519984245300293,6.0,0.9478672742843628,0.0,1.8957345485687256
SURpv2009,SUR,Suriname,2009,pv,0.1472674012184143,0.2647393047809601,6.0,50.23696517944336,35.07109069824219,65.40284729003906
SWEpv2009,SWE,Sweden,2009,pv,1.084638237953186,0.2415391206741333,8.0,87.20378875732422,70.14218139648438,99.05213165283203
CHEpv2009,CHE,Switzerland,2009,pv,1.3077212572097778,0.2415391206741333,8.0,94.78672790527344,79.14691925048828,100.0
SYRpv2009,SYR,Syrian Arab Republic,2009,pv,-0.5091005563735962,0.24605512619018555,7.0,27.48815155029297,18.957345962524414,41.23222732543945
STPpv2009,STP,São Tomé and Principe,2009,pv,0.1466197371482849,0.29300761222839355,4.0,49.76303482055664,32.70142364501953,68.72038269042969
TWNpv2009,TWN,"Taiwan, China",2009,pv,0.569273054599762,0.24862268567085266,7.0,64.92890930175781,50.710899353027344,84.36019134521484
TJKpv2009,TJK,Tajikistan,2009,pv,-1.0253945589065552,0.2837788164615631,5.0,16.113744735717773,9.004739761352539,27.014217376708984
TZApv2009,TZA,Tanzania,2009,pv,0.08918124437332153,0.24605512619018555,7.0,47.8672981262207,32.70142364501953,62.559242248535156
THApv2009,THA,Thailand,2009,pv,-1.424471139907837,0.2415391206741333,8.0,9.952606201171875,5.21327018737793,15.639810562133789
TMPpv2009,TMP,Timor-Leste,2009,pv,-0.565601110458374,0.2837788164615631,5.0,26.540285110473633,15.165876388549805,41.23222732543945
TGOpv2009,TGO,Togo,2009,pv,-0.1655755490064621,0.2519984245300293,6.0,38.8625602722168,26.06635093688965,52.60663604736328
TONpv2009,TON,Tonga,2009,pv,0.21501873433589935,0.3236018717288971,3.0,52.1327018737793,32.70142364501953,72.03791809082031
TTOpv2009,TTO,Trinidad and Tobago,2009,pv,-0.1417674422264099,0.2647393047809601,6.0,40.284358978271484,26.06635093688965,53.080570220947266
TUNpv2009,TUN,Tunisia,2009,pv,0.05961170792579651,0.24605512619018555,7.0,46.919429779052734,32.70142364501953,61.61137390136719
TKMpv2009,TKM,Turkmenistan,2009,pv,0.48547297716140747,0.29300761222839355,4.0,62.08530807495117,44.54976272583008,83.8862533569336
TUVpv2009,TUV,Tuvalu,2009,pv,1.4026106595993042,0.3236018717288971,3.0,98.10426330566406,78.67298889160156,100.0
TURpv2009,TUR,Türkiye,2009,pv,-1.0307905673980713,0.2415391206741333,8.0,15.639810562133789,9.004739761352539,24.170616149902344
UGApv2009,UGA,Uganda,2009,pv,-0.9918057918548584,0.24605512619018555,7.0,16.587677001953125,9.952606201171875,25.592416763305664
UKRpv2009,UKR,Ukraine,2009,pv,-0.30231940746307373,0.2415391206741333,8.0,34.12322235107422,21.800947189331055,47.8672981262207
AREpv2009,ARE,United Arab Emirates,2009,pv,0.9190414547920227,0.24605512619018555,7.0,79.620849609375,63.507110595703125,94.78672790527344
GBRpv2009,GBR,United Kingdom,2009,pv,0.12194950133562088,0.2415391206741333,8.0,48.34123229980469,35.54502487182617,63.507110595703125
USApv2009,USA,United States,2009,pv,0.4473136067390442,0.2415391206741333,8.0,61.61137390136719,45.97156524658203,76.30331420898438
URYpv2009,URY,Uruguay,2009,pv,0.789260983467102,0.24605512619018555,7.0,73.459716796875,57.345970153808594,91.46919250488281
UZBpv2009,UZB,Uzbekistan,2009,pv,-0.9505525231361389,0.26825079321861267,5.0,18.48341178894043,9.952606201171875,27.014217376708984
VUTpv2009,VUT,Vanuatu,2009,pv,1.229898452758789,0.3236018717288971,3.0,92.41706085205078,70.6161117553711,100.0
VENpv2009,VEN,"Venezuela, RB",2009,pv,-1.2777894735336304,0.2415391206741333,8.0,12.322275161743164,6.161137580871582,19.90521240234375
VNMpv2009,VNM,Viet Nam,2009,pv,0.2717759609222412,0.24605512619018555,7.0,53.080570220947266,40.75829315185547,69.66824340820312
VIRpv2009,VIR,Virgin Islands (U.S.),2009,pv,-0.14322149753570557,0.37083345651626587,1.0,39.8104248046875,20.85308074951172,61.61137390136719
WBGpv2009,WBG,West Bank and Gaza,2009,pv,-2.0433311462402344,0.30592405796051025,3.0,3.317535638809204,1.421800971031189,9.004739761352539
YEMpv2009,YEM,"Yemen, Rep.",2009,pv,-2.3290207386016846,0.2519984245300293,6.0,1.8957345485687256,0.0,4.265402793884277
ZMBpv2009,ZMB,Zambia,2009,pv,0.5695861577987671,0.24605512619018555,7.0,65.40284729003906,51.18483352661133,83.8862533569336
ZWEpv2009,ZWE,Zimbabwe,2009,pv,-1.1671808958053589,0.24605512619018555,7.0,14.218009948730469,7.582938194274902,20.85308074951172
AFGpv2010,AFG,Afghanistan,2010,pv,-2.5791518688201904,0.2820698320865631,4.0,1.421800971031189,0.0,3.317535638809204
ALBpv2010,ALB,Albania,2010,pv,-0.19148290157318115,0.26047390699386597,6.0,38.38862609863281,25.592416763305664,52.1327018737793
DZApv2010,DZA,Algeria,2010,pv,-1.25936758518219,0.24354709684848785,7.0,11.84834098815918,4.7393364906311035,19.90521240234375
ASMpv2010,ASM,American Samoa,2010,pv,0.919146716594696,0.39340415596961975,1.0,80.09478759765625,54.02843475341797,99.52606964111328
ADOpv2010,ADO,Andorra,2010,pv,1.2782721519470215,0.3523992896080017,2.0,93.83885955810547,70.14218139648438,100.0
AGOpv2010,AGO,Angola,2010,pv,-0.22618234157562256,0.24354709684848785,7.0,37.91469192504883,25.592416763305664,51.65876770019531
AIApv2010,AIA,Anguilla,2010,pv,1.3737616539001465,0.34987396001815796,2.0,95.7345962524414,73.459716796875,100.0
ATGpv2010,ATG,Antigua and Barbuda,2010,pv,0.9049993753433228,0.3200872540473938,3.0,79.14691925048828,57.81990432739258,97.1563949584961
ARGpv2010,ARG,Argentina,2010,pv,-0.08479786664247513,0.2393309473991394,8.0,42.654029846191406,28.90995216369629,54.50236892700195
ARMpv2010,ARM,Armenia,2010,pv,0.071855328977108,0.26047390699386597,6.0,49.76303482055664,33.17535400390625,62.559242248535156
ABWpv2010,ABW,Aruba,2010,pv,1.1008473634719849,0.3018209934234619,3.0,88.15165710449219,66.3507080078125,99.52606964111328
AUSpv2010,AUS,Australia,2010,pv,0.8888598680496216,0.2393309473991394,8.0,78.19905090332031,62.559242248535156,93.83885955810547
AUTpv2010,AUT,Austria,2010,pv,1.1526482105255127,0.2393309473991394,8.0,89.09952545166016,71.56398010253906,99.52606964111328
AZEpv2010,AZE,Azerbaijan,2010,pv,-0.2385469228029251,0.24354709684848785,7.0,36.492889404296875,25.592416763305664,51.65876770019531
BHSpv2010,BHS,"Bahamas, The",2010,pv,0.9936922192573547,0.2675762176513672,5.0,83.8862533569336,64.4549789428711,97.1563949584961
BHRpv2010,BHR,Bahrain,2010,pv,-0.49347639083862305,0.24354709684848785,7.0,28.90995216369629,19.4312801361084,42.18009567260742
BGDpv2010,BGD,Bangladesh,2010,pv,-1.425789475440979,0.24354709684848785,7.0,9.952606201171875,4.265402793884277,15.639810562133789
BRBpv2010,BRB,Barbados,2010,pv,1.0606366395950317,0.27378612756729126,5.0,87.20378875732422,66.82464599609375,99.05213165283203
BLRpv2010,BLR,Belarus,2010,pv,-0.09499009698629379,0.2675762176513672,5.0,42.18009567260742,26.540285110473633,56.39810562133789
BELpv2010,BEL,Belgium,2010,pv,0.8106461763381958,0.2393309473991394,8.0,74.40758514404297,60.1895751953125,90.52132415771484
BLZpv2010,BLZ,Belize,2010,pv,0.07042768597602844,0.2820698320865631,4.0,49.289100646972656,32.22748947143555,64.4549789428711
BENpv2010,BEN,Benin,2010,pv,0.26126012206077576,0.25432348251342773,6.0,53.554500579833984,40.284358978271484,67.77251434326172
BMUpv2010,BMU,Bermuda,2010,pv,0.9118381142616272,0.34987396001815796,2.0,79.620849609375,55.45023727416992,99.05213165283203
BTNpv2010,BTN,Bhutan,2010,pv,0.7422216534614563,0.2820698320865631,4.0,71.56398010253906,54.02843475341797,90.52132415771484
BOLpv2010,BOL,Bolivia,2010,pv,-0.4154072105884552,0.24354709684848785,7.0,32.22748947143555,21.327014923095703,45.02369689941406
BIHpv2010,BIH,Bosnia and Herzegovina,2010,pv,-0.6937301754951477,0.27378612756729126,5.0,24.644550323486328,13.270142555236816,36.018959045410156
BWApv2010,BWA,Botswana,2010,pv,0.9912098050117493,0.24354709684848785,7.0,83.41232299804688,65.87677764892578,95.7345962524414
BRApv2010,BRA,Brazil,2010,pv,0.013475910760462284,0.2393309473991394,8.0,45.97156524658203,33.17535400390625,59.715641021728516
BRNpv2010,BRN,Brunei Darussalam,2010,pv,1.277547001838684,0.26047390699386597,6.0,93.36492919921875,75.82938385009766,100.0
BGRpv2010,BGR,Bulgaria,2010,pv,0.36009106040000916,0.2393309473991394,8.0,57.81990432739258,44.54976272583008,71.56398010253906
BFApv2010,BFA,Burkina Faso,2010,pv,-0.11763714253902435,0.24354709684848785,7.0,41.23222732543945,27.014217376708984,54.02843475341797
BDIpv2010,BDI,Burundi,2010,pv,-1.6259593963623047,0.27378612756729126,5.0,6.635071277618408,3.317535638809204,12.322275161743164
KHMpv2010,KHM,Cambodia,2010,pv,-0.5009844303131104,0.25432348251342773,6.0,27.48815155029297,18.48341178894043,42.654029846191406
CMRpv2010,CMR,Cameroon,2010,pv,-0.7369714379310608,0.24354709684848785,7.0,22.748815536499023,13.270142555236816,33.17535400390625
CANpv2010,CAN,Canada,2010,pv,0.9363182187080383,0.2393309473991394,8.0,81.04265594482422,64.4549789428711,94.78672790527344
CPVpv2010,CPV,Cape Verde,2010,pv,0.8409727811813354,0.27378612756729126,5.0,75.35545349121094,57.81990432739258,93.83885955810547
CYMpv2010,CYM,Cayman Islands,2010,pv,1.1496379375457764,0.3018209934234619,3.0,88.62559509277344,67.29857635498047,99.52606964111328
CAFpv2010,CAF,Central African Republic,2010,pv,-2.020625352859497,0.26092177629470825,5.0,3.791469097137451,1.421800971031189,7.109004974365234
TCDpv2010,TCD,Chad,2010,pv,-1.5248277187347412,0.25432348251342773,6.0,9.004739761352539,4.265402793884277,13.270142555236816
CHLpv2010,CHL,Chile,2010,pv,0.6796045303344727,0.2393309473991394,8.0,68.24644470214844,54.02843475341797,87.20378875732422
CHNpv2010,CHN,China,2010,pv,-0.6570606827735901,0.2393309473991394,8.0,25.592416763305664,14.218009948730469,36.018959045410156
COLpv2010,COL,Colombia,2010,pv,-1.5371848344802856,0.2393309473991394,8.0,8.530805587768555,4.265402793884277,13.270142555236816
COMpv2010,COM,Comoros,2010,pv,-0.5629392862319946,0.3200872540473938,3.0,26.540285110473633,13.744075775146484,44.54976272583008
ZARpv2010,ZAR,"Congo, Dem. Rep.",2010,pv,-2.196742057800293,0.24932286143302917,6.0,3.317535638809204,0.9478672742843628,4.265402793884277
COGpv2010,COG,"Congo, Rep.",2010,pv,-0.31641584634780884,0.24932286143302917,6.0,34.12322235107422,23.222749710083008,50.23696517944336
COKpv2010,COK,Cook Islands,2010,pv,1.3223612308502197,0.6129674911499023,1.0,94.78672790527344,54.50236892700195,100.0
CRIpv2010,CRI,Costa Rica,2010,pv,0.6915372014045715,0.26047390699386597,6.0,70.14218139648438,53.554500579833984,88.15165710449219
HRVpv2010,HRV,Croatia,2010,pv,0.6084636449813843,0.2553352415561676,7.0,66.82464599609375,51.65876770019531,85.30805969238281
CUBpv2010,CUB,Cuba,2010,pv,0.34929242730140686,0.24932286143302917,6.0,56.872039794921875,43.60189437866211,71.56398010253906
CYPpv2010,CYP,Cyprus,2010,pv,0.45244482159614563,0.24354709684848785,7.0,61.61137390136719,47.8672981262207,75.82938385009766
CZEpv2010,CZE,Czech Republic,2010,pv,0.9892337322235107,0.2393309473991394,8.0,82.93838500976562,65.87677764892578,95.7345962524414
CIVpv2010,CIV,Côte d'Ivoire,2010,pv,-1.5838942527770996,0.24354709684848785,7.0,8.056872367858887,3.791469097137451,12.322275161743164
DNKpv2010,DNK,Denmark,2010,pv,1.0409610271453857,0.2393309473991394,8.0,86.25592041015625,67.29857635498047,97.1563949584961
DJIpv2010,DJI,Djibouti,2010,pv,0.25348126888275146,0.2820698320865631,4.0,53.080570220947266,37.91469192504883,70.6161117553711
DMApv2010,DMA,Dominica,2010,pv,0.9031177759170532,0.3200872540473938,3.0,78.67298889160156,57.81990432739258,97.1563949584961
DOMpv2010,DOM,Dominican Republic,2010,pv,-0.04495403543114662,0.24354709684848785,7.0,44.54976272583008,30.33175277709961,56.872039794921875
ECUpv2010,ECU,Ecuador,2010,pv,-0.5866744518280029,0.24354709684848785,7.0,26.06635093688965,16.587677001953125,38.8625602722168
EGYpv2010,EGY,"Egypt, Arab Rep.",2010,pv,-0.8984183073043823,0.24354709684848785,7.0,19.4312801361084,10.42654037475586,27.962085723876953
SLVpv2010,SLV,El Salvador,2010,pv,0.05884222686290741,0.26047390699386597,6.0,48.34123229980469,33.17535400390625,62.559242248535156
GNQpv2010,GNQ,Equatorial Guinea,2010,pv,0.23612822592258453,0.2820698320865631,4.0,52.60663604736328,37.440757751464844,70.14218139648438
ERIpv2010,ERI,Eritrea,2010,pv,-0.875592827796936,0.2820698320865631,4.0,19.90521240234375,10.42654037475586,32.22748947143555
ESTpv2010,EST,Estonia,2010,pv,0.6613669991493225,0.2393309473991394,8.0,67.77251434326172,53.554500579833984,86.7298583984375
SWZpv2010,SWZ,Eswatini,2010,pv,-0.07607269287109375,0.27378612756729126,5.0,43.127960205078125,26.540285110473633,57.81990432739258
ETHpv2010,ETH,Ethiopia,2010,pv,-1.6351011991500854,0.24354709684848785,7.0,5.687203884124756,3.317535638809204,12.322275161743164
FJIpv2010,FJI,Fiji,2010,pv,-0.19082751870155334,0.3200872540473938,3.0,38.8625602722168,24.170616149902344,55.45023727416992
FINpv2010,FIN,Finland,2010,pv,1.4236068725585938,0.2393309473991394,8.0,97.1563949584961,85.30805969238281,100.0
FRApv2010,FRA,France,2010,pv,0.6810875535011292,0.2393309473991394,8.0,68.72038269042969,54.02843475341797,87.20378875732422
GUFpv2010,GUF,French Guiana,2010,pv,0.19174547493457794,0.3018209934234619,3.0,52.1327018737793,34.5971565246582,69.1943130493164
GABpv2010,GAB,Gabon,2010,pv,0.29927924275398254,0.24932286143302917,6.0,54.50236892700195,41.70616149902344,70.14218139648438
GMBpv2010,GMB,"Gambia, The",2010,pv,0.06541698426008224,0.26047390699386597,6.0,48.81516647338867,33.17535400390625,62.559242248535156
GEOpv2010,GEO,Georgia,2010,pv,-0.718320906162262,0.27378612756729126,5.0,24.170616149902344,12.322275161743164,36.018959045410156
DEUpv2010,DEU,Germany,2010,pv,0.7968344688415527,0.2393309473991394,8.0,73.459716796875,59.715641021728516,90.52132415771484
GHApv2010,GHA,Ghana,2010,pv,0.026093240827322006,0.24354709684848785,7.0,46.919429779052734,33.17535400390625,60.1895751953125
GRCpv2010,GRC,Greece,2010,pv,-0.12720687687397003,0.2393309473991394,8.0,40.75829315185547,26.540285110473633,53.554500579833984
GRLpv2010,GRL,Greenland,2010,pv,1.6452010869979858,0.5155755281448364,1.0,100.0,73.459716796875,100.0
GRDpv2010,GRD,Grenada,2010,pv,0.5183800458908081,0.3200872540473938,3.0,63.507110595703125,45.02369689941406,86.25592041015625
GUMpv2010,GUM,Guam,2010,pv,0.3958710730075836,0.39340415596961975,1.0,59.715641021728516,36.018959045410156,86.25592041015625
GTMpv2010,GTM,Guatemala,2010,pv,-0.8529244661331177,0.24354709684848785,7.0,20.85308074951172,12.322275161743164,30.33175277709961
GINpv2010,GIN,Guinea,2010,pv,-1.6870790719985962,0.2675762176513672,5.0,4.7393364906311035,3.317535638809204,12.322275161743164
GNBpv2010,GNB,Guinea-Bissau,2010,pv,-0.690954327583313,0.2993587553501129,4.0,25.11848258972168,12.322275161743164,37.91469192504883
GUYpv2010,GUY,Guyana,2010,pv,-0.4589657485485077,0.26047390699386597,6.0,30.33175277709961,19.4312801361084,44.54976272583008
HTIpv2010,HTI,Haiti,2010,pv,-0.9403154253959656,0.24932286143302917,6.0,18.009479522705078,9.952606201171875,26.540285110473633
HNDpv2010,HND,Honduras,2010,pv,-0.49690958857536316,0.24354709684848785,7.0,28.436019897460938,19.4312801361084,41.70616149902344
HKGpv2010,HKG,"Hong Kong SAR, China",2010,pv,0.9358105659484863,0.2657531499862671,6.0,80.56871795654297,62.559242248535156,95.26066589355469
HUNpv2010,HUN,Hungary,2010,pv,0.6857837438583374,0.2393309473991394,8.0,69.1943130493164,54.02843475341797,87.20378875732422
ISLpv2010,ISL,Iceland,2010,pv,1.0222536325454712,0.2553352415561676,7.0,85.30805969238281,66.3507080078125,97.1563949584961
INDpv2010,IND,India,2010,pv,-1.2779844999313354,0.2393309473991394,8.0,11.374407768249512,4.7393364906311035,19.4312801361084
IDNpv2010,IDN,Indonesia,2010,pv,-0.8539161682128906,0.2393309473991394,8.0,20.379146575927734,12.322275161743164,29.857820510864258
IRNpv2010,IRN,"Iran, Islamic Rep.",2010,pv,-1.630591869354248,0.24354709684848785,7.0,6.161137580871582,3.317535638809204,12.322275161743164
IRQpv2010,IRQ,Iraq,2010,pv,-2.239267110824585,0.2675762176513672,5.0,2.3696682453155518,0.0,4.265402793884277
IRLpv2010,IRL,Ireland,2010,pv,1.0201653242111206,0.2393309473991394,8.0,84.83412170410156,66.82464599609375,95.7345962524414
ISRpv2010,ISR,Israel,2010,pv,-1.3411517143249512,0.2393309473991394,8.0,10.42654037475586,4.265402793884277,17.06161117553711
ITApv2010,ITA,Italy,2010,pv,0.4739236831665039,0.2393309473991394,8.0,62.559242248535156,49.76303482055664,76.77725219726562
JAMpv2010,JAM,Jamaica,2010,pv,-0.4295414686203003,0.26047390699386597,6.0,30.805686950683594,19.90521240234375,45.02369689941406
JPNpv2010,JPN,Japan,2010,pv,0.8793531656265259,0.2393309473991394,8.0,77.7251205444336,62.559242248535156,92.41706085205078
JORpv2010,JOR,Jordan,2010,pv,-0.3124925196170807,0.2393309473991394,8.0,34.5971565246582,24.170616149902344,49.76303482055664
KAZpv2010,KAZ,Kazakhstan,2010,pv,0.5229718089103699,0.2393309473991394,8.0,63.981040954589844,50.710899353027344,79.620849609375
KENpv2010,KEN,Kenya,2010,pv,-1.1655235290527344,0.24354709684848785,7.0,12.796208381652832,8.056872367858887,22.27488136291504
KIRpv2010,KIR,Kiribati,2010,pv,1.422731637954712,0.3200872540473938,3.0,96.68246459960938,78.19905090332031,100.0
PRKpv2010,PRK,"Korea, Dem. Rep.",2010,pv,-0.2965621054172516,0.2856065332889557,4.0,35.07109069824219,22.27488136291504,51.65876770019531
KORpv2010,KOR,"Korea, Rep.",2010,pv,0.3258958160877228,0.2393309473991394,8.0,54.97630310058594,43.127960205078125,71.09004974365234
KSVpv2010,KSV,Kosovo,2010,pv,-1.0448211431503296,0.3763299584388733,3.0,14.691943168640137,4.7393364906311035,30.805686950683594
KWTpv2010,KWT,Kuwait,2010,pv,0.4519888162612915,0.24354709684848785,7.0,61.1374397277832,47.8672981262207,75.82938385009766
KGZpv2010,KGZ,Kyrgyz Republic,2010,pv,-1.0396523475646973,0.27378612756729126,5.0,15.165876388549805,9.004739761352539,25.592416763305664
LAOpv2010,LAO,Lao PDR,2010,pv,-0.28206297755241394,0.26092177629470825,5.0,35.54502487182617,24.170616149902344,51.18483352661133
LVApv2010,LVA,Latvia,2010,pv,0.5278540253639221,0.24354709684848785,7.0,64.4549789428711,50.710899353027344,80.09478759765625
LBNpv2010,LBN,Lebanon,2010,pv,-1.6250150203704834,0.24354709684848785,7.0,7.109004974365234,3.317535638809204,12.322275161743164
LSOpv2010,LSO,Lesotho,2010,pv,0.45677539706230164,0.27378612756729126,5.0,62.08530807495117,45.02369689941406,79.14691925048828
LBRpv2010,LBR,Liberia,2010,pv,-0.4685252904891968,0.2675762176513672,5.0,29.383886337280273,18.957345962524414,44.54976272583008
LBYpv2010,LBY,Libya,2010,pv,0.028088446706533432,0.24354709684848785,7.0,47.39336395263672,33.17535400390625,60.1895751953125
LIEpv2010,LIE,Liechtenstein,2010,pv,1.5440874099731445,0.2820698320865631,4.0,99.52606964111328,87.20378875732422,100.0
LTUpv2010,LTU,Lithuania,2010,pv,0.7152606248855591,0.2393309473991394,8.0,70.6161117553711,54.50236892700195,88.15165710449219
LUXpv2010,LUX,Luxembourg,2010,pv,1.4612185955047607,0.2553352415561676,7.0,99.05213165283203,86.25592041015625,100.0
MACpv2010,MAC,"Macao SAR, China",2010,pv,0.5735781192779541,0.32844969630241394,2.0,64.92890930175781,47.39336395263672,88.15165710449219
MDGpv2010,MDG,Madagascar,2010,pv,-0.9783388376235962,0.24354709684848785,7.0,17.06161117553711,9.952606201171875,26.06635093688965
MWIpv2010,MWI,Malawi,2010,pv,0.04389576613903046,0.26047390699386597,6.0,47.8672981262207,32.22748947143555,62.08530807495117
MYSpv2010,MYS,Malaysia,2010,pv,0.14335213601589203,0.2393309473991394,8.0,51.18483352661133,36.018959045410156,64.4549789428711
MDVpv2010,MDV,Maldives,2010,pv,-0.16624385118484497,0.3200872540473938,3.0,40.284358978271484,24.644550323486328,57.345970153808594
MLIpv2010,MLI,Mali,2010,pv,-0.18289922177791595,0.24354709684848785,7.0,39.33649444580078,26.06635093688965,52.1327018737793
MLTpv2010,MLT,Malta,2010,pv,1.2534562349319458,0.24354709684848785,7.0,91.94313049316406,75.82938385009766,100.0
MHLpv2010,MHL,Marshall Islands,2010,pv,1.15306556224823,0.4849204123020172,2.0,89.5734634399414,57.345970153808594,100.0
MTQpv2010,MTQ,Martinique,2010,pv,0.3958710730075836,0.39340415596961975,1.0,59.715641021728516,36.018959045410156,86.25592041015625
MRTpv2010,MRT,Mauritania,2010,pv,-1.0761698484420776,0.25432348251342773,6.0,14.218009948730469,9.004739761352539,25.11848258972168
MUSpv2010,MUS,Mauritius,2010,pv,0.6402587890625,0.25432348251342773,6.0,67.29857635498047,52.1327018737793,86.7298583984375
MEXpv2010,MEX,Mexico,2010,pv,-0.7264634370803833,0.2393309473991394,8.0,23.222749710083008,13.270142555236816,33.17535400390625
FSMpv2010,FSM,"Micronesia, Fed. Sts.",2010,pv,1.2093169689178467,0.3200872540473938,3.0,90.9952621459961,68.72038269042969,100.0
MDApv2010,MDA,Moldova,2010,pv,-0.38134074211120605,0.26047390699386597,6.0,33.17535400390625,21.327014923095703,47.8672981262207
MCOpv2010,MCO,Monaco,2010,pv,0.9641737341880798,0.4849204123020172,2.0,82.4644546508789,51.65876770019531,100.0
MNGpv2010,MNG,Mongolia,2010,pv,0.5970422625541687,0.24354709684848785,7.0,66.3507080078125,52.1327018737793,83.8862533569336
MNEpv2010,MNE,Montenegro,2010,pv,0.584210991859436,0.27378612756729126,5.0,65.40284729003906,50.710899353027344,85.30805969238281
MARpv2010,MAR,Morocco,2010,pv,-0.3830133080482483,0.24354709684848785,7.0,32.70142364501953,22.27488136291504,46.445499420166016
MOZpv2010,MOZ,Mozambique,2010,pv,0.39442187547683716,0.24354709684848785,7.0,58.29383850097656,45.02369689941406,72.98577880859375
MMRpv2010,MMR,Myanmar,2010,pv,-1.2859280109405518,0.2675762176513672,5.0,10.900473594665527,4.265402793884277,20.85308074951172
NAMpv2010,NAM,Namibia,2010,pv,0.8469400405883789,0.24354709684848785,7.0,75.82938385009766,60.66350555419922,91.46919250488281
NRUpv2010,NRU,Nauru,2010,pv,1.4539844989776611,0.4849204123020172,2.0,98.57820129394531,67.29857635498047,100.0
NPLpv2010,NPL,Nepal,2010,pv,-1.5839711427688599,0.25432348251342773,6.0,7.582938194274902,3.791469097137451,12.322275161743164
NLDpv2010,NLD,Netherlands,2010,pv,0.9407501220703125,0.2393309473991394,8.0,81.51658630371094,64.4549789428711,95.26066589355469
ANTpv2010,ANT,Netherlands Antilles (former),2010,pv,0.9598801732063293,0.34987396001815796,2.0,81.99052429199219,57.81990432739258,99.05213165283203
NZLpv2010,NZL,New Zealand,2010,pv,1.2364888191223145,0.2393309473991394,8.0,91.46919250488281,75.35545349121094,99.52606964111328
NICpv2010,NIC,Nicaragua,2010,pv,-0.49970924854278564,0.24354709684848785,7.0,27.962085723876953,18.957345962524414,41.70616149902344
NERpv2010,NER,Niger,2010,pv,-1.160744547843933,0.24932286143302917,6.0,13.270142555236816,8.056872367858887,22.27488136291504
NGApv2010,NGA,Nigeria,2010,pv,-2.21112322807312,0.24354709684848785,7.0,2.843601942062378,0.9478672742843628,4.265402793884277
NIUpv2010,NIU,Niue,2010,pv,1.3223612308502197,0.6129674911499023,1.0,94.78672790527344,54.50236892700195,100.0
MKDpv2010,MKD,North Macedonia,2010,pv,-0.5185170769691467,0.27378612756729126,5.0,27.014217376708984,17.06161117553711,43.127960205078125
NORpv2010,NOR,Norway,2010,pv,1.3323115110397339,0.2393309473991394,8.0,95.26066589355469,81.04265594482422,100.0
OMNpv2010,OMN,Oman,2010,pv,0.5902417302131653,0.24354709684848785,7.0,65.87677764892578,51.65876770019531,82.93838500976562
PAKpv2010,PAK,Pakistan,2010,pv,-2.6759331226348877,0.24354709684848785,7.0,0.4739336371421814,0.0,1.8957345485687256
PLWpv2010,PLW,Palau,2010,pv,1.4539844989776611,0.4849204123020172,2.0,98.57820129394531,67.29857635498047,100.0
PANpv2010,PAN,Panama,2010,pv,-0.11604820936918259,0.24354709684848785,7.0,41.70616149902344,27.014217376708984,54.02843475341797
PNGpv2010,PNG,Papua New Guinea,2010,pv,-0.8084437847137451,0.2675762176513672,5.0,21.800947189331055,12.322275161743164,33.17535400390625
PRYpv2010,PRY,Paraguay,2010,pv,-0.834862232208252,0.24354709684848785,7.0,21.327014923095703,12.322275161743164,30.33175277709961
PERpv2010,PER,Peru,2010,pv,-0.9999154210090637,0.2393309473991394,8.0,16.587677001953125,9.952606201171875,25.592416763305664
PHLpv2010,PHL,Philippines,2010,pv,-1.6507595777511597,0.2393309473991394,8.0,5.21327018737793,3.317535638809204,11.84834098815918
POLpv2010,POL,Poland,2010,pv,1.0173300504684448,0.2393309473991394,8.0,84.36019134521484,66.82464599609375,95.7345962524414
PRTpv2010,PRT,Portugal,2010,pv,0.7176869511604309,0.2393309473991394,8.0,71.09004974365234,54.50236892700195,88.15165710449219
PRIpv2010,PRI,Puerto Rico,2010,pv,0.3569764792919159,0.2917361557483673,4.0,57.345970153808594,40.75829315185547,74.88151550292969
QATpv2010,QAT,Qatar,2010,pv,1.1538559198379517,0.2393309473991394,8.0,90.04739379882812,71.56398010253906,99.52606964111328
ROMpv2010,ROM,Romania,2010,pv,0.27360039949417114,0.2393309473991394,8.0,54.02843475341797,40.75829315185547,67.77251434326172
RUSpv2010,RUS,Russian Federation,2010,pv,-0.929458737373352,0.2393309473991394,8.0,18.48341178894043,10.42654037475586,26.540285110473633
RWApv2010,RWA,Rwanda,2010,pv,-0.27209386229515076,0.27378612756729126,5.0,36.018959045410156,23.222749710083008,51.65876770019531
REUpv2010,REU,Réunion,2010,pv,0.3958710730075836,0.39340415596961975,1.0,59.715641021728516,36.018959045410156,86.25592041015625
WSMpv2010,WSM,Samoa,2010,pv,0.765691876411438,0.3200872540473938,3.0,72.03791809082031,52.60663604736328,93.83885955810547
SMRpv2010,SMR,San Marino,2010,pv,1.4539844989776611,0.4849204123020172,2.0,98.57820129394531,67.29857635498047,100.0
SAUpv2010,SAU,Saudi Arabia,2010,pv,-0.2267269790172577,0.24354709684848785,7.0,37.440757751464844,25.592416763305664,51.65876770019531
SENpv2010,SEN,Senegal,2010,pv,-0.4179249703884125,0.24354709684848785,7.0,31.753555297851562,21.327014923095703,45.02369689941406
SRBpv2010,SRB,Serbia,2010,pv,-0.42174166440963745,0.24354709684848785,7.0,31.279621124267578,21.327014923095703,45.02369689941406
SYCpv2010,SYC,Seychelles,2010,pv,0.8567662239074707,0.2820698320865631,4.0,76.77725219726562,57.81990432739258,93.83885955810547
SLEpv2010,SLE,Sierra Leone,2010,pv,-0.23664537072181702,0.2675762176513672,5.0,36.96682357788086,25.11848258972168,52.1327018737793
SGPpv2010,SGP,Singapore,2010,pv,1.1694148778915405,0.2393309473991394,8.0,90.52132415771484,72.03791809082031,99.52606964111328
SVKpv2010,SVK,Slovak Republic,2010,pv,1.0533168315887451,0.2393309473991394,8.0,86.7298583984375,67.29857635498047,97.1563949584961
SVNpv2010,SVN,Slovenia,2010,pv,0.8665088415145874,0.2393309473991394,8.0,77.25118255615234,62.559242248535156,92.41706085205078
SLBpv2010,SLB,Solomon Islands,2010,pv,0.34329384565353394,0.3200872540473938,3.0,56.39810562133789,39.33649444580078,77.25118255615234
SOMpv2010,SOM,Somalia,2010,pv,-3.1309714317321777,0.2675762176513672,5.0,0.0,0.0,0.0
ZAFpv2010,ZAF,South Africa,2010,pv,-0.029427003115415573,0.2393309473991394,8.0,45.02369689941406,30.805686950683594,57.81990432739258
ESPpv2010,ESP,Spain,2010,pv,-0.3180437386035919,0.2393309473991394,8.0,33.649288177490234,24.170616149902344,49.76303482055664
LKApv2010,LKA,Sri Lanka,2010,pv,-0.9429468512535095,0.24354709684848785,7.0,17.535545349121094,9.952606201171875,26.540285110473633
KNApv2010,KNA,St. Kitts and Nevis,2010,pv,1.0361121892929077,0.3200872540473938,3.0,85.78199005126953,62.559242248535156,99.52606964111328
LCApv2010,LCA,St. Lucia,2010,pv,0.790275514125824,0.3200872540473938,3.0,72.98577880859375,53.554500579833984,93.83885955810547
VCTpv2010,VCT,St. Vincent and the Grenadines,2010,pv,0.790275514125824,0.3200872540473938,3.0,72.98577880859375,53.554500579833984,93.83885955810547
SDNpv2010,SDN,Sudan,2010,pv,-2.6652777194976807,0.24932286143302917,6.0,0.9478672742843628,0.0,1.8957345485687256
SURpv2010,SUR,Suriname,2010,pv,0.0824754610657692,0.26047390699386597,6.0,50.23696517944336,33.17535400390625,62.559242248535156
SWEpv2010,SWE,Sweden,2010,pv,1.0941704511642456,0.2393309473991394,8.0,87.67772674560547,70.14218139648438,99.05213165283203
CHEpv2010,CHE,Switzerland,2010,pv,1.258594274520874,0.2393309473991394,8.0,92.41706085205078,76.77725219726562,100.0
SYRpv2010,SYR,Syrian Arab Republic,2010,pv,-0.8057897090911865,0.24354709684848785,7.0,22.27488136291504,12.322275161743164,32.22748947143555
STPpv2010,STP,São Tomé and Principe,2010,pv,0.11544285714626312,0.2820698320865631,4.0,50.710899353027344,33.17535400390625,64.92890930175781
TWNpv2010,TWN,"Taiwan, China",2010,pv,0.8566100001335144,0.2393309473991394,8.0,76.30331420898438,62.08530807495117,91.46919250488281
TJKpv2010,TJK,Tajikistan,2010,pv,-1.0345383882522583,0.27378612756729126,5.0,15.639810562133789,9.004739761352539,26.06635093688965
TZApv2010,TZA,Tanzania,2010,pv,0.014471621252596378,0.24354709684848785,7.0,46.445499420166016,32.22748947143555,60.1895751953125
THApv2010,THA,Thailand,2010,pv,-1.4427883625030518,0.2393309473991394,8.0,9.478672981262207,4.265402793884277,14.218009948730469
TMPpv2010,TMP,Timor-Leste,2010,pv,-0.4675145447254181,0.27378612756729126,5.0,29.857820510864258,18.48341178894043,45.02369689941406
TGOpv2010,TGO,Togo,2010,pv,-0.1793483942747116,0.24932286143302917,6.0,39.8104248046875,25.592416763305664,52.1327018737793
TONpv2010,TON,Tonga,2010,pv,0.689703106880188,0.3200872540473938,3.0,69.66824340820312,51.65876770019531,90.9952621459961
TTOpv2010,TTO,Trinidad and Tobago,2010,pv,-0.05082318186759949,0.26047390699386597,6.0,44.075828552246094,28.90995216369629,57.81990432739258
TUNpv2010,TUN,Tunisia,2010,pv,-0.06397636234760284,0.24354709684848785,7.0,43.60189437866211,29.857820510864258,55.45023727416992
TKMpv2010,TKM,Turkmenistan,2010,pv,0.33410561084747314,0.2820698320865631,4.0,55.45023727416992,40.284358978271484,72.98577880859375
TUVpv2010,TUV,Tuvalu,2010,pv,1.422731637954712,0.3200872540473938,3.0,96.68246459960938,78.19905090332031,100.0
TURpv2010,TUR,Türkiye,2010,pv,-0.9152855277061462,0.2393309473991394,8.0,18.957345962524414,10.42654037475586,26.540285110473633
UGApv2010,UGA,Uganda,2010,pv,-1.0005582571029663,0.24354709684848785,7.0,16.113744735717773,9.952606201171875,25.592416763305664
UKRpv2010,UKR,Ukraine,2010,pv,0.013131719082593918,0.2393309473991394,8.0,45.49763107299805,33.17535400390625,59.715641021728516
AREpv2010,ARE,United Arab Emirates,2010,pv,0.8017578721046448,0.24354709684848785,7.0,73.93364715576172,59.715641021728516,90.52132415771484
GBRpv2010,GBR,United Kingdom,2010,pv,0.4118182063102722,0.2393309473991394,8.0,60.1895751953125,46.445499420166016,73.93364715576172
USApv2010,USA,United States,2010,pv,0.4384039342403412,0.2393309473991394,8.0,60.66350555419922,47.8672981262207,74.88151550292969
URYpv2010,URY,Uruguay,2010,pv,0.8249860405921936,0.24354709684848785,7.0,74.88151550292969,60.1895751953125,90.9952621459961
UZBpv2010,UZB,Uzbekistan,2010,pv,-0.7204381227493286,0.26092177629470825,5.0,23.69668197631836,13.270142555236816,35.07109069824219
VUTpv2010,VUT,Vanuatu,2010,pv,1.275229573249817,0.3200872540473938,3.0,92.89099884033203,71.56398010253906,100.0
VENpv2010,VEN,"Venezuela, RB",2010,pv,-1.2562366724014282,0.2393309473991394,8.0,12.322275161743164,5.21327018737793,19.90521240234375
VNMpv2010,VNM,Viet Nam,2010,pv,0.14840787649154663,0.24354709684848785,7.0,51.65876770019531,36.018959045410156,64.4549789428711
VIRpv2010,VIR,Virgin Islands (U.S.),2010,pv,0.3390581011772156,0.34987396001815796,2.0,55.924171447753906,36.96682357788086,79.620849609375
WBGpv2010,WBG,West Bank and Gaza,2010,pv,-1.973575472831726,0.3018209934234619,3.0,4.265402793884277,1.421800971031189,9.004739761352539
YEMpv2010,YEM,"Yemen, Rep.",2010,pv,-2.4237163066864014,0.24932286143302917,6.0,1.8957345485687256,0.0,3.791469097137451
ZMBpv2010,ZMB,Zambia,2010,pv,0.5153513550758362,0.24354709684848785,7.0,63.03317642211914,50.710899353027344,79.620849609375
ZWEpv2010,ZWE,Zimbabwe,2010,pv,-1.1040139198303223,0.24354709684848785,7.0,13.744075775146484,9.004739761352539,24.170616149902344
AFGpv2011,AFG,Afghanistan,2011,pv,-2.5020596981048584,0.2738843262195587,4.0,1.421800971031189,0.0,2.3696682453155518
ALBpv2011,ALB,Albania,2011,pv,-0.2823794186115265,0.2508662939071655,7.0,37.440757751464844,24.644550323486328,50.23696517944336
DZApv2011,DZA,Algeria,2011,pv,-1.360560655593872,0.24424958229064941,7.0,10.42654037475586,5.21327018737793,18.48341178894043
ASMpv2011,ASM,American Samoa,2011,pv,0.9339901804924011,0.4113350808620453,1.0,74.40758514404297,54.97630310058594,99.52606964111328
ADOpv2011,ADO,Andorra,2011,pv,1.3024883270263672,0.36077529191970825,2.0,95.7345962524414,68.72038269042969,99.52606964111328
AGOpv2011,AGO,Angola,2011,pv,-0.3692378103733063,0.24424958229064941,7.0,34.5971565246582,20.85308074951172,48.81516647338867
AIApv2011,AIA,Anguilla,2011,pv,1.5509276390075684,0.33598190546035767,2.0,99.52606964111328,81.99052429199219,100.0
ATGpv2011,ATG,Antigua and Barbuda,2011,pv,0.957588255405426,0.3066951036453247,3.0,79.620849609375,62.08530807495117,98.10426330566406
ARGpv2011,ARG,Argentina,2011,pv,0.158993661403656,0.23852235078811646,9.0,52.1327018737793,39.33649444580078,63.507110595703125
ARMpv2011,ARM,Armenia,2011,pv,-0.06386898458003998,0.25491926074028015,6.0,44.075828552246094,30.33175277709961,58.76777267456055
ABWpv2011,ABW,Aruba,2011,pv,1.2857377529144287,0.2941373288631439,3.0,93.83885955810547,70.6161117553711,99.52606964111328
AUSpv2011,AUS,Australia,2011,pv,0.935710072517395,0.23852235078811646,9.0,74.88151550292969,63.507110595703125,96.20853424072266
AUTpv2011,AUT,Austria,2011,pv,1.1935216188430786,0.23852235078811646,9.0,91.46919250488281,70.6161117553711,99.52606964111328
AZEpv2011,AZE,Azerbaijan,2011,pv,-0.5321359634399414,0.24424958229064941,7.0,29.857820510864258,19.4312801361084,41.23222732543945
BHSpv2011,BHS,"Bahamas, The",2011,pv,1.103621482849121,0.26071763038635254,5.0,88.15165710449219,68.72038269042969,99.05213165283203
BHRpv2011,BHR,Bahrain,2011,pv,-0.9508419036865234,0.24424958229064941,7.0,18.957345962524414,10.42654037475586,29.383886337280273
BGDpv2011,BGD,Bangladesh,2011,pv,-1.404736876487732,0.24067756533622742,8.0,9.004739761352539,4.7393364906311035,16.587677001953125
BRBpv2011,BRB,Barbados,2011,pv,1.246130108833313,0.2671853303909302,5.0,93.36492919921875,70.6161117553711,99.52606964111328
BLRpv2011,BLR,Belarus,2011,pv,-0.08776900917291641,0.26071763038635254,5.0,42.18009567260742,29.857820510864258,58.29383850097656
BELpv2011,BEL,Belgium,2011,pv,0.9545354247093201,0.23852235078811646,9.0,78.19905090332031,63.507110595703125,97.1563949584961
BLZpv2011,BLZ,Belize,2011,pv,0.15190885961055756,0.2671853303909302,5.0,51.65876770019531,36.492889404296875,63.981040954589844
BENpv2011,BEN,Benin,2011,pv,0.31835636496543884,0.2549746036529541,6.0,57.345970153808594,41.23222732543945,69.1943130493164
BMUpv2011,BMU,Bermuda,2011,pv,0.9641221165657043,0.33598190546035767,2.0,80.09478759765625,60.66350555419922,99.05213165283203
BTNpv2011,BTN,Bhutan,2011,pv,0.826495349407196,0.2738843262195587,4.0,71.09004974365234,59.24170684814453,93.36492919921875
BOLpv2011,BOL,Bolivia,2011,pv,-0.41712650656700134,0.24067756533622742,8.0,33.17535400390625,20.379146575927734,46.445499420166016
BIHpv2011,BIH,Bosnia and Herzegovina,2011,pv,-0.8197948932647705,0.2738843262195587,4.0,20.379146575927734,12.322275161743164,34.12322235107422
BWApv2011,BWA,Botswana,2011,pv,1.0644465684890747,0.24424958229064941,7.0,85.30805969238281,68.24644470214844,98.10426330566406
BRApv2011,BRA,Brazil,2011,pv,-0.13257542252540588,0.23852235078811646,9.0,41.23222732543945,29.857820510864258,54.97630310058594
BRNpv2011,BRN,Brunei Darussalam,2011,pv,1.0851937532424927,0.25491926074028015,6.0,86.7298583984375,68.24644470214844,99.05213165283203
BGRpv2011,BGR,Bulgaria,2011,pv,0.3017503023147583,0.23852235078811646,9.0,55.924171447753906,41.70616149902344,68.72038269042969
BFApv2011,BFA,Burkina Faso,2011,pv,-0.5553814768791199,0.24424958229064941,7.0,28.90995216369629,18.48341178894043,40.75829315185547
BDIpv2011,BDI,Burundi,2011,pv,-1.8072004318237305,0.2671853303909302,5.0,4.7393364906311035,1.8957345485687256,9.952606201171875
KHMpv2011,KHM,Cambodia,2011,pv,-0.3044196665287018,0.25091901421546936,7.0,36.492889404296875,23.69668197631836,49.289100646972656
CMRpv2011,CMR,Cameroon,2011,pv,-0.661687970161438,0.24067756533622742,8.0,26.540285110473633,15.639810562133789,38.38862609863281
CANpv2011,CAN,Canada,2011,pv,1.0771757364273071,0.23852235078811646,9.0,86.25592041015625,68.72038269042969,98.10426330566406
CPVpv2011,CPV,Cape Verde,2011,pv,0.7226052284240723,0.3006981313228607,4.0,69.1943130493164,54.50236892700195,91.94313049316406
CYMpv2011,CYM,Cayman Islands,2011,pv,1.3363608121871948,0.2941373288631439,3.0,96.68246459960938,72.51184844970703,99.52606964111328
CAFpv2011,CAF,Central African Republic,2011,pv,-1.7893891334533691,0.2607768476009369,5.0,5.21327018737793,1.8957345485687256,9.952606201171875
TCDpv2011,TCD,Chad,2011,pv,-1.3180851936340332,0.2549746036529541,6.0,11.374407768249512,5.21327018737793,19.4312801361084
CHLpv2011,CHL,Chile,2011,pv,0.4525533616542816,0.23852235078811646,9.0,62.08530807495117,48.81516647338867,71.56398010253906
CHNpv2011,CHN,China,2011,pv,-0.6020548343658447,0.23852235078811646,9.0,27.962085723876953,17.06161117553711,39.33649444580078
COLpv2011,COL,Colombia,2011,pv,-1.2846555709838867,0.23852235078811646,9.0,12.322275161743164,5.21327018737793,19.4312801361084
COMpv2011,COM,Comoros,2011,pv,-0.5527361035346985,0.36077529191970825,2.0,29.383886337280273,13.744075775146484,48.81516647338867
ZARpv2011,ZAR,"Congo, Dem. Rep.",2011,pv,-2.212989330291748,0.24933560192584991,6.0,2.3696682453155518,0.4739336371421814,4.7393364906311035
COGpv2011,COG,"Congo, Rep.",2011,pv,-0.3543003797531128,0.24933560192584991,6.0,35.07109069824219,21.327014923095703,48.81516647338867
CRIpv2011,CRI,Costa Rica,2011,pv,0.5082760453224182,0.25491926074028015,6.0,63.03317642211914,49.289100646972656,73.93364715576172
HRVpv2011,HRV,Croatia,2011,pv,0.6237471103668213,0.24842844903469086,8.0,68.24644470214844,54.50236892700195,81.99052429199219
CUBpv2011,CUB,Cuba,2011,pv,0.2803821265697479,0.24933560192584991,6.0,55.45023727416992,41.23222732543945,68.72038269042969
CYPpv2011,CYP,Cyprus,2011,pv,0.6079844832420349,0.24424958229064941,7.0,66.82464599609375,54.50236892700195,81.99052429199219
CZEpv2011,CZE,Czech Republic,2011,pv,1.1091176271438599,0.23852235078811646,9.0,88.62559509277344,68.72038269042969,99.05213165283203
CIVpv2011,CIV,Côte d'Ivoire,2011,pv,-1.405807614326477,0.24424958229064941,7.0,8.530805587768555,4.7393364906311035,16.587677001953125
DNKpv2011,DNK,Denmark,2011,pv,1.1002930402755737,0.2419978827238083,8.0,87.20378875732422,68.72038269042969,99.05213165283203
DJIpv2011,DJI,Djibouti,2011,pv,0.17770324647426605,0.2738843262195587,4.0,53.080570220947266,37.91469192504883,68.24644470214844
DMApv2011,DMA,Dominica,2011,pv,1.1391586065292358,0.3066951036453247,3.0,90.04739379882812,68.24644470214844,99.52606964111328
DOMpv2011,DOM,Dominican Republic,2011,pv,-0.000481850205687806,0.24067756533622742,8.0,46.919429779052734,33.17535400390625,60.1895751953125
ECUpv2011,ECU,Ecuador,2011,pv,-0.6865575313568115,0.24424958229064941,7.0,25.592416763305664,15.639810562133789,36.492889404296875
EGYpv2011,EGY,"Egypt, Arab Rep.",2011,pv,-1.4370570182800293,0.24424958229064941,7.0,6.635071277618408,4.265402793884277,16.113744735717773
SLVpv2011,SLV,El Salvador,2011,pv,0.11100119352340698,0.2508662939071655,7.0,49.76303482055664,36.492889404296875,63.507110595703125
GNQpv2011,GNQ,Equatorial Guinea,2011,pv,0.15034380555152893,0.2738843262195587,4.0,51.18483352661133,36.492889404296875,64.4549789428711
ERIpv2011,ERI,Eritrea,2011,pv,-0.766404390335083,0.2738843262195587,4.0,21.327014923095703,12.796208381652832,36.018959045410156
ESTpv2011,EST,Estonia,2011,pv,0.6110413074493408,0.23852235078811646,9.0,67.29857635498047,54.50236892700195,81.99052429199219
SWZpv2011,SWZ,Eswatini,2011,pv,-0.4797358214855194,0.2671853303909302,5.0,30.805686950683594,19.4312801361084,45.49763107299805
ETHpv2011,ETH,Ethiopia,2011,pv,-1.5069637298583984,0.24067756533622742,8.0,6.161137580871582,3.791469097137451,14.218009948730469
FJIpv2011,FJI,Fiji,2011,pv,-0.07128819823265076,0.3066951036453247,3.0,43.127960205078125,28.436019897460938,61.1374397277832
FINpv2011,FIN,Finland,2011,pv,1.3934710025787354,0.2419978827238083,8.0,98.10426330566406,81.99052429199219,99.52606964111328
FRApv2011,FRA,France,2011,pv,0.602992832660675,0.23852235078811646,9.0,65.40284729003906,54.50236892700195,81.51658630371094
GUFpv2011,GUF,French Guiana,2011,pv,0.19302593171596527,0.2941373288631439,3.0,54.50236892700195,36.492889404296875,68.72038269042969
GABpv2011,GAB,Gabon,2011,pv,0.38489091396331787,0.24933560192584991,6.0,60.1895751953125,46.445499420166016,70.6161117553711
GMBpv2011,GMB,"Gambia, The",2011,pv,-0.00027060540742240846,0.2835232615470886,5.0,47.39336395263672,30.805686950683594,62.08530807495117
GEOpv2011,GEO,Georgia,2011,pv,-0.6569519639015198,0.2671853303909302,5.0,27.014217376708984,15.165876388549805,39.33649444580078
DEUpv2011,DEU,Germany,2011,pv,0.8422184586524963,0.23852235078811646,9.0,71.56398010253906,61.61137390136719,92.41706085205078
GHApv2011,GHA,Ghana,2011,pv,0.16711214184761047,0.24067756533622742,8.0,52.60663604736328,39.33649444580078,63.507110595703125
GRCpv2011,GRC,Greece,2011,pv,-0.09869518876075745,0.2419978827238083,8.0,41.70616149902344,30.33175277709961,55.45023727416992
GRLpv2011,GRL,Greenland,2011,pv,1.9400064945220947,0.38941681385040283,2.0,100.0,94.31279754638672,100.0
GRDpv2011,GRD,Grenada,2011,pv,0.3601154088973999,0.3066951036453247,3.0,59.24170684814453,40.75829315185547,72.98577880859375
GUMpv2011,GUM,Guam,2011,pv,0.7915459871292114,0.33598190546035767,2.0,70.6161117553711,54.97630310058594,97.1563949584961
GTMpv2011,GTM,Guatemala,2011,pv,-0.7441413998603821,0.24067756533622742,8.0,23.222749710083008,13.744075775146484,35.54502487182617
GINpv2011,GIN,Guinea,2011,pv,-1.3880540132522583,0.26071763038635254,5.0,9.952606201171875,4.265402793884277,18.009479522705078
GNBpv2011,GNB,Guinea-Bissau,2011,pv,-0.7536259889602661,0.33216527104377747,3.0,22.748815536499023,11.374407768249512,39.33649444580078
GUYpv2011,GUY,Guyana,2011,pv,-0.434282511472702,0.25491926074028015,6.0,32.22748947143555,19.90521240234375,46.445499420166016
HTIpv2011,HTI,Haiti,2011,pv,-0.9901675581932068,0.24424958229064941,7.0,17.535545349121094,9.478672981262207,28.436019897460938
HNDpv2011,HND,Honduras,2011,pv,-0.3904353678226471,0.24424958229064941,7.0,34.12322235107422,20.379146575927734,47.8672981262207
HKGpv2011,HKG,"Hong Kong SAR, China",2011,pv,0.9485961198806763,0.27890050411224365,7.0,77.25118255615234,62.08530807495117,98.10426330566406
HUNpv2011,HUN,Hungary,2011,pv,0.7432540655136108,0.2419978827238083,8.0,70.14218139648438,58.29383850097656,90.04739379882812
ISLpv2011,ISL,Iceland,2011,pv,1.2440097332000732,0.25236254930496216,7.0,92.89099884033203,71.09004974365234,99.52606964111328
INDpv2011,IND,India,2011,pv,-1.3267953395843506,0.23852235078811646,9.0,10.900473594665527,5.21327018737793,19.4312801361084
IDNpv2011,IDN,Indonesia,2011,pv,-0.7701141834259033,0.23852235078811646,9.0,20.85308074951172,13.744075775146484,34.12322235107422
IRNpv2011,IRN,"Iran, Islamic Rep.",2011,pv,-1.4217677116394043,0.24067756533622742,8.0,7.582938194274902,4.265402793884277,16.113744735717773
IRQpv2011,IRQ,Iraq,2011,pv,-1.846983551979065,0.26071763038635254,5.0,4.265402793884277,1.8957345485687256,7.582938194274902
IRLpv2011,IRL,Ireland,2011,pv,0.9489989280700684,0.2419978827238083,8.0,77.7251205444336,63.507110595703125,97.1563949584961
ISRpv2011,ISR,Israel,2011,pv,-1.2013180255889893,0.2419978827238083,8.0,13.270142555236816,5.21327018737793,20.379146575927734
ITApv2011,ITA,Italy,2011,pv,0.5012074112892151,0.23852235078811646,9.0,62.559242248535156,49.289100646972656,72.98577880859375
JAMpv2011,JAM,Jamaica,2011,pv,-0.06298333406448364,0.2508662939071655,7.0,44.54976272583008,30.805686950683594,58.29383850097656
JPNpv2011,JPN,Japan,2011,pv,0.99509197473526,0.23852235078811646,9.0,81.99052429199219,65.40284729003906,97.63033294677734
JEYpv2011,JEY,"Jersey, Channel Islands",2011,pv,1.4806013107299805,0.523714542388916,1.0,98.57820129394531,67.77251434326172,100.0
JORpv2011,JOR,Jordan,2011,pv,-0.5135622620582581,0.23852235078811646,9.0,30.33175277709961,19.4312801361084,41.23222732543945
KAZpv2011,KAZ,Kazakhstan,2011,pv,-0.33857056498527527,0.24325203895568848,8.0,36.018959045410156,23.222749710083008,48.81516647338867
KENpv2011,KEN,Kenya,2011,pv,-1.24479079246521,0.24067756533622742,8.0,12.796208381652832,5.21327018737793,19.90521240234375
KIRpv2011,KIR,Kiribati,2011,pv,1.3024883270263672,0.36077529191970825,2.0,95.7345962524414,68.72038269042969,99.52606964111328
PRKpv2011,PRK,"Korea, Dem. Rep.",2011,pv,-0.2518261969089508,0.29156631231307983,4.0,38.8625602722168,23.222749710083008,54.50236892700195
KORpv2011,KOR,"Korea, Rep.",2011,pv,0.4124956429004669,0.23852235078811646,9.0,60.66350555419922,48.34123229980469,70.6161117553711
KSVpv2011,KSV,Kosovo,2011,pv,-1.0421470403671265,0.3457132577896118,3.0,16.113744735717773,5.21327018737793,30.805686950683594
KWTpv2011,KWT,Kuwait,2011,pv,0.3111027181148529,0.24424958229064941,7.0,56.872039794921875,41.70616149902344,68.72038269042969
KGZpv2011,KGZ,Kyrgyz Republic,2011,pv,-1.098030686378479,0.262529581785202,6.0,15.165876388549805,5.687203884124756,26.06635093688965
LAOpv2011,LAO,Lao PDR,2011,pv,-0.05800722539424896,0.2607768476009369,5.0,45.02369689941406,30.33175277709961,59.24170684814453
LVApv2011,LVA,Latvia,2011,pv,0.32000213861465454,0.24424958229064941,7.0,57.81990432739258,42.18009567260742,68.72038269042969
LBNpv2011,LBN,Lebanon,2011,pv,-1.558287501335144,0.24067756533622742,8.0,5.687203884124756,3.317535638809204,13.744075775146484
LSOpv2011,LSO,Lesotho,2011,pv,0.38394075632095337,0.3006981313228607,4.0,59.715641021728516,41.23222732543945,72.98577880859375
LBRpv2011,LBR,Liberia,2011,pv,-0.42737025022506714,0.25638648867607117,6.0,32.70142364501953,19.90521240234375,46.445499420166016
LBYpv2011,LBY,Libya,2011,pv,-1.287379264831543,0.24933560192584991,6.0,11.84834098815918,5.21327018737793,19.4312801361084
LIEpv2011,LIE,Liechtenstein,2011,pv,1.490579605102539,0.3103449046611786,3.0,99.05213165283203,81.04265594482422,100.0
LTUpv2011,LTU,Lithuania,2011,pv,0.6712003350257874,0.2419978827238083,8.0,68.72038269042969,54.97630310058594,85.30805969238281
LUXpv2011,LUX,Luxembourg,2011,pv,1.3174268007278442,0.25236254930496216,7.0,96.20853424072266,72.98577880859375,99.52606964111328
MACpv2011,MAC,"Macao SAR, China",2011,pv,0.607760488986969,0.34079763293266296,2.0,66.3507080078125,48.81516647338867,90.04739379882812
MDGpv2011,MDG,Madagascar,2011,pv,-0.7055858969688416,0.24424958229064941,7.0,24.644550323486328,14.691943168640137,36.018959045410156
MWIpv2011,MWI,Malawi,2011,pv,-0.07291272282600403,0.25491926074028015,6.0,42.654029846191406,30.33175277709961,58.29383850097656
MYSpv2011,MYS,Malaysia,2011,pv,0.0774097666144371,0.23852235078811646,9.0,49.289100646972656,36.018959045410156,62.08530807495117
MDVpv2011,MDV,Maldives,2011,pv,-0.24263018369674683,0.3066951036453247,3.0,39.33649444580078,22.748815536499023,54.97630310058594
MLIpv2011,MLI,Mali,2011,pv,-0.7083797454833984,0.24424958229064941,7.0,24.170616149902344,14.691943168640137,36.018959045410156
MLTpv2011,MLT,Malta,2011,pv,1.063936710357666,0.24424958229064941,7.0,84.83412170410156,68.24644470214844,98.10426330566406
MHLpv2011,MHL,Marshall Islands,2011,pv,1.0618038177490234,0.6064732074737549,1.0,84.36019134521484,48.81516647338867,100.0
MTQpv2011,MTQ,Martinique,2011,pv,0.6189699172973633,0.33598190546035767,2.0,67.77251434326172,48.81516647338867,90.04739379882812
MRTpv2011,MRT,Mauritania,2011,pv,-1.1736788749694824,0.2549746036529541,6.0,13.744075775146484,5.21327018737793,21.800947189331055
MUSpv2011,MUS,Mauritius,2011,pv,0.9464994072914124,0.2835993766784668,5.0,76.30331420898438,62.08530807495117,98.10426330566406
MEXpv2011,MEX,Mexico,2011,pv,-0.6677685976028442,0.23852235078811646,9.0,26.06635093688965,15.639810562133789,37.91469192504883
FSMpv2011,FSM,"Micronesia, Fed. Sts.",2011,pv,1.1013894081115723,0.3066951036453247,3.0,87.67772674560547,64.4549789428711,99.52606964111328
MDApv2011,MDA,Moldova,2011,pv,-0.049293749034404755,0.25491926074028015,6.0,45.49763107299805,30.805686950683594,59.24170684814453
MCOpv2011,MCO,Monaco,2011,pv,1.04240882396698,0.4200651943683624,2.0,82.4644546508789,58.76777267456055,99.52606964111328
MNGpv2011,MNG,Mongolia,2011,pv,0.6065388917922974,0.24424958229064941,7.0,65.87677764892578,54.50236892700195,81.99052429199219
MNEpv2011,MNE,Montenegro,2011,pv,0.5653415322303772,0.2671853303909302,5.0,63.981040954589844,50.23696517944336,81.99052429199219
MARpv2011,MAR,Morocco,2011,pv,-0.39225679636001587,0.24553926289081573,7.0,33.649288177490234,20.379146575927734,47.8672981262207
MOZpv2011,MOZ,Mozambique,2011,pv,0.3320482671260834,0.24424958229064941,7.0,58.29383850097656,43.60189437866211,69.1943130493164
MMRpv2011,MMR,Myanmar,2011,pv,-1.1110984086990356,0.26071763038635254,5.0,14.691943168640137,5.687203884124756,25.592416763305664
NAMpv2011,NAM,Namibia,2011,pv,0.9116575121879578,0.24424958229064941,7.0,73.459716796875,63.507110595703125,95.7345962524414
NRUpv2011,NRU,Nauru,2011,pv,1.0618038177490234,0.6064732074737549,1.0,84.36019134521484,48.81516647338867,100.0
NPLpv2011,NPL,Nepal,2011,pv,-1.4164435863494873,0.2549746036529541,6.0,8.056872367858887,4.265402793884277,16.587677001953125
NLDpv2011,NLD,Netherlands,2011,pv,1.113630771636963,0.23852235078811646,9.0,89.5734634399414,68.72038269042969,99.05213165283203
ANTpv2011,ANT,Netherlands Antilles (former),2011,pv,1.2057753801345825,0.33598190546035767,2.0,91.94313049316406,68.24644470214844,99.52606964111328
NZLpv2011,NZL,New Zealand,2011,pv,1.376731038093567,0.23852235078811646,9.0,97.63033294677734,81.04265594482422,99.52606964111328
NICpv2011,NIC,Nicaragua,2011,pv,-0.26973581314086914,0.24424958229064941,7.0,38.38862609863281,25.592416763305664,50.23696517944336
NERpv2011,NER,Niger,2011,pv,-0.8780044913291931,0.24933560192584991,6.0,19.90521240234375,11.84834098815918,30.805686950683594
NGApv2011,NGA,Nigeria,2011,pv,-1.9564545154571533,0.24067756533622742,8.0,3.317535638809204,1.8957345485687256,5.21327018737793
MKDpv2011,MKD,North Macedonia,2011,pv,-0.6179637908935547,0.2671853303909302,5.0,27.48815155029297,15.639810562133789,39.33649444580078
NORpv2011,NOR,Norway,2011,pv,1.3379769325256348,0.23852235078811646,9.0,97.1563949584961,76.77725219726562,99.52606964111328
OMNpv2011,OMN,Oman,2011,pv,0.43244045972824097,0.24424958229064941,7.0,61.61137390136719,48.81516647338867,71.09004974365234
PAKpv2011,PAK,Pakistan,2011,pv,-2.810035467147827,0.24067756533622742,8.0,0.4739336371421814,0.0,1.8957345485687256
PLWpv2011,PLW,Palau,2011,pv,1.0618038177490234,0.6064732074737549,1.0,84.36019134521484,48.81516647338867,100.0
PANpv2011,PAN,Panama,2011,pv,-0.028218861669301987,0.24424958229064941,7.0,45.97156524658203,32.22748947143555,59.24170684814453
PNGpv2011,PNG,Papua New Guinea,2011,pv,-0.754677414894104,0.26071763038635254,5.0,22.27488136291504,13.270142555236816,36.018959045410156
PRYpv2011,PRY,Paraguay,2011,pv,-0.6925965547561646,0.24424958229064941,7.0,25.11848258972168,15.639810562133789,36.492889404296875
PERpv2011,PER,Peru,2011,pv,-0.7607496976852417,0.23852235078811646,9.0,21.800947189331055,13.744075775146484,34.12322235107422
PHLpv2011,PHL,Philippines,2011,pv,-1.392181634902954,0.23852235078811646,9.0,9.478672981262207,5.21327018737793,16.587677001953125
POLpv2011,POL,Poland,2011,pv,1.0720629692077637,0.23852235078811646,9.0,85.78199005126953,68.72038269042969,98.10426330566406
PRTpv2011,PRT,Portugal,2011,pv,0.7417392730712891,0.2419978827238083,8.0,69.66824340820312,58.29383850097656,89.5734634399414
PRIpv2011,PRI,Puerto Rico,2011,pv,0.6001489758491516,0.28588563203811646,4.0,64.92890930175781,50.23696517944336,85.30805969238281
QATpv2011,QAT,Qatar,2011,pv,1.1747310161590576,0.2469416707754135,7.0,90.52132415771484,70.14218139648438,99.52606964111328
ROMpv2011,ROM,Romania,2011,pv,0.18609066307544708,0.23852235078811646,9.0,53.554500579833984,39.33649444580078,63.981040954589844
RUSpv2011,RUS,Russian Federation,2011,pv,-0.9982621073722839,0.23852235078811646,9.0,17.06161117553711,9.478672981262207,27.48815155029297
RWApv2011,RWA,Rwanda,2011,pv,-0.17711777985095978,0.2671853303909302,5.0,39.8104248046875,27.48815155029297,54.97630310058594
REUpv2011,REU,Réunion,2011,pv,0.4166570007801056,0.4113350808620453,1.0,61.1374397277832,38.38862609863281,86.7298583984375
WSMpv2011,WSM,Samoa,2011,pv,0.9885909557342529,0.3066951036453247,3.0,81.51658630371094,62.08530807495117,99.05213165283203
SMRpv2011,SMR,San Marino,2011,pv,1.0618038177490234,0.6064732074737549,1.0,84.36019134521484,48.81516647338867,100.0
SAUpv2011,SAU,Saudi Arabia,2011,pv,-0.4647996425628662,0.24933560192584991,6.0,31.279621124267578,19.90521240234375,45.02369689941406
SENpv2011,SEN,Senegal,2011,pv,-0.28060224652290344,0.24067756533622742,8.0,37.91469192504883,25.592416763305664,49.76303482055664
SRBpv2011,SRB,Serbia,2011,pv,-0.28288206458091736,0.24424958229064941,7.0,36.96682357788086,25.592416763305664,49.76303482055664
SYCpv2011,SYC,Seychelles,2011,pv,0.9377540946006775,0.2738843262195587,4.0,75.35545349121094,62.08530807495117,97.63033294677734
SLEpv2011,SLE,Sierra Leone,2011,pv,-0.16844485700130463,0.26071763038635254,5.0,40.284358978271484,28.436019897460938,54.97630310058594
SGPpv2011,SGP,Singapore,2011,pv,1.1914217472076416,0.23852235078811646,9.0,90.9952621459961,70.6161117553711,99.52606964111328
SVKpv2011,SVK,Slovak Republic,2011,pv,0.9747573137283325,0.2419978827238083,8.0,81.04265594482422,63.981040954589844,97.1563949584961
SVNpv2011,SVN,Slovenia,2011,pv,0.9692096710205078,0.2469416707754135,7.0,80.56871795654297,63.507110595703125,97.1563949584961
SLBpv2011,SLB,Solomon Islands,2011,pv,0.3075583875179291,0.36077529191970825,2.0,56.39810562133789,36.492889404296875,72.98577880859375
SOMpv2011,SOM,Somalia,2011,pv,-3.0838465690612793,0.26071763038635254,5.0,0.0,0.0,0.4739336371421814
ZAFpv2011,ZAF,South Africa,2011,pv,0.024031570181250572,0.23852235078811646,9.0,48.81516647338867,34.5971565246582,60.66350555419922
SSDpv2011,SSD,South Sudan,2011,pv,-1.4303284883499146,0.4200651943683624,2.0,7.109004974365234,2.3696682453155518,23.222749710083008
ESPpv2011,ESP,Spain,2011,pv,0.021104536950588226,0.23852235078811646,9.0,48.34123229980469,34.12322235107422,60.1895751953125
LKApv2011,LKA,Sri Lanka,2011,pv,-0.7247714400291443,0.24424958229064941,7.0,23.69668197631836,14.218009948730469,36.018959045410156
KNApv2011,KNA,St. Kitts and Nevis,2011,pv,0.957588255405426,0.3066951036453247,3.0,79.620849609375,62.08530807495117,98.10426330566406
LCApv2011,LCA,St. Lucia,2011,pv,0.849078357219696,0.3066951036453247,3.0,72.51184844970703,58.29383850097656,97.1563949584961
VCTpv2011,VCT,St. Vincent and the Grenadines,2011,pv,0.849078357219696,0.3066951036453247,3.0,72.51184844970703,58.29383850097656,97.1563949584961
SDNpv2011,SDN,Sudan,2011,pv,-2.5229172706604004,0.24933560192584991,6.0,0.9478672742843628,0.0,2.3696682453155518
SURpv2011,SUR,Suriname,2011,pv,0.11997528374195099,0.25491926074028015,6.0,50.23696517944336,36.492889404296875,63.507110595703125
SWEpv2011,SWE,Sweden,2011,pv,1.2306880950927734,0.23852235078811646,9.0,92.41706085205078,71.09004974365234,99.52606964111328
CHEpv2011,CHE,Switzerland,2011,pv,1.300342082977295,0.2419978827238083,8.0,94.31279754638672,72.98577880859375,99.52606964111328
SYRpv2011,SYR,Syrian Arab Republic,2011,pv,-2.0121068954467773,0.24424958229064941,7.0,2.843601942062378,1.8957345485687256,5.21327018737793
STPpv2011,STP,São Tomé and Principe,2011,pv,0.007826399989426136,0.3103449046611786,3.0,47.8672981262207,30.33175277709961,63.507110595703125
TWNpv2011,TWN,"Taiwan, China",2011,pv,0.9467746615409851,0.2419978827238083,8.0,76.77725219726562,63.507110595703125,97.1563949584961
TJKpv2011,TJK,Tajikistan,2011,pv,-1.0232338905334473,0.2671853303909302,5.0,16.587677001953125,6.161137580871582,28.436019897460938
TZApv2011,TZA,Tanzania,2011,pv,-0.024133479222655296,0.24424958229064941,7.0,46.445499420166016,32.70142364501953,59.24170684814453
THApv2011,THA,Thailand,2011,pv,-1.1335337162017822,0.23852235078811646,9.0,14.218009948730469,5.687203884124756,23.222749710083008
TMPpv2011,TMP,Timor-Leste,2011,pv,-0.4623524248600006,0.2671853303909302,5.0,31.753555297851562,19.4312801361084,45.97156524658203
TGOpv2011,TGO,Togo,2011,pv,-0.16259849071502686,0.24933560192584991,6.0,40.75829315185547,28.436019897460938,54.97630310058594
TONpv2011,TON,Tonga,2011,pv,0.9377981424331665,0.3066951036453247,3.0,75.82938385009766,61.61137390136719,98.10426330566406
TTOpv2011,TTO,Trinidad and Tobago,2011,pv,0.14108040928840637,0.25491926074028015,6.0,50.710899353027344,37.91469192504883,63.507110595703125
TUNpv2011,TUN,Tunisia,2011,pv,-0.3537417948246002,0.24424958229064941,7.0,35.54502487182617,22.27488136291504,48.81516647338867
TKMpv2011,TKM,Turkmenistan,2011,pv,0.23412907123565674,0.2738843262195587,4.0,54.97630310058594,39.33649444580078,68.72038269042969
TUVpv2011,TUV,Tuvalu,2011,pv,1.3024883270263672,0.36077529191970825,2.0,95.7345962524414,68.72038269042969,99.52606964111328
TURpv2011,TUR,Türkiye,2011,pv,-0.9599970579147339,0.23852235078811646,9.0,18.48341178894043,10.42654037475586,28.436019897460938
UGApv2011,UGA,Uganda,2011,pv,-0.976101815700531,0.24067756533622742,8.0,18.009479522705078,9.952606201171875,28.436019897460938
UKRpv2011,UKR,Ukraine,2011,pv,-0.07043146342039108,0.23852235078811646,9.0,43.60189437866211,31.753555297851562,57.81990432739258
AREpv2011,ARE,United Arab Emirates,2011,pv,0.912175714969635,0.23852235078811646,9.0,73.93364715576172,63.507110595703125,95.7345962524414
GBRpv2011,GBR,United Kingdom,2011,pv,0.3517076075077057,0.23852235078811646,9.0,58.76777267456055,45.49763107299805,69.66824340820312
USApv2011,USA,United States,2011,pv,0.5912472605705261,0.23852235078811646,9.0,64.4549789428711,54.50236892700195,81.04265594482422
URYpv2011,URY,Uruguay,2011,pv,0.9570969343185425,0.24424958229064941,7.0,78.67298889160156,63.507110595703125,97.1563949584961
UZBpv2011,UZB,Uzbekistan,2011,pv,-0.5997193455696106,0.2607768476009369,5.0,28.436019897460938,16.113744735717773,39.8104248046875
VUTpv2011,VUT,Vanuatu,2011,pv,1.1094369888305664,0.36077529191970825,2.0,89.09952545166016,63.507110595703125,99.52606964111328
VENpv2011,VEN,"Venezuela, RB",2011,pv,-1.0940459966659546,0.23852235078811646,9.0,15.639810562133789,6.161137580871582,24.644550323486328
VNMpv2011,VNM,Viet Nam,2011,pv,0.18908844888210297,0.24067756533622742,8.0,54.02843475341797,39.33649444580078,63.981040954589844
VIRpv2011,VIR,Virgin Islands (U.S.),2011,pv,0.8606230616569519,0.33598190546035767,2.0,72.98577880859375,56.39810562133789,98.10426330566406
WBGpv2011,WBG,West Bank and Gaza,2011,pv,-1.9356199502944946,0.2738843262195587,4.0,3.791469097137451,1.8957345485687256,6.161137580871582
YEMpv2011,YEM,"Yemen, Rep.",2011,pv,-2.4267964363098145,0.24424958229064941,7.0,1.8957345485687256,0.0,2.3696682453155518
ZMBpv2011,ZMB,Zambia,2011,pv,0.5097737908363342,0.24424958229064941,7.0,63.507110595703125,49.289100646972656,72.98577880859375
ZWEpv2011,ZWE,Zimbabwe,2011,pv,-0.9453285336494446,0.24424958229064941,7.0,19.4312801361084,10.42654037475586,29.383886337280273
AFGpv2012,AFG,Afghanistan,2012,pv,-2.4185614585876465,0.24388153851032257,5.0,1.8957345485687256,0.0,3.791469097137451
ALBpv2012,ALB,Albania,2012,pv,-0.14363159239292145,0.22198432683944702,8.0,40.284358978271484,29.857820510864258,53.554500579833984
DZApv2012,DZA,Algeria,2012,pv,-1.3250433206558228,0.2268073558807373,7.0,9.478672981262207,5.687203884124756,18.009479522705078
ASMpv2012,ASM,American Samoa,2012,pv,0.9529908299446106,0.34492501616477966,1.0,78.67298889160156,58.76777267456055,99.52606964111328
ADOpv2012,ADO,Andorra,2012,pv,1.290351152420044,0.31738489866256714,2.0,94.78672790527344,70.14218139648438,99.52606964111328
AGOpv2012,AGO,Angola,2012,pv,-0.38932254910469055,0.23303711414337158,6.0,35.07109069824219,21.800947189331055,43.60189437866211
AIApv2012,AIA,Anguilla,2012,pv,1.476920247077942,0.3016960024833679,2.0,99.52606964111328,81.99052429199219,100.0
ATGpv2012,ATG,Antigua and Barbuda,2012,pv,0.9757880568504333,0.2827465236186981,3.0,80.56871795654297,63.03317642211914,98.57820129394531
ARGpv2012,ARG,Argentina,2012,pv,0.10304054617881775,0.21966552734375,9.0,49.289100646972656,37.91469192504883,61.61137390136719
ARMpv2012,ARM,Armenia,2012,pv,0.15479497611522675,0.2268073558807373,7.0,51.18483352661133,39.33649444580078,63.03317642211914
ABWpv2012,ABW,Aruba,2012,pv,1.2638815641403198,0.26799193024635315,3.0,93.36492919921875,72.98577880859375,99.52606964111328
AUSpv2012,AUS,Australia,2012,pv,0.9979972243309021,0.21966552734375,9.0,82.4644546508789,67.29857635498047,96.20853424072266
AUTpv2012,AUT,Austria,2012,pv,1.340566873550415,0.21966552734375,9.0,96.20853424072266,81.51658630371094,99.52606964111328
AZEpv2012,AZE,Azerbaijan,2012,pv,-0.7157518267631531,0.2268073558807373,7.0,23.222749710083008,15.639810562133789,36.96682357788086
BHSpv2012,BHS,"Bahamas, The",2012,pv,1.1840260028839111,0.24220165610313416,5.0,90.52132415771484,72.51184844970703,99.52606964111328
BHRpv2012,BHR,Bahrain,2012,pv,-1.1299549341201782,0.2268073558807373,7.0,15.639810562133789,7.109004974365234,21.800947189331055
BGDpv2012,BGD,Bangladesh,2012,pv,-1.3790889978408813,0.22198432683944702,8.0,9.004739761352539,5.21327018737793,17.535545349121094
BRBpv2012,BRB,Barbados,2012,pv,1.185965657234192,0.24639824032783508,5.0,90.9952621459961,72.03791809082031,99.52606964111328
BLRpv2012,BLR,Belarus,2012,pv,0.06861522048711777,0.22781482338905334,7.0,47.8672981262207,36.96682357788086,60.66350555419922
BELpv2012,BEL,Belgium,2012,pv,0.9235997200012207,0.21966552734375,9.0,76.30331420898438,63.507110595703125,93.36492919921875
BLZpv2012,BLZ,Belize,2012,pv,0.1802576184272766,0.2544461190700531,4.0,52.1327018737793,37.91469192504883,64.92890930175781
BENpv2012,BEN,Benin,2012,pv,0.36436760425567627,0.23676788806915283,6.0,58.29383850097656,43.127960205078125,70.14218139648438
BMUpv2012,BMU,Bermuda,2012,pv,0.9802536964416504,0.3016960024833679,2.0,81.51658630371094,62.08530807495117,98.57820129394531
BTNpv2012,BTN,Bhutan,2012,pv,0.7763094902038574,0.2544461190700531,4.0,71.56398010253906,57.81990432739258,91.46919250488281
BOLpv2012,BOL,Bolivia,2012,pv,-0.4580681025981903,0.22198432683944702,8.0,33.17535400390625,20.379146575927734,41.23222732543945
BIHpv2012,BIH,Bosnia and Herzegovina,2012,pv,-0.5381487011909485,0.23129664361476898,7.0,28.436019897460938,18.48341178894043,39.8104248046875
BWApv2012,BWA,Botswana,2012,pv,1.1040414571762085,0.22198432683944702,8.0,88.62559509277344,69.66824340820312,98.57820129394531
BRApv2012,BRA,Brazil,2012,pv,0.045961640775203705,0.21966552734375,9.0,46.445499420166016,36.96682357788086,59.715641021728516
BRNpv2012,BRN,Brunei Darussalam,2012,pv,0.9093272089958191,0.23522983491420746,6.0,75.35545349121094,63.03317642211914,94.78672790527344
BGRpv2012,BGR,Bulgaria,2012,pv,0.37983399629592896,0.21966552734375,9.0,58.76777267456055,45.49763107299805,69.66824340820312
BFApv2012,BFA,Burkina Faso,2012,pv,-0.5731292366981506,0.22198432683944702,8.0,27.014217376708984,18.48341178894043,39.33649444580078
BDIpv2012,BDI,Burundi,2012,pv,-1.7047381401062012,0.23676788806915283,6.0,5.687203884124756,2.3696682453155518,10.42654037475586
KHMpv2012,KHM,Cambodia,2012,pv,-0.10357720404863358,0.23129664361476898,7.0,41.23222732543945,31.753555297851562,56.39810562133789
CMRpv2012,CMR,Cameroon,2012,pv,-0.588517427444458,0.22198432683944702,8.0,26.540285110473633,18.009479522705078,38.38862609863281
CANpv2012,CAN,Canada,2012,pv,1.1130162477493286,0.21966552734375,9.0,89.09952545166016,70.14218139648438,98.57820129394531
CPVpv2012,CPV,Cape Verde,2012,pv,0.8090863823890686,0.24639824032783508,5.0,72.98577880859375,59.715641021728516,91.94313049316406
CYMpv2012,CYM,Cayman Islands,2012,pv,0.9593843817710876,0.2969246208667755,2.0,79.14691925048828,62.08530807495117,98.57820129394531
CAFpv2012,CAF,Central African Republic,2012,pv,-1.8529229164123535,0.24388153851032257,5.0,5.21327018737793,2.3696682453155518,7.109004974365234
TCDpv2012,TCD,Chad,2012,pv,-1.0441173315048218,0.23676788806915283,6.0,16.587677001953125,7.582938194274902,24.644550323486328
CHLpv2012,CHL,Chile,2012,pv,0.3311021029949188,0.21966552734375,9.0,57.81990432739258,42.654029846191406,69.1943130493164
CHNpv2012,CHN,China,2012,pv,-0.5387820601463318,0.21966552734375,9.0,27.962085723876953,19.4312801361084,39.8104248046875
COLpv2012,COL,Colombia,2012,pv,-1.4018104076385498,0.21966552734375,9.0,8.056872367858887,5.21327018737793,16.587677001953125
COMpv2012,COM,Comoros,2012,pv,-0.4523080289363861,0.2827465236186981,3.0,33.649288177490234,18.48341178894043,45.02369689941406
ZARpv2012,ZAR,"Congo, Dem. Rep.",2012,pv,-2.085892915725708,0.23303711414337158,6.0,2.843601942062378,0.9478672742843628,5.687203884124756
COGpv2012,COG,"Congo, Rep.",2012,pv,-0.4896898567676544,0.23303711414337158,6.0,31.279621124267578,19.90521240234375,40.75829315185547
CRIpv2012,CRI,Costa Rica,2012,pv,0.6384024620056152,0.2268073558807373,7.0,67.77251434326172,54.97630310058594,83.41232299804688
HRVpv2012,HRV,Croatia,2012,pv,0.6068914532661438,0.21966552734375,9.0,65.40284729003906,54.50236892700195,79.14691925048828
CUBpv2012,CUB,Cuba,2012,pv,0.3072482943534851,0.23303711414337158,6.0,57.345970153808594,41.70616149902344,69.1943130493164
CYPpv2012,CYP,Cyprus,2012,pv,0.6351260542869568,0.2268073558807373,7.0,66.82464599609375,54.97630310058594,83.41232299804688
CZEpv2012,CZE,Czech Republic,2012,pv,1.0541061162948608,0.21966552734375,9.0,86.7298583984375,69.1943130493164,98.10426330566406
CIVpv2012,CIV,Côte d'Ivoire,2012,pv,-1.2634611129760742,0.22198432683944702,8.0,11.84834098815918,6.161137580871582,19.4312801361084
DNKpv2012,DNK,Denmark,2012,pv,0.9149106740951538,0.21966552734375,9.0,75.82938385009766,63.03317642211914,93.36492919921875
DJIpv2012,DJI,Djibouti,2012,pv,0.16061921417713165,0.2544461190700531,4.0,51.65876770019531,37.91469192504883,63.507110595703125
DMApv2012,DMA,Dominica,2012,pv,0.9805854558944702,0.2827465236186981,3.0,81.99052429199219,63.03317642211914,98.57820129394531
DOMpv2012,DOM,Dominican Republic,2012,pv,0.2523668110370636,0.22198432683944702,8.0,54.97630310058594,40.284358978271484,65.40284729003906
ECUpv2012,ECU,Ecuador,2012,pv,-0.5703064799308777,0.22198432683944702,8.0,27.48815155029297,18.48341178894043,39.33649444580078
EGYpv2012,EGY,"Egypt, Arab Rep.",2012,pv,-1.43632972240448,0.22198432683944702,8.0,7.582938194274902,5.21327018737793,16.113744735717773
SLVpv2012,SLV,El Salvador,2012,pv,0.23458397388458252,0.22198432683944702,8.0,54.50236892700195,40.284358978271484,64.92890930175781
GNQpv2012,GNQ,Equatorial Guinea,2012,pv,0.23270344734191895,0.2544461190700531,4.0,54.02843475341797,39.33649444580078,67.77251434326172
ERIpv2012,ERI,Eritrea,2012,pv,-0.702197253704071,0.2544461190700531,4.0,23.69668197631836,15.639810562133789,36.96682357788086
ESTpv2012,EST,Estonia,2012,pv,0.6364651918411255,0.21966552734375,9.0,67.29857635498047,56.39810562133789,81.99052429199219
SWZpv2012,SWZ,Eswatini,2012,pv,-0.4076923429965973,0.24639824032783508,5.0,34.5971565246582,20.85308074951172,44.075828552246094
ETHpv2012,ETH,Ethiopia,2012,pv,-1.564271330833435,0.22198432683944702,8.0,7.109004974365234,4.7393364906311035,13.270142555236816
FJIpv2012,FJI,Fiji,2012,pv,-0.06777483224868774,0.2827465236186981,3.0,42.18009567260742,28.90995216369629,59.24170684814453
FINpv2012,FIN,Finland,2012,pv,1.4007651805877686,0.21966552734375,9.0,98.10426330566406,85.30805969238281,99.52606964111328
FRApv2012,FRA,France,2012,pv,0.5549415349960327,0.21966552734375,9.0,63.507110595703125,52.60663604736328,75.82938385009766
GUFpv2012,GUF,French Guiana,2012,pv,0.21508225798606873,0.26799193024635315,3.0,53.554500579833984,38.38862609863281,67.77251434326172
GABpv2012,GAB,Gabon,2012,pv,0.2932914197444916,0.2268073558807373,7.0,56.872039794921875,41.70616149902344,68.24644470214844
GMBpv2012,GMB,"Gambia, The",2012,pv,-0.0007788384100422263,0.23522983491420746,6.0,45.02369689941406,35.07109069824219,58.76777267456055
GEOpv2012,GEO,Georgia,2012,pv,-0.6804539561271667,0.23129664361476898,7.0,24.170616149902344,16.113744735717773,36.96682357788086
DEUpv2012,DEU,Germany,2012,pv,0.7756212949752808,0.21966552734375,9.0,71.09004974365234,59.715641021728516,89.09952545166016
GHApv2012,GHA,Ghana,2012,pv,0.13069498538970947,0.22198432683944702,8.0,50.710899353027344,37.91469192504883,62.559242248535156
GRCpv2012,GRC,Greece,2012,pv,-0.21724869310855865,0.21966552734375,9.0,39.33649444580078,26.540285110473633,50.710899353027344
GRLpv2012,GRL,Greenland,2012,pv,1.9344072341918945,0.39309409260749817,2.0,100.0,93.36492919921875,100.0
GRDpv2012,GRD,Grenada,2012,pv,0.49264901876449585,0.2827465236186981,3.0,62.559242248535156,45.49763107299805,78.67298889160156
GUMpv2012,GUM,Guam,2012,pv,0.7809176445007324,0.3016960024833679,2.0,72.03791809082031,56.39810562133789,93.36492919921875
GTMpv2012,GTM,Guatemala,2012,pv,-0.6338201761245728,0.22198432683944702,8.0,25.11848258972168,17.535545349121094,37.91469192504883
GINpv2012,GIN,Guinea,2012,pv,-1.2870124578475952,0.2268073558807373,7.0,11.374407768249512,6.161137580871582,18.48341178894043
GNBpv2012,GNB,Guinea-Bissau,2012,pv,-0.9652958512306213,0.2662203013896942,4.0,18.009479522705078,7.582938194274902,28.90995216369629
GUYpv2012,GUY,Guyana,2012,pv,-0.49961405992507935,0.23522983491420746,6.0,30.33175277709961,19.4312801361084,40.284358978271484
HTIpv2012,HTI,Haiti,2012,pv,-0.7880926728248596,0.2268073558807373,7.0,21.327014923095703,13.744075775146484,33.649288177490234
HNDpv2012,HND,Honduras,2012,pv,-0.3501155972480774,0.2268073558807373,7.0,36.492889404296875,21.800947189331055,45.49763107299805
HKGpv2012,HKG,"Hong Kong SAR, China",2012,pv,1.0062894821166992,0.245286226272583,7.0,83.41232299804688,64.92890930175781,98.10426330566406
HUNpv2012,HUN,Hungary,2012,pv,0.675794780254364,0.21966552734375,9.0,68.72038269042969,57.345970153808594,85.30805969238281
ISLpv2012,ISL,Iceland,2012,pv,1.2450320720672607,0.22433581948280334,8.0,92.89099884033203,73.459716796875,99.52606964111328
INDpv2012,IND,India,2012,pv,-1.2893098592758179,0.21966552734375,9.0,10.900473594665527,6.161137580871582,18.48341178894043
IDNpv2012,IDN,Indonesia,2012,pv,-0.593262791633606,0.21966552734375,9.0,25.592416763305664,18.009479522705078,37.91469192504883
IRNpv2012,IRN,"Iran, Islamic Rep.",2012,pv,-1.3239260911941528,0.22198432683944702,8.0,9.952606201171875,5.687203884124756,18.009479522705078
IRQpv2012,IRQ,Iraq,2012,pv,-1.93405020236969,0.23303711414337158,6.0,4.7393364906311035,1.8957345485687256,7.109004974365234
IRLpv2012,IRL,Ireland,2012,pv,0.9410727024078369,0.22433581948280334,8.0,77.7251205444336,63.507110595703125,94.78672790527344
ISRpv2012,ISR,Israel,2012,pv,-1.078904390335083,0.22433581948280334,8.0,16.113744735717773,7.109004974365234,23.222749710083008
ITApv2012,ITA,Italy,2012,pv,0.5082175135612488,0.21966552734375,9.0,63.03317642211914,50.710899353027344,73.459716796875
JAMpv2012,JAM,Jamaica,2012,pv,0.12050811201334,0.22198432683944702,8.0,50.23696517944336,37.91469192504883,62.08530807495117
JPNpv2012,JPN,Japan,2012,pv,0.9484428763389587,0.21966552734375,9.0,78.19905090332031,64.4549789428711,94.78672790527344
JEYpv2012,JEY,"Jersey, Channel Islands",2012,pv,1.4761320352554321,0.5070043802261353,1.0,99.05213165283203,67.77251434326172,100.0
JORpv2012,JOR,Jordan,2012,pv,-0.5239776372909546,0.21966552734375,9.0,29.383886337280273,19.4312801361084,39.8104248046875
KAZpv2012,KAZ,Kazakhstan,2012,pv,-0.4084550142288208,0.21966552734375,9.0,34.12322235107422,21.800947189331055,42.18009567260742
KENpv2012,KEN,Kenya,2012,pv,-1.3234412670135498,0.22198432683944702,8.0,10.42654037475586,5.687203884124756,18.009479522705078
KIRpv2012,KIR,Kiribati,2012,pv,1.290351152420044,0.31738489866256714,2.0,94.78672790527344,70.14218139648438,99.52606964111328
PRKpv2012,PRK,"Korea, Dem. Rep.",2012,pv,-0.012876378372311592,0.2629246711730957,4.0,43.60189437866211,33.649288177490234,59.715641021728516
KORpv2012,KOR,"Korea, Rep.",2012,pv,0.26710331439971924,0.21966552734375,9.0,55.45023727416992,41.23222732543945,65.40284729003906
KSVpv2012,KSV,Kosovo,2012,pv,-1.0385023355484009,0.35369718074798584,3.0,17.06161117553711,6.161137580871582,32.70142364501953
KWTpv2012,KWT,Kuwait,2012,pv,0.20360621809959412,0.2268073558807373,7.0,53.080570220947266,39.8104248046875,63.507110595703125
KGZpv2012,KGZ,Kyrgyz Republic,2012,pv,-0.9112513661384583,0.2402493953704834,6.0,18.957345962524414,10.42654037475586,29.857820510864258
LAOpv2012,LAO,Lao PDR,2012,pv,0.03373903036117554,0.24388153851032257,5.0,45.97156524658203,35.54502487182617,60.66350555419922
LVApv2012,LVA,Latvia,2012,pv,0.45362672209739685,0.2268073558807373,7.0,61.1374397277832,48.34123229980469,72.98577880859375
LBNpv2012,LBN,Lebanon,2012,pv,-1.6648123264312744,0.22198432683944702,8.0,6.161137580871582,3.791469097137451,10.42654037475586
LSOpv2012,LSO,Lesotho,2012,pv,0.27419909834861755,0.24639824032783508,5.0,56.39810562133789,40.284358978271484,68.72038269042969
LBRpv2012,LBR,Liberia,2012,pv,-0.4844765067100525,0.22198432683944702,8.0,31.753555297851562,20.379146575927734,40.284358978271484
LBYpv2012,LBY,Libya,2012,pv,-1.586959719657898,0.2268073558807373,7.0,6.635071277618408,3.791469097137451,13.270142555236816
LIEpv2012,LIE,Liechtenstein,2012,pv,1.3891996145248413,0.2788075804710388,3.0,97.63033294677734,76.77725219726562,99.52606964111328
LTUpv2012,LTU,Lithuania,2012,pv,0.7862098813056946,0.22433581948280334,8.0,72.51184844970703,59.715641021728516,89.5734634399414
LUXpv2012,LUX,Luxembourg,2012,pv,1.3319188356399536,0.23247599601745605,7.0,95.7345962524414,78.19905090332031,99.52606964111328
MACpv2012,MAC,"Macao SAR, China",2012,pv,0.6287855505943298,0.2969246208667755,2.0,65.87677764892578,50.710899353027344,89.09952545166016
MDGpv2012,MDG,Madagascar,2012,pv,-0.5361369848251343,0.22198432683944702,8.0,28.90995216369629,19.4312801361084,39.8104248046875
MWIpv2012,MWI,Malawi,2012,pv,-0.002686169231310487,0.22986213862895966,7.0,44.54976272583008,35.54502487182617,58.29383850097656
MYSpv2012,MYS,Malaysia,2012,pv,-0.0052124024368822575,0.21966552734375,9.0,44.075828552246094,35.54502487182617,57.81990432739258
MDVpv2012,MDV,Maldives,2012,pv,-0.3651714622974396,0.2827465236186981,3.0,36.018959045410156,20.379146575927734,48.81516647338867
MLIpv2012,MLI,Mali,2012,pv,-2.0343286991119385,0.2268073558807373,7.0,3.791469097137451,1.8957345485687256,6.161137580871582
MLTpv2012,MLT,Malta,2012,pv,1.065075159072876,0.2268073558807373,7.0,87.20378875732422,69.1943130493164,98.57820129394531
MHLpv2012,MHL,Marshall Islands,2012,pv,1.0264002084732056,0.6356431841850281,1.0,85.30805969238281,43.127960205078125,100.0
MTQpv2012,MTQ,Martinique,2012,pv,0.581581711769104,0.3016960024833679,2.0,63.981040954589844,48.81516647338867,87.20378875732422
MRTpv2012,MRT,Mauritania,2012,pv,-1.1339917182922363,0.23676788806915283,6.0,15.165876388549805,7.109004974365234,21.800947189331055
MUSpv2012,MUS,Mauritius,2012,pv,0.971312403678894,0.23676788806915283,6.0,79.620849609375,63.981040954589844,96.20853424072266
MEXpv2012,MEX,Mexico,2012,pv,-0.6624541878700256,0.21966552734375,9.0,24.644550323486328,17.535545349121094,36.96682357788086
FSMpv2012,FSM,"Micronesia, Fed. Sts.",2012,pv,1.1508698463439941,0.2827465236186981,3.0,89.5734634399414,69.1943130493164,99.52606964111328
MDApv2012,MDA,Moldova,2012,pv,0.04649047926068306,0.22986213862895966,7.0,46.919429779052734,36.96682357788086,59.715641021728516
MCOpv2012,MCO,Monaco,2012,pv,1.0481623411178589,0.4447178542613983,2.0,85.78199005126953,57.345970153808594,99.52606964111328
MNGpv2012,MNG,Mongolia,2012,pv,0.47113481163978577,0.22198432683944702,8.0,62.08530807495117,49.76303482055664,72.98577880859375
MNEpv2012,MNE,Montenegro,2012,pv,0.5965630412101746,0.24639824032783508,5.0,64.92890930175781,52.60663604736328,82.93838500976562
MARpv2012,MAR,Morocco,2012,pv,-0.4704587757587433,0.22198432683944702,8.0,32.70142364501953,20.379146575927734,40.75829315185547
MOZpv2012,MOZ,Mozambique,2012,pv,0.3904936909675598,0.2268073558807373,7.0,59.24170684814453,45.49763107299805,70.14218139648438
MMRpv2012,MMR,Myanmar,2012,pv,-0.9436749815940857,0.23303711414337158,6.0,18.48341178894043,9.004739761352539,27.48815155029297
NAMpv2012,NAM,Namibia,2012,pv,0.978104293346405,0.2268073558807373,7.0,81.04265594482422,64.92890930175781,96.20853424072266
NRUpv2012,NRU,Nauru,2012,pv,1.0264002084732056,0.6356431841850281,1.0,85.30805969238281,43.127960205078125,100.0
NPLpv2012,NPL,Nepal,2012,pv,-1.3812322616577148,0.23129664361476898,7.0,8.530805587768555,5.21327018737793,17.535545349121094
NLDpv2012,NLD,Netherlands,2012,pv,1.187464714050293,0.21966552734375,9.0,91.46919250488281,72.98577880859375,99.52606964111328
ANTpv2012,ANT,Netherlands Antilles (former),2012,pv,1.0782482624053955,0.3016960024833679,2.0,87.67772674560547,63.981040954589844,99.52606964111328
NZLpv2012,NZL,New Zealand,2012,pv,1.361365556716919,0.21966552734375,9.0,96.68246459960938,82.93838500976562,99.52606964111328
NICpv2012,NIC,Nicaragua,2012,pv,-0.34877756237983704,0.22198432683944702,8.0,36.96682357788086,23.222749710083008,45.49763107299805
NERpv2012,NER,Niger,2012,pv,-1.1481308937072754,0.23303711414337158,6.0,14.691943168640137,7.109004974365234,21.800947189331055
NGApv2012,NGA,Nigeria,2012,pv,-2.0420737266540527,0.22198432683944702,8.0,3.317535638809204,1.8957345485687256,5.687203884124756
MKDpv2012,MKD,North Macedonia,2012,pv,-0.49264952540397644,0.2402493953704834,6.0,30.805686950683594,19.4312801361084,41.23222732543945
NORpv2012,NOR,Norway,2012,pv,1.327469825744629,0.21966552734375,9.0,95.26066589355469,79.14691925048828,99.52606964111328
OMNpv2012,OMN,Oman,2012,pv,0.4620770812034607,0.2268073558807373,7.0,61.61137390136719,48.81516647338867,72.98577880859375
PAKpv2012,PAK,Pakistan,2012,pv,-2.6770036220550537,0.22198432683944702,8.0,0.9478672742843628,0.0,1.8957345485687256
PLWpv2012,PLW,Palau,2012,pv,1.0264002084732056,0.6356431841850281,1.0,85.30805969238281,43.127960205078125,100.0
PANpv2012,PAN,Panama,2012,pv,-0.179432675242424,0.22198432683944702,8.0,39.8104248046875,27.48815155029297,52.1327018737793
PNGpv2012,PNG,Papua New Guinea,2012,pv,-0.5904423594474792,0.24220165610313416,5.0,26.06635093688965,17.535545349121094,39.33649444580078
PRYpv2012,PRY,Paraguay,2012,pv,-0.8719021677970886,0.2268073558807373,7.0,19.90521240234375,11.84834098815918,29.857820510864258
PERpv2012,PER,Peru,2012,pv,-0.9073647260665894,0.21966552734375,9.0,19.4312801361084,11.374407768249512,27.48815155029297
PHLpv2012,PHL,Philippines,2012,pv,-1.1882402896881104,0.21966552734375,9.0,13.744075775146484,7.109004974365234,20.379146575927734
POLpv2012,POL,Poland,2012,pv,1.0494786500930786,0.21966552734375,9.0,86.25592041015625,69.1943130493164,98.10426330566406
PRTpv2012,PRT,Portugal,2012,pv,0.7752726078033447,0.21966552734375,9.0,70.6161117553711,59.715641021728516,89.09952545166016
PRIpv2012,PRI,Puerto Rico,2012,pv,0.5849733948707581,0.25863707065582275,4.0,64.4549789428711,51.65876770019531,83.41232299804688
QATpv2012,QAT,Qatar,2012,pv,1.223598837852478,0.22433581948280334,8.0,92.41706085205078,72.98577880859375,99.52606964111328
ROMpv2012,ROM,Romania,2012,pv,0.08234155923128128,0.21966552734375,9.0,48.81516647338867,37.91469192504883,60.66350555419922
RUSpv2012,RUS,Russian Federation,2012,pv,-0.817712664604187,0.21966552734375,9.0,20.85308074951172,13.744075775146484,33.17535400390625
RWApv2012,RWA,Rwanda,2012,pv,-0.23061519861221313,0.23676788806915283,6.0,38.38862609863281,25.11848258972168,51.18483352661133
REUpv2012,REU,Réunion,2012,pv,0.4318848252296448,0.34492501616477966,1.0,60.66350555419922,40.284358978271484,81.99052429199219
WSMpv2012,WSM,Samoa,2012,pv,0.9992401599884033,0.2827465236186981,3.0,82.93838500976562,63.03317642211914,98.57820129394531
SMRpv2012,SMR,San Marino,2012,pv,1.0264002084732056,0.6356431841850281,1.0,85.30805969238281,43.127960205078125,100.0
SAUpv2012,SAU,Saudi Arabia,2012,pv,-0.4806882441043854,0.2268073558807373,7.0,32.22748947143555,20.379146575927734,40.284358978271484
SENpv2012,SEN,Senegal,2012,pv,-0.10832203179597855,0.22198432683944702,8.0,40.75829315185547,32.22748947143555,54.97630310058594
SRBpv2012,SRB,Serbia,2012,pv,-0.2172994613647461,0.22198432683944702,8.0,38.8625602722168,26.540285110473633,50.710899353027344
SYCpv2012,SYC,Seychelles,2012,pv,0.7442663311958313,0.24639824032783508,5.0,70.14218139648438,57.81990432739258,89.09952545166016
SLEpv2012,SLE,Sierra Leone,2012,pv,-0.2799452841281891,0.22198432683944702,8.0,37.91469192504883,24.644550323486328,48.81516647338867
SGPpv2012,SGP,Singapore,2012,pv,1.3681745529174805,0.21966552734375,9.0,97.1563949584961,83.41232299804688,99.52606964111328
SVKpv2012,SVK,Slovak Republic,2012,pv,1.088400959968567,0.22433581948280334,8.0,88.15165710449219,69.66824340820312,98.57820129394531
SVNpv2012,SVN,Slovenia,2012,pv,0.9351106882095337,0.21966552734375,9.0,77.25118255615234,63.507110595703125,94.78672790527344
SLBpv2012,SLB,Solomon Islands,2012,pv,0.18731634318828583,0.31738489866256714,2.0,52.60663604736328,36.96682357788086,69.1943130493164
SOMpv2012,SOM,Somalia,2012,pv,-2.860755443572998,0.23303711414337158,6.0,0.0,0.0,0.9478672742843628
ZAFpv2012,ZAF,South Africa,2012,pv,-0.02538670040667057,0.21966552734375,9.0,43.127960205078125,35.54502487182617,57.81990432739258
SSDpv2012,SSD,South Sudan,2012,pv,-1.156583309173584,0.39456307888031006,3.0,14.218009948730469,5.21327018737793,29.857820510864258
ESPpv2012,ESP,Spain,2012,pv,-0.029516449198126793,0.21966552734375,9.0,42.654029846191406,34.5971565246582,57.345970153808594
LKApv2012,LKA,Sri Lanka,2012,pv,-0.717079222202301,0.22198432683944702,8.0,22.748815536499023,15.639810562133789,36.018959045410156
KNApv2012,KNA,St. Kitts and Nevis,2012,pv,0.9757880568504333,0.2827465236186981,3.0,80.56871795654297,63.03317642211914,98.57820129394531
LCApv2012,LCA,St. Lucia,2012,pv,0.8937056660652161,0.2827465236186981,3.0,74.40758514404297,60.1895751953125,96.20853424072266
VCTpv2012,VCT,St. Vincent and the Grenadines,2012,pv,0.9288838505744934,0.2827465236186981,3.0,76.77725219726562,61.61137390136719,97.63033294677734
SDNpv2012,SDN,Sudan,2012,pv,-2.260563373565674,0.23303711414337158,6.0,2.3696682453155518,0.9478672742843628,4.7393364906311035
SURpv2012,SUR,Suriname,2012,pv,0.07932545244693756,0.23522983491420746,6.0,48.34123229980469,36.96682357788086,61.61137390136719
SWEpv2012,SWE,Sweden,2012,pv,1.1705971956253052,0.21966552734375,9.0,90.04739379882812,72.98577880859375,99.52606964111328
CHEpv2012,CHE,Switzerland,2012,pv,1.418336033821106,0.22433581948280334,8.0,98.57820129394531,86.25592041015625,99.52606964111328
SYRpv2012,SYR,Syrian Arab Republic,2012,pv,-2.6822738647460938,0.23303711414337158,6.0,0.4739336371421814,0.0,1.8957345485687256
STPpv2012,STP,São Tomé and Principe,2012,pv,0.013335417956113815,0.2788075804710388,3.0,45.49763107299805,33.649288177490234,61.61137390136719
TWNpv2012,TWN,"Taiwan, China",2012,pv,0.8913847804069519,0.22433581948280334,8.0,73.93364715576172,63.03317642211914,92.89099884033203
TJKpv2012,TJK,Tajikistan,2012,pv,-1.2408597469329834,0.24639824032783508,5.0,12.322275161743164,6.161137580871582,20.379146575927734
TZApv2012,TZA,Tanzania,2012,pv,0.05145429074764252,0.22198432683944702,8.0,47.39336395263672,36.96682357788086,59.715641021728516
THApv2012,THA,Thailand,2012,pv,-1.2166306972503662,0.21966552734375,9.0,13.270142555236816,6.635071277618408,20.379146575927734
TMPpv2012,TMP,Timor-Leste,2012,pv,-0.28483113646507263,0.24639824032783508,5.0,37.440757751464844,23.69668197631836,49.76303482055664
TGOpv2012,TGO,Togo,2012,pv,-0.38645777106285095,0.23303711414337158,6.0,35.54502487182617,21.800947189331055,44.075828552246094
TONpv2012,TON,Tonga,2012,pv,0.8945144414901733,0.2827465236186981,3.0,74.88151550292969,60.1895751953125,96.20853424072266
TTOpv2012,TTO,Trinidad and Tobago,2012,pv,0.104277603328228,0.23522983491420746,6.0,49.76303482055664,37.440757751464844,62.08530807495117
TUNpv2012,TUN,Tunisia,2012,pv,-0.721316933631897,0.22781482338905334,7.0,22.27488136291504,15.639810562133789,36.96682357788086
TKMpv2012,TKM,Turkmenistan,2012,pv,0.42808789014816284,0.24388153851032257,5.0,60.1895751953125,45.49763107299805,72.98577880859375
TUVpv2012,TUV,Tuvalu,2012,pv,1.290351152420044,0.31738489866256714,2.0,94.78672790527344,70.14218139648438,99.52606964111328
TURpv2012,TUR,Türkiye,2012,pv,-1.220531940460205,0.21966552734375,9.0,12.796208381652832,6.635071277618408,20.379146575927734
UGApv2012,UGA,Uganda,2012,pv,-0.8689665198326111,0.22198432683944702,8.0,20.379146575927734,12.322275161743164,29.857820510864258
UKRpv2012,UKR,Ukraine,2012,pv,-0.09227490425109863,0.21966552734375,9.0,41.70616149902344,33.17535400390625,55.924171447753906
AREpv2012,ARE,United Arab Emirates,2012,pv,0.8632514476776123,0.21966552734375,9.0,73.459716796875,62.559242248535156,91.94313049316406
GBRpv2012,GBR,United Kingdom,2012,pv,0.40227073431015015,0.21966552734375,9.0,59.715641021728516,45.97156524658203,70.14218139648438
USApv2012,USA,United States,2012,pv,0.6324421167373657,0.21966552734375,9.0,66.3507080078125,55.924171447753906,81.99052429199219
URYpv2012,URY,Uruguay,2012,pv,0.7091677784919739,0.22198432683944702,8.0,69.66824340820312,57.81990432739258,87.20378875732422
UZBpv2012,UZB,Uzbekistan,2012,pv,-0.5187393426895142,0.23791469633579254,6.0,29.857820510864258,18.957345962524414,40.284358978271484
VUTpv2012,VUT,Vanuatu,2012,pv,1.2017008066177368,0.31738489866256714,2.0,91.94313049316406,69.1943130493164,99.52606964111328
VENpv2012,VEN,"Venezuela, RB",2012,pv,-1.0271326303482056,0.21966552734375,9.0,17.535545349121094,8.056872367858887,24.170616149902344
VNMpv2012,VNM,Viet Nam,2012,pv,0.267358660697937,0.22198432683944702,8.0,55.924171447753906,41.23222732543945,65.87677764892578
VIRpv2012,VIR,Virgin Islands (U.S.),2012,pv,0.6795761585235596,0.3016960024833679,2.0,69.1943130493164,52.1327018737793,90.04739379882812
WBGpv2012,WBG,West Bank and Gaza,2012,pv,-1.956032156944275,0.2544461190700531,4.0,4.265402793884277,1.8957345485687256,7.109004974365234
YEMpv2012,YEM,"Yemen, Rep.",2012,pv,-2.4306631088256836,0.23522983491420746,6.0,1.421800971031189,0.0,2.843601942062378
ZMBpv2012,ZMB,Zambia,2012,pv,0.6609625220298767,0.22198432683944702,8.0,68.24644470214844,56.872039794921875,83.41232299804688
ZWEpv2012,ZWE,Zimbabwe,2012,pv,-0.7786620259284973,0.22198432683944702,8.0,21.800947189331055,14.691943168640137,33.649288177490234
AFGpv2013,AFG,Afghanistan,2013,pv,-2.5193490982055664,0.24574124813079834,6.0,1.421800971031189,0.0,3.317535638809204
ALBpv2013,ALB,Albania,2013,pv,0.09192978590726852,0.22801978886127472,8.0,49.289100646972656,36.492889404296875,62.559242248535156
DZApv2013,DZA,Algeria,2013,pv,-1.2023714780807495,0.23150824010372162,7.0,12.796208381652832,7.582938194274902,19.90521240234375
ASMpv2013,ASM,American Samoa,2013,pv,0.9289857745170593,0.3936893939971924,1.0,76.77725219726562,57.345970153808594,99.52606964111328
ADOpv2013,ADO,Andorra,2013,pv,1.283926010131836,0.3474273681640625,2.0,93.83885955810547,67.77251434326172,99.52606964111328
AGOpv2013,AGO,Angola,2013,pv,-0.3912334740161896,0.23150824010372162,7.0,35.07109069824219,21.327014923095703,45.49763107299805
AIApv2013,AIA,Anguilla,2013,pv,1.5339795351028442,0.32470282912254333,2.0,99.52606964111328,81.99052429199219,100.0
ATGpv2013,ATG,Antigua and Barbuda,2013,pv,0.958863377571106,0.29725292325019836,3.0,79.620849609375,62.559242248535156,98.10426330566406
ARGpv2013,ARG,Argentina,2013,pv,0.06531426310539246,0.22578735649585724,9.0,48.34123229980469,36.492889404296875,61.1374397277832
ARMpv2013,ARM,Armenia,2013,pv,0.11038514226675034,0.23150824010372162,7.0,50.23696517944336,36.492889404296875,63.03317642211914
ABWpv2013,ABW,Aruba,2013,pv,1.3122262954711914,0.2793652415275574,3.0,94.78672790527344,73.459716796875,99.52606964111328
AUSpv2013,AUS,Australia,2013,pv,1.031072974205017,0.22578735649585724,9.0,83.41232299804688,66.82464599609375,98.10426330566406
AUTpv2013,AUT,Austria,2013,pv,1.3641005754470825,0.22578735649585724,9.0,96.20853424072266,81.99052429199219,99.52606964111328
AZEpv2013,AZE,Azerbaijan,2013,pv,-0.4128599166870117,0.23150824010372162,7.0,33.649288177490234,20.379146575927734,45.49763107299805
BHSpv2013,BHS,"Bahamas, The",2013,pv,1.1348246335983276,0.2478664219379425,5.0,90.52132415771484,67.77251434326172,99.52606964111328
BHRpv2013,BHR,Bahrain,2013,pv,-1.3354177474975586,0.23150824010372162,7.0,9.004739761352539,6.161137580871582,18.009479522705078
BGDpv2013,BGD,Bangladesh,2013,pv,-1.6278588771820068,0.22801978886127472,8.0,7.582938194274902,4.265402793884277,10.42654037475586
BRBpv2013,BRB,Barbados,2013,pv,1.2669291496276855,0.25246667861938477,5.0,92.41706085205078,72.51184844970703,99.52606964111328
BLRpv2013,BLR,Belarus,2013,pv,0.0059591662138700485,0.23446649312973022,7.0,46.445499420166016,35.54502487182617,60.1895751953125
BELpv2013,BEL,Belgium,2013,pv,0.9400827288627625,0.22578735649585724,9.0,77.7251205444336,64.92890930175781,94.31279754638672
BLZpv2013,BLZ,Belize,2013,pv,0.17618925869464874,0.2613027095794678,4.0,53.554500579833984,37.440757751464844,65.40284729003906
BENpv2013,BEN,Benin,2013,pv,0.3011893630027771,0.24234171211719513,6.0,58.29383850097656,42.654029846191406,67.77251434326172
BMUpv2013,BMU,Bermuda,2013,pv,0.9703030586242676,0.32470282912254333,2.0,81.04265594482422,61.61137390136719,99.05213165283203
BTNpv2013,BTN,Bhutan,2013,pv,0.7846248745918274,0.25246667861938477,5.0,70.14218139648438,60.1895751953125,91.46919250488281
BOLpv2013,BOL,Bolivia,2013,pv,-0.3285934329032898,0.22801978886127472,8.0,36.492889404296875,23.222749710083008,46.919429779052734
BIHpv2013,BIH,Bosnia and Herzegovina,2013,pv,-0.40494412183761597,0.2383488267660141,7.0,34.12322235107422,20.379146575927734,45.49763107299805
BWApv2013,BWA,Botswana,2013,pv,1.1023470163345337,0.22801978886127472,8.0,88.15165710449219,67.77251434326172,98.57820129394531
BRApv2013,BRA,Brazil,2013,pv,-0.25855329632759094,0.22578735649585724,9.0,36.96682357788086,25.11848258972168,50.23696517944336
BRNpv2013,BRN,Brunei Darussalam,2013,pv,1.0740222930908203,0.2402864396572113,6.0,87.20378875732422,67.77251434326172,98.57820129394531
BGRpv2013,BGR,Bulgaria,2013,pv,0.17071038484573364,0.22578735649585724,9.0,53.080570220947266,38.8625602722168,64.4549789428711
BFApv2013,BFA,Burkina Faso,2013,pv,-0.7633901238441467,0.22801978886127472,8.0,21.800947189331055,14.218009948730469,35.07109069824219
BDIpv2013,BDI,Burundi,2013,pv,-1.3502775430679321,0.24234171211719513,6.0,8.530805587768555,5.21327018737793,18.009479522705078
KHMpv2013,KHM,Cambodia,2013,pv,-0.13643614947795868,0.2383488267660141,7.0,41.70616149902344,27.48815155029297,56.872039794921875
CMRpv2013,CMR,Cameroon,2013,pv,-0.5322372913360596,0.22801978886127472,8.0,27.48815155029297,18.48341178894043,40.75829315185547
CANpv2013,CAN,Canada,2013,pv,1.0614217519760132,0.22578735649585724,9.0,86.7298583984375,67.77251434326172,98.10426330566406
CPVpv2013,CPV,Cape Verde,2013,pv,0.7779998779296875,0.25246667861938477,5.0,69.66824340820312,59.715641021728516,91.46919250488281
CYMpv2013,CYM,Cayman Islands,2013,pv,1.0176153182983398,0.31975963711738586,2.0,82.4644546508789,63.507110595703125,99.52606964111328
CAFpv2013,CAF,Central African Republic,2013,pv,-2.1548967361450195,0.2501242458820343,5.0,3.317535638809204,0.9478672742843628,5.21327018737793
TCDpv2013,TCD,Chad,2013,pv,-1.0894722938537598,0.24234171211719513,6.0,15.639810562133789,7.582938194274902,23.222749710083008
CHLpv2013,CHL,Chile,2013,pv,0.36374253034591675,0.22578735649585724,9.0,59.715641021728516,45.49763107299805,67.77251434326172
CHNpv2013,CHN,China,2013,pv,-0.5437899231910706,0.22578735649585724,9.0,26.540285110473633,18.009479522705078,39.8104248046875
COLpv2013,COL,Colombia,2013,pv,-1.2919718027114868,0.22578735649585724,9.0,10.42654037475586,6.635071277618408,18.009479522705078
COMpv2013,COM,Comoros,2013,pv,-0.2569291889667511,0.29725292325019836,3.0,37.440757751464844,21.800947189331055,55.45023727416992
ZARpv2013,ZAR,"Congo, Dem. Rep.",2013,pv,-2.192190647125244,0.2382643073797226,6.0,2.843601942062378,0.9478672742843628,4.7393364906311035
COGpv2013,COG,"Congo, Rep.",2013,pv,-0.4750501215457916,0.2382643073797226,6.0,29.857820510864258,19.4312801361084,42.654029846191406
CRIpv2013,CRI,Costa Rica,2013,pv,0.677918016910553,0.23150824010372162,7.0,67.77251434326172,57.345970153808594,86.25592041015625
HRVpv2013,HRV,Croatia,2013,pv,0.6426678895950317,0.22578735649585724,9.0,66.3507080078125,56.872039794921875,81.99052429199219
CUBpv2013,CUB,Cuba,2013,pv,0.37056463956832886,0.2382643073797226,6.0,60.1895751953125,45.49763107299805,69.1943130493164
CYPpv2013,CYP,Cyprus,2013,pv,0.5633471608161926,0.23150824010372162,7.0,64.92890930175781,54.50236892700195,77.7251205444336
CZEpv2013,CZE,Czech Republic,2013,pv,1.0847785472869873,0.22578735649585724,9.0,87.67772674560547,67.77251434326172,98.57820129394531
CIVpv2013,CIV,Côte d'Ivoire,2013,pv,-1.0487241744995117,0.22801978886127472,8.0,17.06161117553711,7.582938194274902,23.222749710083008
DNKpv2013,DNK,Denmark,2013,pv,0.9592334628105164,0.22578735649585724,9.0,80.09478759765625,64.92890930175781,94.78672790527344
DJIpv2013,DJI,Djibouti,2013,pv,-0.10218752175569534,0.2613027095794678,4.0,42.654029846191406,27.48815155029297,58.29383850097656
DMApv2013,DMA,Dominica,2013,pv,1.1198562383651733,0.29725292325019836,3.0,89.5734634399414,65.87677764892578,99.52606964111328
DOMpv2013,DOM,Dominican Republic,2013,pv,0.2074286937713623,0.22801978886127472,8.0,54.97630310058594,40.284358978271484,64.92890930175781
ECUpv2013,ECU,Ecuador,2013,pv,-0.1786567121744156,0.22801978886127472,8.0,39.33649444580078,26.06635093688965,54.50236892700195
EGYpv2013,EGY,"Egypt, Arab Rep.",2013,pv,-1.6388309001922607,0.22801978886127472,8.0,7.109004974365234,3.791469097137451,10.42654037475586
SLVpv2013,SLV,El Salvador,2013,pv,-0.03365890309214592,0.22801978886127472,8.0,45.49763107299805,33.649288177490234,59.24170684814453
GNQpv2013,GNQ,Equatorial Guinea,2013,pv,0.12035518139600754,0.2613027095794678,4.0,51.18483352661133,36.492889404296875,64.4549789428711
ERIpv2013,ERI,Eritrea,2013,pv,-0.7723721265792847,0.2613027095794678,4.0,21.327014923095703,12.796208381652832,36.018959045410156
ESTpv2013,EST,Estonia,2013,pv,0.7482154369354248,0.22578735649585724,9.0,68.24644470214844,60.1895751953125,88.62559509277344
SWZpv2013,SWZ,Eswatini,2013,pv,-0.4319111406803131,0.25246667861938477,5.0,32.22748947143555,19.4312801361084,45.49763107299805
ETHpv2013,ETH,Ethiopia,2013,pv,-1.4073073863983154,0.22801978886127472,8.0,8.056872367858887,4.7393364906311035,17.06161117553711
FJIpv2013,FJI,Fiji,2013,pv,-0.05102768912911415,0.29725292325019836,3.0,44.075828552246094,26.540285110473633,61.61137390136719
FINpv2013,FIN,Finland,2013,pv,1.3851724863052368,0.22578735649585724,9.0,97.1563949584961,81.99052429199219,99.52606964111328
FRApv2013,FRA,France,2013,pv,0.44874411821365356,0.22578735649585724,9.0,62.08530807495117,48.81516647338867,71.56398010253906
GUFpv2013,GUF,French Guiana,2013,pv,0.21827712655067444,0.2793652415275574,3.0,55.45023727416992,37.91469192504883,67.29857635498047
GABpv2013,GAB,Gabon,2013,pv,0.33010274171829224,0.23150824010372162,7.0,58.76777267456055,44.075828552246094,67.77251434326172
GMBpv2013,GMB,"Gambia, The",2013,pv,-0.048636406660079956,0.2402864396572113,6.0,44.54976272583008,30.33175277709961,59.24170684814453
GEOpv2013,GEO,Georgia,2013,pv,-0.44136616587638855,0.2383488267660141,7.0,31.279621124267578,19.90521240234375,44.075828552246094
DEUpv2013,DEU,Germany,2013,pv,0.9279838800430298,0.22578735649585724,9.0,76.30331420898438,64.4549789428711,94.31279754638672
GHApv2013,GHA,Ghana,2013,pv,0.060606084764003754,0.22801978886127472,8.0,47.8672981262207,36.492889404296875,61.1374397277832
GRCpv2013,GRC,Greece,2013,pv,-0.17134171724319458,0.22578735649585724,9.0,40.284358978271484,26.540285110473633,54.50236892700195
GRLpv2013,GRL,Greenland,2013,pv,1.9319528341293335,0.36971691250801086,2.0,100.0,94.78672790527344,100.0
GRDpv2013,GRD,Grenada,2013,pv,0.4261743426322937,0.29725292325019836,3.0,61.1374397277832,43.127960205078125,75.35545349121094
GUMpv2013,GUM,Guam,2013,pv,0.798485517501831,0.32470282912254333,2.0,71.09004974365234,56.872039794921875,94.78672790527344
GTMpv2013,GTM,Guatemala,2013,pv,-0.6741562485694885,0.22801978886127472,8.0,23.69668197631836,17.06161117553711,36.492889404296875
GINpv2013,GIN,Guinea,2013,pv,-1.2298517227172852,0.23150824010372162,7.0,11.84834098815918,7.582938194274902,19.4312801361084
GNBpv2013,GNB,Guinea-Bissau,2013,pv,-0.8999276161193848,0.277903288602829,4.0,19.4312801361084,8.056872367858887,30.33175277709961
GUYpv2013,GUY,Guyana,2013,pv,-0.45660674571990967,0.2402864396572113,6.0,30.33175277709961,19.4312801361084,43.127960205078125
HTIpv2013,HTI,Haiti,2013,pv,-0.6310153603553772,0.23150824010372162,7.0,25.11848258972168,17.535545349121094,37.440757751464844
HNDpv2013,HND,Honduras,2013,pv,-0.43861159682273865,0.23150824010372162,7.0,31.753555297851562,19.90521240234375,43.60189437866211
HKGpv2013,HKG,"Hong Kong SAR, China",2013,pv,0.9228683114051819,0.26037687063217163,7.0,75.82938385009766,63.981040954589844,95.26066589355469
HUNpv2013,HUN,Hungary,2013,pv,0.7966461181640625,0.22578735649585724,9.0,70.6161117553711,61.1374397277832,91.46919250488281
ISLpv2013,ISL,Iceland,2013,pv,1.2871336936950684,0.22917284071445465,8.0,94.31279754638672,75.35545349121094,99.52606964111328
INDpv2013,IND,India,2013,pv,-1.2291741371154785,0.22578735649585724,9.0,12.322275161743164,7.582938194274902,19.4312801361084
IDNpv2013,IDN,Indonesia,2013,pv,-0.5192646384239197,0.22578735649585724,9.0,28.436019897460938,19.4312801361084,40.75829315185547
IRNpv2013,IRN,"Iran, Islamic Rep.",2013,pv,-1.249686598777771,0.22801978886127472,8.0,11.374407768249512,7.582938194274902,19.4312801361084
IRQpv2013,IRQ,Iraq,2013,pv,-2.011390447616577,0.2382643073797226,6.0,4.265402793884277,1.421800971031189,7.582938194274902
IRLpv2013,IRL,Ireland,2013,pv,0.9010757207870483,0.22917284071445465,8.0,75.35545349121094,64.4549789428711,92.41706085205078
ISRpv2013,ISR,Israel,2013,pv,-1.1012847423553467,0.22917284071445465,8.0,15.165876388549805,7.582938194274902,22.748815536499023
ITApv2013,ITA,Italy,2013,pv,0.4954991936683655,0.22578735649585724,9.0,63.981040954589844,51.65876770019531,73.459716796875
JAMpv2013,JAM,Jamaica,2013,pv,0.18237437307834625,0.22801978886127472,8.0,54.50236892700195,38.8625602722168,64.4549789428711
JPNpv2013,JPN,Japan,2013,pv,1.0191419124603271,0.22578735649585724,9.0,82.93838500976562,66.82464599609375,97.1563949584961
JEYpv2013,JEY,"Jersey, Channel Islands",2013,pv,1.48505699634552,0.4832004904747009,1.0,99.05213165283203,67.77251434326172,100.0
JORpv2013,JOR,Jordan,2013,pv,-0.6063152551651001,0.22578735649585724,9.0,26.06635093688965,17.535545349121094,37.91469192504883
KAZpv2013,KAZ,Kazakhstan,2013,pv,-0.40247389674186707,0.22578735649585724,9.0,34.5971565246582,20.85308074951172,45.49763107299805
KENpv2013,KEN,Kenya,2013,pv,-1.166930913925171,0.22801978886127472,8.0,13.744075775146484,7.582938194274902,20.379146575927734
KIRpv2013,KIR,Kiribati,2013,pv,1.283926010131836,0.3474273681640625,2.0,93.83885955810547,67.77251434326172,99.52606964111328
PRKpv2013,PRK,"Korea, Dem. Rep.",2013,pv,-0.44155409932136536,0.2478664219379425,5.0,30.805686950683594,19.4312801361084,45.02369689941406
KORpv2013,KOR,"Korea, Rep.",2013,pv,0.27857863903045654,0.22578735649585724,9.0,57.345970153808594,42.654029846191406,66.82464599609375
KSVpv2013,KSV,Kosovo,2013,pv,-0.9661466479301453,0.3306182324886322,3.0,18.009479522705078,7.582938194274902,32.70142364501953
KWTpv2013,KWT,Kuwait,2013,pv,0.1660555899143219,0.23150824010372162,7.0,52.60663604736328,38.38862609863281,64.4549789428711
KGZpv2013,KGZ,Kyrgyz Republic,2013,pv,-0.9117738008499146,0.2479615956544876,6.0,18.48341178894043,9.478672981262207,28.436019897460938
LAOpv2013,LAO,Lao PDR,2013,pv,0.06744389981031418,0.24234171211719513,6.0,48.81516647338867,36.018959045410156,62.559242248535156
LVApv2013,LVA,Latvia,2013,pv,0.5936352610588074,0.22917284071445465,8.0,65.40284729003906,54.97630310058594,80.56871795654297
LBNpv2013,LBN,Lebanon,2013,pv,-1.6903533935546875,0.22801978886127472,8.0,6.635071277618408,3.791469097137451,9.478672981262207
LSOpv2013,LSO,Lesotho,2013,pv,0.33807429671287537,0.25246667861938477,5.0,59.24170684814453,42.654029846191406,68.72038269042969
LBRpv2013,LBR,Liberia,2013,pv,-0.47550708055496216,0.22801978886127472,8.0,29.383886337280273,19.4312801361084,42.654029846191406
LBYpv2013,LBY,Libya,2013,pv,-1.8440765142440796,0.23150824010372162,7.0,4.7393364906311035,1.8957345485687256,7.582938194274902
LIEpv2013,LIE,Liechtenstein,2013,pv,1.3971716165542603,0.2934463918209076,3.0,97.63033294677734,75.35545349121094,99.52606964111328
LTUpv2013,LTU,Lithuania,2013,pv,0.9645323157310486,0.22917284071445465,8.0,80.56871795654297,64.92890930175781,95.26066589355469
LUXpv2013,LUX,Luxembourg,2013,pv,1.3352481126785278,0.23767820000648499,7.0,95.26066589355469,78.19905090332031,99.52606964111328
MACpv2013,MAC,"Macao SAR, China",2013,pv,0.7577229142189026,0.31975963711738586,2.0,69.1943130493164,55.45023727416992,92.41706085205078
MDGpv2013,MDG,Madagascar,2013,pv,-0.6599934101104736,0.22801978886127472,8.0,24.644550323486328,17.06161117553711,36.492889404296875
MWIpv2013,MWI,Malawi,2013,pv,-0.2058098018169403,0.23639267683029175,7.0,38.8625602722168,26.06635093688965,54.02843475341797
MYSpv2013,MYS,Malaysia,2013,pv,0.05179159343242645,0.22578735649585724,9.0,47.39336395263672,36.492889404296875,60.1895751953125
MDVpv2013,MDV,Maldives,2013,pv,0.12503737211227417,0.29725292325019836,3.0,51.65876770019531,35.54502487182617,65.40284729003906
MLIpv2013,MLI,Mali,2013,pv,-1.722162127494812,0.23150824010372162,7.0,6.161137580871582,3.317535638809204,8.530805587768555
MLTpv2013,MLT,Malta,2013,pv,1.0427578687667847,0.23150824010372162,7.0,83.8862533569336,66.82464599609375,98.10426330566406
MHLpv2013,MHL,Marshall Islands,2013,pv,1.054114818572998,0.5989776849746704,1.0,85.78199005126953,48.81516647338867,100.0
MTQpv2013,MTQ,Martinique,2013,pv,0.6266679167747498,0.32470282912254333,2.0,65.87677764892578,49.76303482055664,90.9952621459961
MRTpv2013,MRT,Mauritania,2013,pv,-1.0147614479064941,0.24234171211719513,6.0,17.535545349121094,7.582938194274902,25.11848258972168
MUSpv2013,MUS,Mauritius,2013,pv,0.9448017477989197,0.24234171211719513,6.0,78.19905090332031,64.4549789428711,95.26066589355469
MEXpv2013,MEX,Mexico,2013,pv,-0.7142238020896912,0.22578735649585724,9.0,23.222749710083008,15.639810562133789,36.018959045410156
FSMpv2013,FSM,"Micronesia, Fed. Sts.",2013,pv,1.102858543395996,0.29725292325019836,3.0,88.62559509277344,65.40284729003906,99.52606964111328
MDApv2013,MDA,Moldova,2013,pv,0.0008085720473900437,0.23639267683029175,7.0,45.97156524658203,35.07109069824219,60.1895751953125
MCOpv2013,MCO,Monaco,2013,pv,1.056243896484375,0.41451019048690796,2.0,86.25592041015625,60.1895751953125,99.52606964111328
MNGpv2013,MNG,Mongolia,2013,pv,0.49132078886032104,0.22801978886127472,8.0,63.507110595703125,50.710899353027344,73.459716796875
MNEpv2013,MNE,Montenegro,2013,pv,0.5045954585075378,0.25246667861938477,5.0,64.4549789428711,48.81516647338867,75.35545349121094
MARpv2013,MAR,Morocco,2013,pv,-0.49301761388778687,0.22801978886127472,8.0,28.90995216369629,19.4312801361084,41.70616149902344
MOZpv2013,MOZ,Mozambique,2013,pv,-0.2269664704799652,0.23150824010372162,7.0,38.38862609863281,25.592416763305664,52.1327018737793
MMRpv2013,MMR,Myanmar,2013,pv,-1.140372395515442,0.22801978886127472,8.0,14.218009948730469,7.582938194274902,21.327014923095703
NAMpv2013,NAM,Namibia,2013,pv,0.9588099718093872,0.23150824010372162,7.0,78.67298889160156,64.92890930175781,95.26066589355469
NRUpv2013,NRU,Nauru,2013,pv,1.054114818572998,0.5989776849746704,1.0,85.78199005126953,48.81516647338867,100.0
NPLpv2013,NPL,Nepal,2013,pv,-1.1291460990905762,0.2383488267660141,7.0,14.691943168640137,7.582938194274902,21.800947189331055
NLDpv2013,NLD,Netherlands,2013,pv,1.1438153982162476,0.22578735649585724,9.0,90.9952621459961,69.1943130493164,99.05213165283203
ANTpv2013,ANT,Netherlands Antilles (former),2013,pv,0.6764035224914551,0.3936893939971924,1.0,67.29857635498047,46.919429779052734,94.78672790527344
NZLpv2013,NZL,New Zealand,2013,pv,1.4539265632629395,0.22578735649585724,9.0,98.57820129394531,87.20378875732422,99.52606964111328
NICpv2013,NIC,Nicaragua,2013,pv,-0.24921587109565735,0.22801978886127472,8.0,37.91469192504883,25.11848258972168,51.18483352661133
NERpv2013,NER,Niger,2013,pv,-1.321799397468567,0.2382643073797226,6.0,9.478672981262207,6.161137580871582,18.009479522705078
NGApv2013,NGA,Nigeria,2013,pv,-2.0884783267974854,0.22801978886127472,8.0,3.791469097137451,1.421800971031189,6.161137580871582
MKDpv2013,MKD,North Macedonia,2013,pv,-0.4160763919353485,0.2479615956544876,6.0,33.17535400390625,19.90521240234375,45.49763107299805
NORpv2013,NOR,Norway,2013,pv,1.352091908454895,0.22578735649585724,9.0,95.7345962524414,81.51658630371094,99.52606964111328
OMNpv2013,OMN,Oman,2013,pv,0.45953020453453064,0.23150824010372162,7.0,62.559242248535156,48.81516647338867,72.03791809082031
PAKpv2013,PAK,Pakistan,2013,pv,-2.603302001953125,0.22801978886127472,8.0,0.9478672742843628,0.0,1.8957345485687256
PLWpv2013,PLW,Palau,2013,pv,1.054114818572998,0.5989776849746704,1.0,85.78199005126953,48.81516647338867,100.0
PANpv2013,PAN,Panama,2013,pv,-0.14126092195510864,0.22801978886127472,8.0,41.23222732543945,28.436019897460938,55.45023727416992
PNGpv2013,PNG,Papua New Guinea,2013,pv,-0.5202468633651733,0.2478664219379425,5.0,27.962085723876953,18.009479522705078,41.70616149902344
PRYpv2013,PRY,Paraguay,2013,pv,-0.735861599445343,0.23150824010372162,7.0,22.748815536499023,14.691943168640137,35.54502487182617
PERpv2013,PER,Peru,2013,pv,-0.8057397603988647,0.22578735649585724,9.0,20.379146575927734,13.270142555236816,31.753555297851562
PHLpv2013,PHL,Philippines,2013,pv,-1.084253191947937,0.22578735649585724,9.0,16.113744735717773,7.582938194274902,23.222749710083008
POLpv2013,POL,Poland,2013,pv,0.9733549952507019,0.22578735649585724,9.0,81.51658630371094,65.40284729003906,95.26066589355469
PRTpv2013,PRT,Portugal,2013,pv,0.7487634420394897,0.22578735649585724,9.0,68.72038269042969,60.1895751953125,88.62559509277344
PRIpv2013,PRI,Puerto Rico,2013,pv,0.2491558939218521,0.2686440944671631,4.0,56.39810562133789,38.8625602722168,67.77251434326172
QATpv2013,QAT,Qatar,2013,pv,1.212546467781067,0.22917284071445465,8.0,91.94313049316406,72.03791809082031,99.52606964111328
ROMpv2013,ROM,Romania,2013,pv,0.1791330724954605,0.22578735649585724,9.0,54.02843475341797,38.8625602722168,64.4549789428711
RUSpv2013,RUS,Russian Federation,2013,pv,-0.7360936403274536,0.22578735649585724,9.0,22.27488136291504,14.691943168640137,35.54502487182617
RWApv2013,RWA,Rwanda,2013,pv,-0.11095161736011505,0.24234171211719513,6.0,42.18009567260742,28.436019897460938,57.345970153808594
REUpv2013,REU,Réunion,2013,pv,0.42382124066352844,0.3936893939971924,1.0,60.66350555419922,38.38862609863281,86.7298583984375
WSMpv2013,WSM,Samoa,2013,pv,0.9890078902244568,0.29725292325019836,3.0,81.99052429199219,63.981040954589844,98.57820129394531
SMRpv2013,SMR,San Marino,2013,pv,1.054114818572998,0.5989776849746704,1.0,85.78199005126953,48.81516647338867,100.0
SAUpv2013,SAU,Saudi Arabia,2013,pv,-0.43178412318229675,0.23150824010372162,7.0,32.70142364501953,19.90521240234375,43.60189437866211
SENpv2013,SEN,Senegal,2013,pv,-0.06072283536195755,0.22801978886127472,8.0,43.60189437866211,31.753555297851562,58.29383850097656
SRBpv2013,SRB,Serbia,2013,pv,-0.07563809305429459,0.22801978886127472,8.0,43.127960205078125,30.33175277709961,57.345970153808594
SYCpv2013,SYC,Seychelles,2013,pv,0.8255889415740967,0.25246667861938477,5.0,72.03791809082031,60.1895751953125,91.94313049316406
SLEpv2013,SLE,Sierra Leone,2013,pv,-0.17471827566623688,0.22801978886127472,8.0,39.8104248046875,26.06635093688965,54.50236892700195
SGPpv2013,SGP,Singapore,2013,pv,1.378178358078003,0.22578735649585724,9.0,96.68246459960938,81.99052429199219,99.52606964111328
SVKpv2013,SVK,Slovak Republic,2013,pv,1.1195181608200073,0.22917284071445465,8.0,89.09952545166016,67.77251434326172,99.05213165283203
SVNpv2013,SVN,Slovenia,2013,pv,0.8822516798973083,0.22578735649585724,9.0,74.40758514404297,64.4549789428711,91.94313049316406
SLBpv2013,SLB,Solomon Islands,2013,pv,0.30038270354270935,0.3474273681640625,2.0,57.81990432739258,36.492889404296875,73.459716796875
SOMpv2013,SOM,Somalia,2013,pv,-2.7586865425109863,0.2382643073797226,6.0,0.0,0.0,1.8957345485687256
ZAFpv2013,ZAF,South Africa,2013,pv,-0.04629453644156456,0.22578735649585724,9.0,45.02369689941406,32.70142364501953,58.29383850097656
SSDpv2013,SSD,South Sudan,2013,pv,-1.7303286790847778,0.37375858426094055,3.0,5.687203884124756,1.8957345485687256,14.691943168640137
ESPpv2013,ESP,Spain,2013,pv,0.012017759494483471,0.22578735649585724,9.0,46.919429779052734,35.54502487182617,60.1895751953125
LKApv2013,LKA,Sri Lanka,2013,pv,-0.6128954291343689,0.22801978886127472,8.0,25.592416763305664,17.535545349121094,37.91469192504883
KNApv2013,KNA,St. Kitts and Nevis,2013,pv,0.958863377571106,0.29725292325019836,3.0,79.620849609375,62.559242248535156,98.10426330566406
LCApv2013,LCA,St. Lucia,2013,pv,0.85335773229599,0.29725292325019836,3.0,73.459716796875,59.715641021728516,95.26066589355469
VCTpv2013,VCT,St. Vincent and the Grenadines,2013,pv,0.85335773229599,0.29725292325019836,3.0,73.459716796875,59.715641021728516,95.26066589355469
SDNpv2013,SDN,Sudan,2013,pv,-2.193009614944458,0.2382643073797226,6.0,2.3696682453155518,0.9478672742843628,4.7393364906311035
SURpv2013,SUR,Suriname,2013,pv,0.13277922570705414,0.2402864396572113,6.0,52.1327018737793,36.492889404296875,64.4549789428711
SWEpv2013,SWE,Sweden,2013,pv,1.1277780532836914,0.22578735649585724,9.0,90.04739379882812,68.72038269042969,99.05213165283203
CHEpv2013,CHE,Switzerland,2013,pv,1.4011402130126953,0.22917284071445465,8.0,98.10426330566406,82.93838500976562,99.52606964111328
SYRpv2013,SYR,Syrian Arab Republic,2013,pv,-2.681142807006836,0.2382643073797226,6.0,0.4739336371421814,0.0,1.8957345485687256
STPpv2013,STP,São Tomé and Principe,2013,pv,0.11184072494506836,0.2934463918209076,3.0,50.710899353027344,35.54502487182617,64.92890930175781
TWNpv2013,TWN,"Taiwan, China",2013,pv,0.8731343150138855,0.22917284071445465,8.0,73.93364715576172,63.981040954589844,91.94313049316406
TJKpv2013,TJK,Tajikistan,2013,pv,-1.1823740005493164,0.2613027095794678,4.0,13.270142555236816,7.582938194274902,21.800947189331055
TZApv2013,TZA,Tanzania,2013,pv,-0.16212084889411926,0.22801978886127472,8.0,40.75829315185547,27.014217376708984,54.97630310058594
THApv2013,THA,Thailand,2013,pv,-1.3116827011108398,0.22578735649585724,9.0,9.952606201171875,6.635071277618408,18.009479522705078
TMPpv2013,TMP,Timor-Leste,2013,pv,-0.38468024134635925,0.25246667861938477,5.0,35.54502487182617,20.379146575927734,46.919429779052734
TGOpv2013,TGO,Togo,2013,pv,-0.3537108302116394,0.2382643073797226,6.0,36.018959045410156,21.800947189331055,46.919429779052734
TONpv2013,TON,Tonga,2013,pv,0.9354463815689087,0.29725292325019836,3.0,77.25118255615234,61.61137390136719,98.10426330566406
TTOpv2013,TTO,Trinidad and Tobago,2013,pv,0.09368609637022018,0.2402864396572113,6.0,49.76303482055664,36.492889404296875,63.03317642211914
TUNpv2013,TUN,Tunisia,2013,pv,-0.9025632739067078,0.22801978886127472,8.0,18.957345962524414,10.42654037475586,27.48815155029297
TKMpv2013,TKM,Turkmenistan,2013,pv,0.24909549951553345,0.2501242458820343,5.0,55.924171447753906,40.75829315185547,66.82464599609375
TUVpv2013,TUV,Tuvalu,2013,pv,1.283926010131836,0.3474273681640625,2.0,93.83885955810547,67.77251434326172,99.52606964111328
TURpv2013,TUR,Türkiye,2013,pv,-1.2499325275421143,0.22578735649585724,9.0,10.900473594665527,7.582938194274902,19.4312801361084
UGApv2013,UGA,Uganda,2013,pv,-0.8386906385421753,0.22801978886127472,8.0,19.90521240234375,12.322275161743164,29.857820510864258
UKRpv2013,UKR,Ukraine,2013,pv,-0.7772849798202515,0.22578735649585724,9.0,20.85308074951172,13.744075775146484,33.649288177490234
AREpv2013,ARE,United Arab Emirates,2013,pv,0.8947921991348267,0.22578735649585724,9.0,74.88151550292969,64.4549789428711,91.94313049316406
GBRpv2013,GBR,United Kingdom,2013,pv,0.4862014353275299,0.22578735649585724,9.0,63.03317642211914,50.710899353027344,73.459716796875
USApv2013,USA,United States,2013,pv,0.6430726051330566,0.22578735649585724,9.0,66.82464599609375,56.872039794921875,81.99052429199219
URYpv2013,URY,Uruguay,2013,pv,0.8047382235527039,0.22801978886127472,8.0,71.56398010253906,61.1374397277832,91.46919250488281
UZBpv2013,UZB,Uzbekistan,2013,pv,-0.5360789895057678,0.24574124813079834,6.0,27.014217376708984,18.009479522705078,41.70616149902344
VUTpv2013,VUT,Vanuatu,2013,pv,1.1603866815567017,0.3474273681640625,2.0,91.46919250488281,64.92890930175781,99.52606964111328
VENpv2013,VEN,"Venezuela, RB",2013,pv,-1.0776324272155762,0.22578735649585724,9.0,16.587677001953125,7.582938194274902,23.222749710083008
VNMpv2013,VNM,Viet Nam,2013,pv,0.25057727098464966,0.22801978886127472,8.0,56.872039794921875,41.70616149902344,65.40284729003906
VIRpv2013,VIR,Virgin Islands (U.S.),2013,pv,0.8467091917991638,0.32470282912254333,2.0,72.51184844970703,58.29383850097656,96.68246459960938
WBGpv2013,WBG,West Bank and Gaza,2013,pv,-1.7788234949111938,0.2613027095794678,4.0,5.21327018737793,1.8957345485687256,8.056872367858887
YEMpv2013,YEM,"Yemen, Rep.",2013,pv,-2.3748281002044678,0.2402864396572113,6.0,1.8957345485687256,0.0,4.265402793884277
ZMBpv2013,ZMB,Zambia,2013,pv,0.43593329191207886,0.22801978886127472,8.0,61.61137390136719,47.8672981262207,71.56398010253906
ZWEpv2013,ZWE,Zimbabwe,2013,pv,-0.6659497618675232,0.22801978886127472,8.0,24.170616149902344,17.06161117553711,36.492889404296875
AFGpv2014,AFG,Afghanistan,2014,pv,-2.4110684394836426,0.20889461040496826,6.0,2.857142925262451,0.0,5.238095283508301
ALBpv2014,ALB,Albania,2014,pv,0.48598623275756836,0.1963861882686615,8.0,61.42856979370117,52.380950927734375,74.28571319580078
DZApv2014,DZA,Algeria,2014,pv,-1.1905351877212524,0.20011305809020996,7.0,9.523809432983398,8.095237731933594,17.14285659790039
ASMpv2014,ASM,American Samoa,2014,pv,1.0806834697723389,0.2914740741252899,1.0,89.04762268066406,66.19047546386719,99.52381134033203
ADOpv2014,ADO,Andorra,2014,pv,1.2865933179855347,0.2914740741252899,1.0,96.66666412353516,74.28571319580078,99.52381134033203
AGOpv2014,AGO,Angola,2014,pv,-0.333232045173645,0.20011305809020996,7.0,32.85714340209961,23.33333396911621,45.71428680419922
AIApv2014,AIA,Anguilla,2014,pv,1.164254903793335,0.2599389851093292,2.0,91.9047622680664,70.0,99.52381134033203
ATGpv2014,ATG,Antigua and Barbuda,2014,pv,0.9845507144927979,0.2380577176809311,3.0,81.42857360839844,65.71428680419922,97.14286041259766
ARGpv2014,ARG,Argentina,2014,pv,-0.005121871363371611,0.1922474056482315,9.0,45.71428680419922,34.761905670166016,58.095237731933594
ARMpv2014,ARM,Armenia,2014,pv,-0.2971358001232147,0.20011305809020996,7.0,35.71428680419922,24.285715103149414,47.14285659790039
ABWpv2014,ABW,Aruba,2014,pv,1.1645678281784058,0.23565062880516052,3.0,92.38095092773438,72.38095092773438,99.52381134033203
AUSpv2014,AUS,Australia,2014,pv,1.0321919918060303,0.1922474056482315,9.0,85.23809814453125,69.52381134033203,97.14286041259766
AUTpv2014,AUT,Austria,2014,pv,1.270700454711914,0.1922474056482315,9.0,95.23809814453125,78.57142639160156,99.52381134033203
AZEpv2014,AZE,Azerbaijan,2014,pv,-0.5599095225334167,0.20011305809020996,7.0,26.190475463867188,16.66666603088379,36.66666793823242
BHSpv2014,BHS,"Bahamas, The",2014,pv,0.9564701318740845,0.21057026088237762,5.0,79.04762268066406,66.66666412353516,97.14286041259766
BHRpv2014,BHR,Bahrain,2014,pv,-0.9074748754501343,0.20011305809020996,7.0,15.714285850524902,9.047618865966797,25.714284896850586
BGDpv2014,BGD,Bangladesh,2014,pv,-0.8955631852149963,0.1963861882686615,8.0,16.66666603088379,9.047618865966797,25.714284896850586
BRBpv2014,BRB,Barbados,2014,pv,1.277919888496399,0.21239937841892242,5.0,95.71428680419922,78.0952377319336,99.52381134033203
BLRpv2014,BLR,Belarus,2014,pv,0.17978215217590332,0.20155461132526398,7.0,52.85714340209961,39.52381134033203,62.380950927734375
BELpv2014,BEL,Belgium,2014,pv,0.7012694478034973,0.1922474056482315,9.0,69.52381134033203,59.0476188659668,84.28571319580078
BLZpv2014,BLZ,Belize,2014,pv,0.048583075404167175,0.21412543952465057,5.0,48.095237731933594,35.238094329833984,59.0476188659668
BENpv2014,BEN,Benin,2014,pv,0.027139762416481972,0.21339690685272217,5.0,47.14285659790039,34.28571319580078,59.0476188659668
BMUpv2014,BMU,Bermuda,2014,pv,0.9138978123664856,0.2599389851093292,2.0,77.61904907226562,61.904762268066406,97.14286041259766
BTNpv2014,BTN,Bhutan,2014,pv,1.0680385828018188,0.21239937841892242,5.0,88.57142639160156,69.52381134033203,98.0952377319336
BOLpv2014,BOL,Bolivia,2014,pv,-0.33311209082603455,0.1963861882686615,8.0,33.33333206176758,23.809524536132812,45.238094329833984
BIHpv2014,BIH,Bosnia and Herzegovina,2014,pv,-0.01917904242873192,0.20889461040496826,6.0,44.761905670166016,30.4761905670166,58.095237731933594
BWApv2014,BWA,Botswana,2014,pv,1.0118471384048462,0.1963861882686615,8.0,84.28571319580078,69.04762268066406,97.14286041259766
BRApv2014,BRA,Brazil,2014,pv,-0.07029013335704803,0.1922474056482315,9.0,42.85714340209961,30.0,55.238094329833984
BRNpv2014,BRN,Brunei Darussalam,2014,pv,1.2615070343017578,0.21057026088237762,5.0,94.76190185546875,77.61904907226562,99.52381134033203
BGRpv2014,BGR,Bulgaria,2014,pv,0.07854089885950089,0.1922474056482315,9.0,49.52381134033203,36.66666793823242,59.0476188659668
BFApv2014,BFA,Burkina Faso,2014,pv,-0.7871285676956177,0.1963861882686615,8.0,20.0,10.952381134033203,29.047618865966797
BDIpv2014,BDI,Burundi,2014,pv,-0.7844071388244629,0.20729105174541473,6.0,20.4761905670166,10.476190567016602,29.5238094329834
KHMpv2014,KHM,Cambodia,2014,pv,0.023174801841378212,0.2031569480895996,7.0,46.19047546386719,35.238094329833984,58.57143020629883
CMRpv2014,CMR,Cameroon,2014,pv,-1.059252381324768,0.1963861882686615,8.0,12.380952835083008,8.095237731933594,20.952381134033203
CANpv2014,CAN,Canada,2014,pv,1.1755038499832153,0.1922474056482315,9.0,92.85713958740234,76.66666412353516,99.52381134033203
CPVpv2014,CPV,Cape Verde,2014,pv,0.35077914595603943,0.22750434279441833,4.0,58.57143020629883,44.28571319580078,69.52381134033203
CYMpv2014,CYM,Cayman Islands,2014,pv,1.0463472604751587,0.25838255882263184,2.0,86.66666412353516,67.14286041259766,99.52381134033203
CAFpv2014,CAF,Central African Republic,2014,pv,-2.699193239212036,0.21339690685272217,5.0,0.4761904776096344,0.0,4.285714149475098
TCDpv2014,TCD,Chad,2014,pv,-1.568882703781128,0.20729105174541473,6.0,8.095237731933594,6.190476417541504,9.047618865966797
CHLpv2014,CHL,Chile,2014,pv,0.44751691818237305,0.1922474056482315,9.0,60.0,50.47618865966797,70.95237731933594
CHNpv2014,CHN,China,2014,pv,-0.5225840210914612,0.1922474056482315,9.0,28.571428298950195,18.571428298950195,36.66666793823242
COLpv2014,COL,Colombia,2014,pv,-1.1145941019058228,0.1922474056482315,9.0,10.952381134033203,8.095237731933594,19.5238094329834
COMpv2014,COM,Comoros,2014,pv,-0.18691016733646393,0.2380577176809311,3.0,37.619049072265625,25.714284896850586,53.80952453613281
ZARpv2014,ZAR,"Congo, Dem. Rep.",2014,pv,-2.167921304702759,0.20558971166610718,6.0,4.761904716491699,1.9047619104385376,6.190476417541504
COGpv2014,COG,"Congo, Rep.",2014,pv,-0.35929158329963684,0.20558971166610718,6.0,30.952381134033203,22.85714340209961,44.28571319580078
CRIpv2014,CRI,Costa Rica,2014,pv,0.5774182081222534,0.1963861882686615,8.0,65.23809814453125,56.19047546386719,76.66666412353516
HRVpv2014,HRV,Croatia,2014,pv,0.6191123723983765,0.1922474056482315,9.0,67.14286041259766,58.095237731933594,78.0952377319336
CUBpv2014,CUB,Cuba,2014,pv,0.5448220372200012,0.20558971166610718,6.0,63.33333206176758,53.80952453613281,76.66666412353516
CYPpv2014,CYP,Cyprus,2014,pv,0.5518820881843567,0.20011305809020996,7.0,63.80952453613281,54.761905670166016,76.66666412353516
CZEpv2014,CZE,Czech Republic,2014,pv,0.9899904727935791,0.1922474056482315,9.0,83.33333587646484,68.57142639160156,97.14286041259766
CIVpv2014,CIV,Côte d'Ivoire,2014,pv,-1.0371606349945068,0.1963861882686615,8.0,13.333333015441895,8.095237731933594,21.428571701049805
DNKpv2014,DNK,Denmark,2014,pv,0.9517797231674194,0.1922474056482315,9.0,78.57142639160156,67.61904907226562,94.76190185546875
DJIpv2014,DJI,Djibouti,2014,pv,-0.7702322602272034,0.2189825028181076,4.0,20.952381134033203,10.476190567016602,30.0
DMApv2014,DMA,Dominica,2014,pv,1.0571781396865845,0.2380577176809311,3.0,87.61904907226562,67.61904907226562,98.0952377319336
DOMpv2014,DOM,Dominican Republic,2014,pv,0.14593449234962463,0.1963861882686615,8.0,50.9523811340332,38.095237731933594,60.47618865966797
ECUpv2014,ECU,Ecuador,2014,pv,-0.018533209338784218,0.20155461132526398,7.0,45.238094329833984,30.952381134033203,58.095237731933594
EGYpv2014,EGY,"Egypt, Arab Rep.",2014,pv,-1.6311765909194946,0.1963861882686615,8.0,7.61904764175415,6.190476417541504,8.571428298950195
SLVpv2014,SLV,El Salvador,2014,pv,-0.024590004235506058,0.1963861882686615,8.0,43.80952453613281,30.952381134033203,57.619049072265625
GNQpv2014,GNQ,Equatorial Guinea,2014,pv,-0.37414655089378357,0.2189825028181076,4.0,30.4761905670166,20.952381134033203,45.238094329833984
ERIpv2014,ERI,Eritrea,2014,pv,-0.8058726191520691,0.2189825028181076,4.0,19.047618865966797,10.0,29.047618865966797
ESTpv2014,EST,Estonia,2014,pv,0.7802578806877136,0.1922474056482315,9.0,72.85713958740234,60.47618865966797,89.04762268066406
SWZpv2014,SWZ,Eswatini,2014,pv,-0.5005597472190857,0.21239937841892242,5.0,29.047618865966797,18.571428298950195,39.0476188659668
ETHpv2014,ETH,Ethiopia,2014,pv,-1.3393874168395996,0.1963861882686615,8.0,8.571428298950195,7.142857074737549,13.333333015441895
FJIpv2014,FJI,Fiji,2014,pv,0.5531646013259888,0.2380577176809311,3.0,64.28571319580078,52.380950927734375,78.0952377319336
FINpv2014,FIN,Finland,2014,pv,1.2821972370147705,0.1922474056482315,9.0,96.19047546386719,79.52381134033203,99.52381134033203
FRApv2014,FRA,France,2014,pv,0.30056849122047424,0.1922474056482315,9.0,58.095237731933594,45.238094329833984,66.66666412353516
GUFpv2014,GUF,French Guiana,2014,pv,0.5276340246200562,0.23565062880516052,3.0,62.85714340209961,50.47618865966797,77.61904907226562
GABpv2014,GAB,Gabon,2014,pv,0.14954280853271484,0.20011305809020996,7.0,51.904762268066406,38.095237731933594,60.9523811340332
GMBpv2014,GMB,"Gambia, The",2014,pv,-0.15140071511268616,0.20469726622104645,6.0,39.52381134033203,29.047618865966797,53.80952453613281
GEOpv2014,GEO,Georgia,2014,pv,-0.3215075433254242,0.2031569480895996,7.0,34.761905670166016,23.809524536132812,45.71428680419922
DEUpv2014,DEU,Germany,2014,pv,0.9251864552497864,0.1922474056482315,9.0,78.0952377319336,66.66666412353516,93.80952453613281
GHApv2014,GHA,Ghana,2014,pv,-0.10680796205997467,0.1963861882686615,8.0,41.42856979370117,29.5238094329834,54.28571319580078
GRCpv2014,GRC,Greece,2014,pv,-0.14044596254825592,0.1922474056482315,9.0,40.47618865966797,29.047618865966797,52.380950927734375
GRLpv2014,GRL,Greenland,2014,pv,1.9245411157608032,0.37238046526908875,2.0,100.0,97.14286041259766,100.0
GRDpv2014,GRD,Grenada,2014,pv,0.7745688557624817,0.2380577176809311,3.0,72.38095092773438,59.0476188659668,92.38095092773438
GUMpv2014,GUM,Guam,2014,pv,0.7501332759857178,0.2599389851093292,2.0,70.95237731933594,58.095237731933594,92.85713958740234
GTMpv2014,GTM,Guatemala,2014,pv,-0.6555635333061218,0.1963861882686615,8.0,23.809524536132812,13.809523582458496,32.380950927734375
GINpv2014,GIN,Guinea,2014,pv,-0.9552427530288696,0.20011305809020996,7.0,14.285714149475098,8.571428298950195,24.285715103149414
GNBpv2014,GNB,Guinea-Bissau,2014,pv,-0.7064516544342041,0.2273605912923813,4.0,22.85714340209961,11.904762268066406,32.380950927734375
GUYpv2014,GUY,Guyana,2014,pv,-0.13609759509563446,0.20469726622104645,6.0,40.9523811340332,29.047618865966797,53.80952453613281
HTIpv2014,HTI,Haiti,2014,pv,-0.6436272859573364,0.20011305809020996,7.0,24.285715103149414,13.809523582458496,34.761905670166016
HNDpv2014,HND,Honduras,2014,pv,-0.5340839624404907,0.1963861882686615,8.0,28.095237731933594,17.14285659790039,36.66666793823242
HKGpv2014,HKG,"Hong Kong SAR, China",2014,pv,1.153228521347046,0.21727818250656128,7.0,90.95237731933594,73.33333587646484,99.52381134033203
HUNpv2014,HUN,Hungary,2014,pv,0.6699048280715942,0.1922474056482315,9.0,68.57142639160156,58.57143020629883,81.42857360839844
ISLpv2014,ISL,Iceland,2014,pv,1.2469745874404907,0.19573941826820374,8.0,94.28571319580078,78.0952377319336,99.52381134033203
INDpv2014,IND,India,2014,pv,-0.9979119896888733,0.1922474056482315,9.0,13.809523582458496,8.571428298950195,23.33333396911621
IDNpv2014,IDN,Indonesia,2014,pv,-0.4168240427970886,0.1922474056482315,9.0,30.0,20.952381134033203,41.904762268066406
IRNpv2014,IRN,"Iran, Islamic Rep.",2014,pv,-0.8749876618385315,0.1963861882686615,8.0,17.14285659790039,9.047618865966797,26.66666603088379
IRQpv2014,IRQ,Iraq,2014,pv,-2.4803378582000732,0.20558971166610718,6.0,2.3809523582458496,0.0,4.761904716491699
IRLpv2014,IRL,Ireland,2014,pv,1.0529911518096924,0.19573941826820374,8.0,87.14286041259766,69.52381134033203,97.14286041259766
ISRpv2014,ISR,Israel,2014,pv,-1.0397353172302246,0.19573941826820374,8.0,12.857142448425293,8.095237731933594,21.428571701049805
ITApv2014,ITA,Italy,2014,pv,0.45816540718078613,0.1922474056482315,9.0,60.47618865966797,50.47618865966797,71.9047622680664
JAMpv2014,JAM,Jamaica,2014,pv,0.024492532014846802,0.1963861882686615,8.0,46.66666793823242,35.238094329833984,58.095237731933594
JPNpv2014,JPN,Japan,2014,pv,0.9685973525047302,0.1922474056482315,9.0,80.0,67.61904907226562,96.19047546386719
JEYpv2014,JEY,"Jersey, Channel Islands",2014,pv,1.4649524688720703,0.4889811873435974,1.0,99.04762268066406,67.61904907226562,100.0
JORpv2014,JOR,Jordan,2014,pv,-0.540025532245636,0.1922474056482315,9.0,27.619047164916992,17.14285659790039,36.66666793823242
KAZpv2014,KAZ,Kazakhstan,2014,pv,0.03601815551519394,0.1922474056482315,9.0,47.619049072265625,36.19047546386719,58.57143020629883
KENpv2014,KEN,Kenya,2014,pv,-1.2822471857070923,0.1963861882686615,8.0,9.047618865966797,7.61904764175415,13.809523582458496
KIRpv2014,KIR,Kiribati,2014,pv,0.801865816116333,0.26156550645828247,2.0,73.80952453613281,59.0476188659668,93.80952453613281
PRKpv2014,PRK,"Korea, Dem. Rep.",2014,pv,-1.134743332862854,0.21057026088237762,5.0,10.476190567016602,8.095237731933594,19.5238094329834
KORpv2014,KOR,"Korea, Rep.",2014,pv,0.10856880247592926,0.1922474056482315,9.0,50.47618865966797,36.66666793823242,59.52381134033203
KSVpv2014,KSV,Kosovo,2014,pv,-0.3407745361328125,0.2189825028181076,4.0,31.428571701049805,22.85714340209961,45.71428680419922
KWTpv2014,KWT,Kuwait,2014,pv,0.14900654554367065,0.20011305809020996,7.0,51.42856979370117,38.095237731933594,60.9523811340332
KGZpv2014,KGZ,Kyrgyz Republic,2014,pv,-0.8046156764030457,0.2079586237668991,6.0,19.5238094329834,10.0,29.047618865966797
LAOpv2014,LAO,Lao PDR,2014,pv,0.49869298934936523,0.20729105174541473,6.0,62.380950927734375,52.380950927734375,75.71428680419922
LVApv2014,LVA,Latvia,2014,pv,0.4872683584690094,0.19573941826820374,8.0,61.904762268066406,52.380950927734375,74.28571319580078
LBNpv2014,LBN,Lebanon,2014,pv,-1.6979413032531738,0.1963861882686615,8.0,7.142857074737549,5.714285850524902,8.095237731933594
LSOpv2014,LSO,Lesotho,2014,pv,-0.33281204104423523,0.21239937841892242,5.0,33.80952453613281,23.33333396911621,45.71428680419922
LBRpv2014,LBR,Liberia,2014,pv,-0.6154496073722839,0.20155461132526398,7.0,24.761905670166016,14.285714149475098,36.19047546386719
LBYpv2014,LBY,Libya,2014,pv,-2.353407144546509,0.20011305809020996,7.0,4.285714149475098,0.4761904776096344,5.238095283508301
LIEpv2014,LIE,Liechtenstein,2014,pv,1.4588618278503418,0.236860454082489,3.0,98.57142639160156,88.57142639160156,99.52381134033203
LTUpv2014,LTU,Lithuania,2014,pv,0.7421364188194275,0.19573941826820374,8.0,70.47618865966797,59.52381134033203,87.61904907226562
LUXpv2014,LUX,Luxembourg,2014,pv,1.3783237934112549,0.20002315938472748,7.0,97.61904907226562,86.66666412353516,99.52381134033203
MACpv2014,MAC,"Macao SAR, China",2014,pv,1.206168532371521,0.25838255882263184,2.0,93.80952453613281,72.85713958740234,99.52381134033203
MDGpv2014,MDG,Madagascar,2014,pv,-0.557235836982727,0.1963861882686615,8.0,26.66666603088379,16.66666603088379,36.66666793823242
MWIpv2014,MWI,Malawi,2014,pv,0.0810932070016861,0.20071347057819366,7.0,50.0,36.66666793823242,59.0476188659668
MYSpv2014,MYS,Malaysia,2014,pv,0.26661914587020874,0.1922474056482315,9.0,57.619049072265625,42.85714340209961,65.23809814453125
MDVpv2014,MDV,Maldives,2014,pv,0.6790961623191833,0.2380577176809311,3.0,69.04762268066406,57.619049072265625,88.57142639160156
MLIpv2014,MLI,Mali,2014,pv,-1.7139887809753418,0.20011305809020996,7.0,6.666666507720947,5.238095283508301,8.095237731933594
MLTpv2014,MLT,Malta,2014,pv,1.1254969835281372,0.20011305809020996,7.0,90.47618865966797,73.33333587646484,98.0952377319336
MHLpv2014,MHL,Marshall Islands,2014,pv,0.9895857572555542,0.511646032333374,1.0,82.85713958740234,51.904762268066406,99.52381134033203
MTQpv2014,MTQ,Martinique,2014,pv,0.9138978123664856,0.2599389851093292,2.0,77.61904907226562,61.904762268066406,97.14286041259766
MRTpv2014,MRT,Mauritania,2014,pv,-0.5895083546638489,0.20729105174541473,6.0,25.714284896850586,15.2380952835083,36.66666793823242
MUSpv2014,MUS,Mauritius,2014,pv,0.6679659485816956,0.20729105174541473,6.0,68.0952377319336,58.095237731933594,83.80952453613281
MEXpv2014,MEX,Mexico,2014,pv,-0.8539187908172607,0.1922474056482315,9.0,17.619047164916992,10.0,27.619047164916992
FSMpv2014,FSM,"Micronesia, Fed. Sts.",2014,pv,0.9845507144927979,0.2380577176809311,3.0,81.42857360839844,65.71428680419922,97.14286041259766
MDApv2014,MDA,Moldova,2014,pv,-0.15898776054382324,0.20071347057819366,7.0,39.0476188659668,29.047618865966797,52.380950927734375
MCOpv2014,MCO,Monaco,2014,pv,1.0233478546142578,0.3821031451225281,2.0,84.76190185546875,59.0476188659668,99.52381134033203
MNGpv2014,MNG,Mongolia,2014,pv,0.791901171207428,0.1963861882686615,8.0,73.33333587646484,60.47618865966797,89.04762268066406
MNEpv2014,MNE,Montenegro,2014,pv,0.2194552719593048,0.21239937841892242,5.0,54.761905670166016,40.9523811340332,64.28571319580078
MARpv2014,MAR,Morocco,2014,pv,-0.4462656080722809,0.1963861882686615,8.0,29.5238094329834,20.952381134033203,40.9523811340332
MOZpv2014,MOZ,Mozambique,2014,pv,-0.33600273728370667,0.20011305809020996,7.0,32.380950927734375,23.33333396911621,45.238094329833984
MMRpv2014,MMR,Myanmar,2014,pv,-1.087580680847168,0.1963861882686615,8.0,11.428571701049805,8.095237731933594,20.952381134033203
NAMpv2014,NAM,Namibia,2014,pv,0.6087406277656555,0.20011305809020996,7.0,66.66666412353516,57.619049072265625,78.0952377319336
NRUpv2014,NRU,Nauru,2014,pv,0.6013343930244446,0.511646032333374,1.0,66.19047546386719,36.66666793823242,98.0952377319336
NPLpv2014,NPL,Nepal,2014,pv,-0.7245995402336121,0.2031569480895996,7.0,21.428571701049805,12.380952835083008,30.0
NLDpv2014,NLD,Netherlands,2014,pv,1.045115351676941,0.1922474056482315,9.0,86.19047546386719,69.52381134033203,97.14286041259766
NZLpv2014,NZL,New Zealand,2014,pv,1.4679275751113892,0.1922474056482315,9.0,99.52381134033203,90.47618865966797,99.52381134033203
NICpv2014,NIC,Nicaragua,2014,pv,-0.04078012332320213,0.1963861882686615,8.0,43.33333206176758,30.4761905670166,57.619049072265625
NERpv2014,NER,Niger,2014,pv,-1.1758404970169067,0.20558971166610718,6.0,10.0,8.095237731933594,18.571428298950195
NGApv2014,NGA,Nigeria,2014,pv,-2.1302764415740967,0.1963861882686615,8.0,5.238095283508301,2.3809523582458496,6.190476417541504
MKDpv2014,MKD,North Macedonia,2014,pv,0.25638294219970703,0.2079586237668991,6.0,56.66666793823242,42.380950927734375,65.71428680419922
NORpv2014,NOR,Norway,2014,pv,1.119958519935608,0.1922474056482315,9.0,89.52381134033203,73.80952453613281,98.0952377319336
OMNpv2014,OMN,Oman,2014,pv,0.734907329082489,0.20011305809020996,7.0,70.0,59.0476188659668,87.61904907226562
PAKpv2014,PAK,Pakistan,2014,pv,-2.4012792110443115,0.1963861882686615,8.0,3.3333332538604736,0.0,5.238095283508301
PLWpv2014,PLW,Palau,2014,pv,0.9895857572555542,0.511646032333374,1.0,82.85713958740234,51.904762268066406,99.52381134033203
PANpv2014,PAN,Panama,2014,pv,0.20900820195674896,0.1963861882686615,8.0,54.28571319580078,40.9523811340332,62.85714340209961
PNGpv2014,PNG,Papua New Guinea,2014,pv,-0.3393670916557312,0.21057026088237762,5.0,31.904762268066406,23.33333396911621,45.71428680419922
PRYpv2014,PRY,Paraguay,2014,pv,-0.08862750977277756,0.20011305809020996,7.0,42.380950927734375,30.0,54.761905670166016
PERpv2014,PER,Peru,2014,pv,-0.5506569147109985,0.1922474056482315,9.0,27.14285659790039,17.14285659790039,36.66666793823242
PHLpv2014,PHL,Philippines,2014,pv,-0.7138209342956543,0.1922474056482315,9.0,21.904762268066406,13.333333015441895,30.0
POLpv2014,POL,Poland,2014,pv,0.8429408073425293,0.1922474056482315,9.0,76.19047546386719,62.85714340209961,90.95237731933594
PRTpv2014,PRT,Portugal,2014,pv,0.8062744140625,0.1922474056482315,9.0,74.28571319580078,61.904762268066406,89.52381134033203
PRIpv2014,PRI,Puerto Rico,2014,pv,0.8199926614761353,0.21239937841892242,5.0,75.71428680419922,60.9523811340332,92.38095092773438
QATpv2014,QAT,Qatar,2014,pv,0.9774577617645264,0.19573941826820374,8.0,80.47618865966797,67.61904907226562,96.66666412353516
ROMpv2014,ROM,Romania,2014,pv,0.04913612827658653,0.1922474056482315,9.0,48.57143020629883,36.66666793823242,59.0476188659668
RUSpv2014,RUS,Russian Federation,2014,pv,-0.9436174631118774,0.1922474056482315,9.0,14.7619047164917,9.047618865966797,24.285715103149414
RWApv2014,RWA,Rwanda,2014,pv,-0.31346964836120605,0.20729105174541473,6.0,35.238094329833984,23.809524536132812,46.66666793823242
REUpv2014,REU,Réunion,2014,pv,0.25704407691955566,0.2914740741252899,1.0,57.14285659790039,36.66666793823242,70.0
WSMpv2014,WSM,Samoa,2014,pv,1.1219048500061035,0.2380577176809311,3.0,90.0,69.52381134033203,99.52381134033203
SMRpv2014,SMR,San Marino,2014,pv,0.9895857572555542,0.511646032333374,1.0,82.85713958740234,51.904762268066406,99.52381134033203
SAUpv2014,SAU,Saudi Arabia,2014,pv,-0.2858446538448334,0.20011305809020996,7.0,36.19047546386719,24.761905670166016,47.619049072265625
SENpv2014,SEN,Senegal,2014,pv,-0.19822309911251068,0.1963861882686615,8.0,37.14285659790039,28.571428298950195,50.47618865966797
SRBpv2014,SRB,Serbia,2014,pv,0.18411077558994293,0.1963861882686615,8.0,53.33333206176758,40.47618865966797,62.380950927734375
SYCpv2014,SYC,Seychelles,2014,pv,0.36163243651390076,0.21239937841892242,5.0,59.0476188659668,45.71428680419922,69.52381134033203
SLEpv2014,SLE,Sierra Leone,2014,pv,-0.10403967648744583,0.1963861882686615,8.0,41.904762268066406,29.5238094329834,54.28571319580078
SGPpv2014,SGP,Singapore,2014,pv,1.1862714290618896,0.1922474056482315,9.0,93.33333587646484,76.66666412353516,99.52381134033203
SVKpv2014,SVK,Slovak Republic,2014,pv,1.039121150970459,0.19573941826820374,8.0,85.71428680419922,69.52381134033203,97.14286041259766
SVNpv2014,SVN,Slovenia,2014,pv,0.9657734036445618,0.1922474056482315,9.0,79.52381134033203,67.61904907226562,95.71428680419922
SLBpv2014,SLB,Solomon Islands,2014,pv,0.4702248275279999,0.26156550645828247,2.0,60.9523811340332,47.619049072265625,76.66666412353516
SOMpv2014,SOM,Somalia,2014,pv,-2.5158281326293945,0.20558971166610718,6.0,1.9047619104385376,0.0,4.285714149475098
ZAFpv2014,ZAF,South Africa,2014,pv,-0.1463889628648758,0.1922474056482315,9.0,40.0,29.047618865966797,52.380950927734375
SSDpv2014,SSD,South Sudan,2014,pv,-2.6465766429901123,0.23093073070049286,4.0,1.4285714626312256,0.0,4.285714149475098
ESPpv2014,ESP,Spain,2014,pv,0.24312174320220947,0.1922474056482315,9.0,55.238094329833984,42.380950927734375,64.28571319580078
LKApv2014,LKA,Sri Lanka,2014,pv,-0.33046403527259827,0.1963861882686615,8.0,34.28571319580078,23.809524536132812,45.238094329833984
KNApv2014,KNA,St. Kitts and Nevis,2014,pv,0.5724881887435913,0.2380577176809311,3.0,64.76190185546875,52.85714340209961,79.04762268066406
LCApv2014,LCA,St. Lucia,2014,pv,0.8164504170417786,0.2380577176809311,3.0,75.23809814453125,59.52381134033203,93.80952453613281
VCTpv2014,VCT,St. Vincent and the Grenadines,2014,pv,0.8164504170417786,0.2380577176809311,3.0,75.23809814453125,59.52381134033203,93.80952453613281
SDNpv2014,SDN,Sudan,2014,pv,-2.363084554672241,0.20558971166610718,6.0,3.809523820877075,0.0,5.238095283508301
SURpv2014,SUR,Suriname,2014,pv,0.24927084147930145,0.20469726622104645,6.0,56.19047546386719,42.380950927734375,65.71428680419922
SWEpv2014,SWE,Sweden,2014,pv,1.0654147863388062,0.1922474056482315,9.0,88.0952377319336,70.47618865966797,97.61904907226562
CHEpv2014,CHE,Switzerland,2014,pv,1.402652621269226,0.19573941826820374,8.0,98.0952377319336,89.04762268066406,99.52381134033203
SYRpv2014,SYR,Syrian Arab Republic,2014,pv,-2.748824119567871,0.20558971166610718,6.0,0.0,0.0,2.3809523582458496
STPpv2014,STP,São Tomé and Principe,2014,pv,0.1841830015182495,0.236860454082489,3.0,53.80952453613281,36.66666793823242,64.76190185546875
TWNpv2014,TWN,"Taiwan, China",2014,pv,0.7664130926132202,0.19573941826820374,8.0,71.42857360839844,59.52381134033203,89.04762268066406
TJKpv2014,TJK,Tajikistan,2014,pv,-0.6933407783508301,0.21239937841892242,5.0,23.33333396911621,12.380952835083008,30.952381134033203
TZApv2014,TZA,Tanzania,2014,pv,-0.5971185564994812,0.1963861882686615,8.0,25.238094329833984,15.2380952835083,36.19047546386719
THApv2014,THA,Thailand,2014,pv,-0.9063863158226013,0.1922474056482315,9.0,16.190475463867188,9.047618865966797,25.238094329833984
TMPpv2014,TMP,Timor-Leste,2014,pv,-0.17969487607479095,0.21239937841892242,5.0,38.095237731933594,28.095237731933594,52.380950927734375
TGOpv2014,TGO,Togo,2014,pv,-0.16712686419487,0.20558971166610718,6.0,38.57143020629883,28.571428298950195,52.380950927734375
TONpv2014,TON,Tonga,2014,pv,0.8471964597702026,0.2380577176809311,3.0,76.66666412353516,60.0,93.80952453613281
TTOpv2014,TTO,Trinidad and Tobago,2014,pv,0.24786433577537537,0.20469726622104645,6.0,55.71428680419922,42.380950927734375,65.71428680419922
TUNpv2014,TUN,Tunisia,2014,pv,-0.8516615033149719,0.1963861882686615,8.0,18.571428298950195,10.0,28.095237731933594
TKMpv2014,TKM,Turkmenistan,2014,pv,0.07420603185892105,0.21339690685272217,5.0,49.0476188659668,36.19047546386719,59.52381134033203
TUVpv2014,TUV,Tuvalu,2014,pv,1.2993272542953491,0.26156550645828247,2.0,97.14286041259766,76.66666412353516,99.52381134033203
TURpv2014,TUR,Türkiye,2014,pv,-1.086035966873169,0.1922474056482315,9.0,11.904762268066406,8.095237731933594,20.4761905670166
UGApv2014,UGA,Uganda,2014,pv,-0.9411261677742004,0.1963861882686615,8.0,15.2380952835083,9.047618865966797,24.285715103149414
UKRpv2014,UKR,Ukraine,2014,pv,-2.0208334922790527,0.1922474056482315,9.0,5.714285850524902,4.285714149475098,6.666666507720947
AREpv2014,ARE,United Arab Emirates,2014,pv,0.7689089179039001,0.1922474056482315,9.0,71.9047622680664,60.0,89.04762268066406
GBRpv2014,GBR,United Kingdom,2014,pv,0.4153476357460022,0.1922474056482315,9.0,59.52381134033203,50.0,69.52381134033203
USApv2014,USA,United States,2014,pv,0.5824196338653564,0.1922474056482315,9.0,65.71428680419922,57.619049072265625,76.66666412353516
URYpv2014,URY,Uruguay,2014,pv,0.9918795824050903,0.1963861882686615,8.0,83.80952453613281,68.0952377319336,97.14286041259766
UZBpv2014,UZB,Uzbekistan,2014,pv,-0.2731086313724518,0.20889461040496826,6.0,36.66666793823242,24.285715103149414,48.57143020629883
VUTpv2014,VUT,Vanuatu,2014,pv,0.6360452771186829,0.26156550645828247,2.0,67.61904907226562,53.80952453613281,87.61904907226562
VENpv2014,VEN,"Venezuela, RB",2014,pv,-0.8520022034645081,0.1922474056482315,9.0,18.095237731933594,10.0,27.619047164916992
VNMpv2014,VNM,Viet Nam,2014,pv,-0.022347357124090195,0.1963861882686615,8.0,44.28571319580078,30.952381134033203,57.619049072265625
VIRpv2014,VIR,Virgin Islands (U.S.),2014,pv,1.164254903793335,0.2599389851093292,2.0,91.9047622680664,70.0,99.52381134033203
WBGpv2014,WBG,West Bank and Gaza,2014,pv,-1.9850108623504639,0.2189825028181076,4.0,6.190476417541504,4.285714149475098,7.61904764175415
YEMpv2014,YEM,"Yemen, Rep.",2014,pv,-2.6655750274658203,0.20469726622104645,6.0,0.9523809552192688,0.0,4.285714149475098
ZMBpv2014,ZMB,Zambia,2014,pv,0.15621201694011688,0.1963861882686615,8.0,52.380950927734375,38.57143020629883,60.9523811340332
ZWEpv2014,ZWE,Zimbabwe,2014,pv,-0.7135701775550842,0.1963861882686615,8.0,22.380952835083008,13.333333015441895,30.0
AFGpv2015,AFG,Afghanistan,2015,pv,-2.5626251697540283,0.2134300023317337,6.0,0.9523809552192688,0.0,2.857142925262451
ALBpv2015,ALB,Albania,2015,pv,0.34163904190063477,0.2011445164680481,8.0,58.095237731933594,46.66666793823242,67.14286041259766
DZApv2015,DZA,Algeria,2015,pv,-1.0907865762710571,0.2049306333065033,7.0,11.904762268066406,9.047618865966797,21.428571701049805
ASMpv2015,ASM,American Samoa,2015,pv,1.1516780853271484,0.3044947683811188,1.0,90.95237731933594,66.19047546386719,99.52381134033203
ADOpv2015,ADO,Andorra,2015,pv,1.36598539352417,0.2752876877784729,2.0,97.61904907226562,79.04762268066406,99.52381134033203
AGOpv2015,AGO,Angola,2015,pv,-0.5053858160972595,0.20857518911361694,6.0,28.095237731933594,19.5238094329834,40.47618865966797
AIApv2015,AIA,Anguilla,2015,pv,1.2200018167495728,0.27039873600006104,2.0,93.33333587646484,70.47618865966797,99.52381134033203
ATGpv2015,ATG,Antigua and Barbuda,2015,pv,0.9875642657279968,0.24259379506111145,4.0,83.33333587646484,64.76190185546875,97.61904907226562
ARGpv2015,ARG,Argentina,2015,pv,0.008764134719967842,0.19643338024616241,9.0,46.19047546386719,35.238094329833984,57.619049072265625
ARMpv2015,ARM,Armenia,2015,pv,-0.256798654794693,0.2049306333065033,7.0,37.14285659790039,25.714284896850586,50.0
ABWpv2015,ABW,Aruba,2015,pv,1.2102395296096802,0.23864537477493286,3.0,92.38095092773438,71.9047622680664,99.52381134033203
AUSpv2015,AUS,Australia,2015,pv,0.8731806874275208,0.19643338024616241,9.0,76.19047546386719,62.380950927734375,91.9047622680664
AUTpv2015,AUT,Austria,2015,pv,1.1293305158615112,0.19643338024616241,9.0,90.0,71.9047622680664,98.57142639160156
AZEpv2015,AZE,Azerbaijan,2015,pv,-0.7339166402816772,0.2049306333065033,7.0,21.904762268066406,12.380952835083008,32.380950927734375
BHSpv2015,BHS,"Bahamas, The",2015,pv,0.8949824571609497,0.20937050879001617,6.0,77.14286041259766,62.380950927734375,93.80952453613281
BHRpv2015,BHR,Bahrain,2015,pv,-1.0682626962661743,0.2049306333065033,7.0,12.857142448425293,9.047618865966797,21.904762268066406
BGDpv2015,BGD,Bangladesh,2015,pv,-1.2097737789154053,0.2011445164680481,8.0,10.0,7.61904764175415,18.571428298950195
BRBpv2015,BRB,Barbados,2015,pv,1.1168277263641357,0.21887749433517456,5.0,89.04762268066406,70.47618865966797,98.57142639160156
BLRpv2015,BLR,Belarus,2015,pv,0.11090569943189621,0.2045874148607254,7.0,51.904762268066406,38.57143020629883,60.47618865966797
BELpv2015,BEL,Belgium,2015,pv,0.5770921111106873,0.19643338024616241,9.0,64.28571319580078,56.66666793823242,77.61904907226562
BLZpv2015,BLZ,Belize,2015,pv,0.03725951164960861,0.21887749433517456,5.0,49.0476188659668,34.761905670166016,59.0476188659668
BENpv2015,BEN,Benin,2015,pv,-0.020496422424912453,0.21381977200508118,6.0,44.761905670166016,33.33333206176758,57.619049072265625
BMUpv2015,BMU,Bermuda,2015,pv,0.9618173837661743,0.27039873600006104,2.0,81.42857360839844,61.42856979370117,97.61904907226562
BTNpv2015,BTN,Bhutan,2015,pv,0.9607726335525513,0.21929794549942017,5.0,80.47618865966797,64.76190185546875,95.71428680419922
BOLpv2015,BOL,Bolivia,2015,pv,-0.27049869298934937,0.2011445164680481,8.0,36.66666793823242,25.714284896850586,49.0476188659668
BIHpv2015,BIH,Bosnia and Herzegovina,2015,pv,-0.40416762232780457,0.20952975749969482,7.0,31.904762268066406,21.428571701049805,43.33333206176758
BWApv2015,BWA,Botswana,2015,pv,1.0313682556152344,0.2011445164680481,8.0,86.19047546386719,68.0952377319336,96.19047546386719
BRApv2015,BRA,Brazil,2015,pv,-0.33186444640159607,0.19643338024616241,9.0,34.28571319580078,22.85714340209961,45.238094329833984
BRNpv2015,BRN,Brunei Darussalam,2015,pv,1.2337125539779663,0.21365055441856384,5.0,93.80952453613281,76.19047546386719,99.52381134033203
BGRpv2015,BGR,Bulgaria,2015,pv,0.010424641892313957,0.19643338024616241,9.0,46.66666793823242,35.238094329833984,57.619049072265625
BFApv2015,BFA,Burkina Faso,2015,pv,-0.6091273427009583,0.2045874148607254,7.0,25.238094329833984,17.14285659790039,35.71428680419922
BDIpv2015,BDI,Burundi,2015,pv,-1.937446117401123,0.21381977200508118,6.0,5.714285850524902,2.3809523582458496,7.61904764175415
KHMpv2015,KHM,Cambodia,2015,pv,0.06334814429283142,0.20952975749969482,7.0,49.52381134033203,35.71428680419922,59.0476188659668
CMRpv2015,CMR,Cameroon,2015,pv,-0.9899140000343323,0.2011445164680481,8.0,15.2380952835083,9.047618865966797,22.380952835083008
CANpv2015,CAN,Canada,2015,pv,1.2623368501663208,0.19643338024616241,9.0,94.28571319580078,79.52381134033203,99.52381134033203
CPVpv2015,CPV,Cape Verde,2015,pv,0.855819821357727,0.21929794549942017,5.0,74.28571319580078,60.9523811340332,92.38095092773438
CYMpv2015,CYM,Cayman Islands,2015,pv,1.128693699836731,0.2611111104488373,2.0,89.52381134033203,68.0952377319336,99.52381134033203
CAFpv2015,CAF,Central African Republic,2015,pv,-1.8935874700546265,0.21796932816505432,5.0,6.666666507720947,2.3809523582458496,7.61904764175415
TCDpv2015,TCD,Chad,2015,pv,-0.973281741142273,0.21381977200508118,6.0,15.714285850524902,9.047618865966797,23.809524536132812
CHLpv2015,CHL,Chile,2015,pv,0.4248717427253723,0.19643338024616241,9.0,60.0,51.42856979370117,69.52381134033203
CHNpv2015,CHN,China,2015,pv,-0.5525596737861633,0.19643338024616241,9.0,26.190475463867188,19.047618865966797,38.57143020629883
COLpv2015,COL,Colombia,2015,pv,-1.0726637840270996,0.19643338024616241,9.0,12.380952835083008,9.047618865966797,21.428571701049805
COMpv2015,COM,Comoros,2015,pv,-0.24447160959243774,0.24932298064231873,3.0,37.619049072265625,22.85714340209961,53.80952453613281
ZARpv2015,ZAR,"Congo, Dem. Rep.",2015,pv,-2.1388533115386963,0.20857518911361694,6.0,4.761904716491699,0.9523809552192688,6.666666507720947
COGpv2015,COG,"Congo, Rep.",2015,pv,-0.529127299785614,0.20857518911361694,6.0,26.66666603088379,19.047618865966797,40.47618865966797
CRIpv2015,CRI,Costa Rica,2015,pv,0.6699740290641785,0.2011445164680481,8.0,67.14286041259766,57.619049072265625,84.28571319580078
HRVpv2015,HRV,Croatia,2015,pv,0.5865136384963989,0.19643338024616241,9.0,64.76190185546875,57.14285659790039,78.0952377319336
CUBpv2015,CUB,Cuba,2015,pv,0.6347500085830688,0.20857518911361694,6.0,65.71428680419922,57.619049072265625,81.9047622680664
CYPpv2015,CYP,Cyprus,2015,pv,0.5424491167068481,0.2049306333065033,7.0,62.380950927734375,54.28571319580078,76.19047546386719
CZEpv2015,CZE,Czech Republic,2015,pv,0.9702510833740234,0.19643338024616241,9.0,81.9047622680664,66.19047546386719,94.28571319580078
CIVpv2015,CIV,Côte d'Ivoire,2015,pv,-0.8350780606269836,0.2011445164680481,8.0,20.0,10.476190567016602,28.095237731933594
DNKpv2015,DNK,Denmark,2015,pv,0.8870592713356018,0.19643338024616241,9.0,76.66666412353516,63.33333206176758,91.9047622680664
DJIpv2015,DJI,Djibouti,2015,pv,-0.44767192006111145,0.2237815111875534,4.0,30.0,20.4761905670166,43.33333206176758
DMApv2015,DMA,Dominica,2015,pv,1.0544320344924927,0.24259379506111145,4.0,88.0952377319336,66.19047546386719,98.57142639160156
DOMpv2015,DOM,Dominican Republic,2015,pv,0.22757092118263245,0.2011445164680481,8.0,54.761905670166016,42.380950927734375,62.380950927734375
ECUpv2015,ECU,Ecuador,2015,pv,-0.14734497666358948,0.2011445164680481,8.0,40.9523811340332,28.571428298950195,54.28571319580078
EGYpv2015,EGY,"Egypt, Arab Rep.",2015,pv,-1.4993321895599365,0.2011445164680481,8.0,8.095237731933594,6.666666507720947,10.0
SLVpv2015,SLV,El Salvador,2015,pv,-0.020496048033237457,0.2011445164680481,8.0,45.238094329833984,33.33333206176758,57.619049072265625
GNQpv2015,GNQ,Equatorial Guinea,2015,pv,-0.20779919624328613,0.2237815111875534,4.0,40.0,25.714284896850586,53.80952453613281
ERIpv2015,ERI,Eritrea,2015,pv,-0.8784534335136414,0.2237815111875534,4.0,19.047618865966797,9.047618865966797,27.619047164916992
ESTpv2015,EST,Estonia,2015,pv,0.6138572692871094,0.19643338024616241,9.0,65.23809814453125,57.619049072265625,79.52381134033203
SWZpv2015,SWZ,Eswatini,2015,pv,-0.48020920157432556,0.21929794549942017,5.0,28.571428298950195,19.5238094329834,41.42856979370117
ETHpv2015,ETH,Ethiopia,2015,pv,-1.4969420433044434,0.2011445164680481,8.0,8.571428298950195,6.666666507720947,10.0
FJIpv2015,FJI,Fiji,2015,pv,0.5696606636047363,0.24932298064231873,3.0,63.80952453613281,53.80952453613281,81.9047622680664
FINpv2015,FIN,Finland,2015,pv,1.0279982089996338,0.19643338024616241,9.0,85.71428680419922,68.0952377319336,96.19047546386719
FRApv2015,FRA,France,2015,pv,0.09775980561971664,0.19643338024616241,9.0,51.42856979370117,38.57143020629883,59.52381134033203
GUFpv2015,GUF,French Guiana,2015,pv,0.5597712993621826,0.23864537477493286,3.0,62.85714340209961,53.80952453613281,80.0
GABpv2015,GAB,Gabon,2015,pv,0.015247291885316372,0.2049306333065033,7.0,47.14285659790039,34.761905670166016,58.095237731933594
GMBpv2015,GMB,"Gambia, The",2015,pv,0.01624763198196888,0.20973841845989227,6.0,47.619049072265625,34.28571319580078,58.095237731933594
GEOpv2015,GEO,Georgia,2015,pv,-0.47215375304222107,0.20952975749969482,7.0,29.5238094329834,20.4761905670166,41.42856979370117
DEUpv2015,DEU,Germany,2015,pv,0.6875149607658386,0.19643338024616241,9.0,68.0952377319336,58.57143020629883,84.76190185546875
GHApv2015,GHA,Ghana,2015,pv,-0.03822890669107437,0.2011445164680481,8.0,44.28571319580078,33.33333206176758,57.619049072265625
GRCpv2015,GRC,Greece,2015,pv,-0.23555973172187805,0.19643338024616241,9.0,38.095237731933594,25.714284896850586,50.9523811340332
GRLpv2015,GRL,Greenland,2015,pv,1.9470821619033813,0.35921281576156616,2.0,100.0,96.19047546386719,100.0
GRDpv2015,GRD,Grenada,2015,pv,0.779747724533081,0.24259379506111145,4.0,71.42857360839844,59.0476188659668,91.42857360839844
GUMpv2015,GUM,Guam,2015,pv,0.7867070436477661,0.27039873600006104,2.0,71.9047622680664,58.095237731933594,93.33333587646484
GTMpv2015,GTM,Guatemala,2015,pv,-0.6544378995895386,0.2011445164680481,8.0,22.85714340209961,15.2380952835083,34.761905670166016
GINpv2015,GIN,Guinea,2015,pv,-0.38647541403770447,0.2049306333065033,7.0,32.85714340209961,21.904762268066406,43.33333206176758
GNBpv2015,GNB,Guinea-Bissau,2015,pv,-0.5165790915489197,0.23553426563739777,4.0,27.14285659790039,17.619047164916992,41.42856979370117
GUYpv2015,GUY,Guyana,2015,pv,-0.13964134454727173,0.2056848257780075,7.0,41.42856979370117,28.571428298950195,54.28571319580078
HTIpv2015,HTI,Haiti,2015,pv,-0.671565055847168,0.2049306333065033,7.0,22.380952835083008,13.809523582458496,33.80952453613281
HNDpv2015,HND,Honduras,2015,pv,-0.47275790572166443,0.2011445164680481,8.0,29.047618865966797,20.952381134033203,40.9523811340332
HKGpv2015,HKG,"Hong Kong SAR, China",2015,pv,1.035205364227295,0.22024841606616974,7.0,86.66666412353516,67.14286041259766,97.61904907226562
HUNpv2015,HUN,Hungary,2015,pv,0.7377924919128418,0.19643338024616241,9.0,69.52381134033203,59.52381134033203,88.0952377319336
ISLpv2015,ISL,Iceland,2015,pv,1.2984809875488281,0.199955016374588,8.0,94.76190185546875,81.9047622680664,99.52381134033203
INDpv2015,IND,India,2015,pv,-0.9547735452651978,0.19643338024616241,9.0,17.14285659790039,9.047618865966797,23.809524536132812
IDNpv2015,IDN,Indonesia,2015,pv,-0.6199563145637512,0.19643338024616241,9.0,24.285715103149414,17.14285659790039,35.238094329833984
IRNpv2015,IRN,"Iran, Islamic Rep.",2015,pv,-0.924846887588501,0.2011445164680481,8.0,17.619047164916992,9.047618865966797,25.714284896850586
IRQpv2015,IRQ,Iraq,2015,pv,-2.250779628753662,0.20857518911361694,6.0,2.857142925262451,0.4761904776096344,6.190476417541504
IRLpv2015,IRL,Ireland,2015,pv,0.8953325748443604,0.199955016374588,8.0,77.61904907226562,63.33333206176758,93.33333587646484
ISRpv2015,ISR,Israel,2015,pv,-1.097817301750183,0.199955016374588,8.0,11.428571701049805,9.047618865966797,21.428571701049805
ITApv2015,ITA,Italy,2015,pv,0.36325719952583313,0.19643338024616241,9.0,58.57143020629883,49.0476188659668,67.61904907226562
JAMpv2015,JAM,Jamaica,2015,pv,0.08596572279930115,0.2011445164680481,8.0,50.9523811340332,37.619049072265625,59.52381134033203
JPNpv2015,JPN,Japan,2015,pv,1.0542205572128296,0.19643338024616241,9.0,87.61904907226562,69.04762268066406,97.61904907226562
JEYpv2015,JEY,"Jersey, Channel Islands",2015,pv,1.5330430269241333,0.45368340611457825,1.0,99.52381134033203,71.9047622680664,100.0
JORpv2015,JOR,Jordan,2015,pv,-0.606864869594574,0.19643338024616241,9.0,25.714284896850586,17.14285659790039,35.71428680419922
KAZpv2015,KAZ,Kazakhstan,2015,pv,-0.038353074342012405,0.19643338024616241,9.0,43.80952453613281,33.33333206176758,57.619049072265625
KENpv2015,KEN,Kenya,2015,pv,-1.2413479089736938,0.2011445164680481,8.0,9.523809432983398,7.61904764175415,17.619047164916992
KIRpv2015,KIR,Kiribati,2015,pv,0.821486234664917,0.2752876877784729,2.0,72.85713958740234,58.57143020629883,94.28571319580078
PRKpv2015,PRK,"Korea, Dem. Rep.",2015,pv,-1.151740312576294,0.21365055441856384,5.0,10.952381134033203,7.61904764175415,21.428571701049805
KORpv2015,KOR,"Korea, Rep.",2015,pv,0.15636104345321655,0.19643338024616241,9.0,53.80952453613281,40.47618865966797,60.9523811340332
KSVpv2015,KSV,Kosovo,2015,pv,-0.20040644705295563,0.2237815111875534,4.0,40.47618865966797,25.714284896850586,53.80952453613281
KWTpv2015,KWT,Kuwait,2015,pv,-0.219549298286438,0.2049306333065033,7.0,39.52381134033203,25.714284896850586,51.904762268066406
KGZpv2015,KGZ,Kyrgyz Republic,2015,pv,-0.8824296593666077,0.2146768420934677,6.0,18.095237731933594,9.523809432983398,26.190475463867188
LAOpv2015,LAO,Lao PDR,2015,pv,0.5388715267181396,0.21381977200508118,6.0,61.904762268066406,54.28571319580078,76.66666412353516
LVApv2015,LVA,Latvia,2015,pv,0.43631041049957275,0.199955016374588,8.0,60.47618865966797,51.42856979370117,70.47618865966797
LBNpv2015,LBN,Lebanon,2015,pv,-1.698364496231079,0.2011445164680481,8.0,7.142857074737549,4.761904716491699,9.047618865966797
LSOpv2015,LSO,Lesotho,2015,pv,-0.3187076151371002,0.21929794549942017,5.0,35.238094329833984,21.904762268066406,49.0476188659668
LBRpv2015,LBR,Liberia,2015,pv,-0.8178333044052124,0.2011445164680481,8.0,20.4761905670166,10.952381134033203,28.095237731933594
LBYpv2015,LBY,Libya,2015,pv,-2.1896512508392334,0.20857518911361694,6.0,3.3333332538604736,0.9523809552192688,6.666666507720947
LIEpv2015,LIE,Liechtenstein,2015,pv,1.4377751350402832,0.24198617041110992,3.0,98.57142639160156,86.66666412353516,99.52381134033203
LTUpv2015,LTU,Lithuania,2015,pv,0.7497502565383911,0.199955016374588,8.0,70.47618865966797,59.52381134033203,88.0952377319336
LUXpv2015,LUX,Luxembourg,2015,pv,1.426368236541748,0.20441345870494843,7.0,98.0952377319336,88.57142639160156,99.52381134033203
MACpv2015,MAC,"Macao SAR, China",2015,pv,1.1874531507492065,0.2611111104488373,2.0,91.9047622680664,70.47618865966797,99.52381134033203
MDGpv2015,MDG,Madagascar,2015,pv,-0.4277629256248474,0.2011445164680481,8.0,30.4761905670166,21.428571701049805,42.380950927734375
MWIpv2015,MWI,Malawi,2015,pv,0.0342932753264904,0.2056848257780075,7.0,48.095237731933594,35.238094329833984,58.57143020629883
MYSpv2015,MYS,Malaysia,2015,pv,0.25394731760025024,0.19643338024616241,9.0,56.66666793823242,43.33333206176758,63.80952453613281
MDVpv2015,MDV,Maldives,2015,pv,0.41140371561050415,0.24932298064231873,3.0,59.52381134033203,45.238094329833984,71.9047622680664
MLIpv2015,MLI,Mali,2015,pv,-1.6827712059020996,0.2049306333065033,7.0,7.61904764175415,4.761904716491699,9.047618865966797
MLTpv2015,MLT,Malta,2015,pv,1.0536774396896362,0.2049306333065033,7.0,87.14286041259766,68.57142639160156,97.61904907226562
MHLpv2015,MHL,Marshall Islands,2015,pv,1.002985954284668,0.2752876877784729,2.0,84.76190185546875,62.380950927734375,98.57142639160156
MTQpv2015,MTQ,Martinique,2015,pv,0.9618173837661743,0.27039873600006104,2.0,81.42857360839844,61.42856979370117,97.61904907226562
MRTpv2015,MRT,Mauritania,2015,pv,-0.6356848478317261,0.21381977200508118,6.0,23.33333396911621,15.2380952835083,35.71428680419922
MUSpv2015,MUS,Mauritius,2015,pv,0.988632321357727,0.21381977200508118,6.0,83.80952453613281,65.71428680419922,96.19047546386719
MEXpv2015,MEX,Mexico,2015,pv,-0.801780104637146,0.19643338024616241,9.0,21.428571701049805,10.952381134033203,28.571428298950195
FSMpv2015,FSM,"Micronesia, Fed. Sts.",2015,pv,1.0171715021133423,0.24932298064231873,3.0,85.23809814453125,64.76190185546875,97.61904907226562
MDApv2015,MDA,Moldova,2015,pv,-0.3260459899902344,0.2056848257780075,7.0,34.761905670166016,22.380952835083008,46.66666793823242
MCOpv2015,MCO,Monaco,2015,pv,1.3149250745773315,0.24932298064231873,3.0,95.71428680419922,78.0952377319336,99.52381134033203
MNGpv2015,MNG,Mongolia,2015,pv,0.7118319869041443,0.19643338024616241,9.0,68.57142639160156,59.0476188659668,86.19047546386719
MNEpv2015,MNE,Montenegro,2015,pv,0.13663820922374725,0.21929794549942017,5.0,52.85714340209961,38.57143020629883,60.9523811340332
MARpv2015,MAR,Morocco,2015,pv,-0.3443949818611145,0.2011445164680481,8.0,33.80952453613281,21.904762268066406,45.238094329833984
MOZpv2015,MOZ,Mozambique,2015,pv,-0.5164355635643005,0.2049306333065033,7.0,27.619047164916992,19.5238094329834,40.47618865966797
MMRpv2015,MMR,Myanmar,2015,pv,-1.1666691303253174,0.2011445164680481,8.0,10.476190567016602,8.571428298950195,19.5238094329834
NAMpv2015,NAM,Namibia,2015,pv,0.7252602577209473,0.2049306333065033,7.0,69.04762268066406,59.0476188659668,88.0952377319336
NRUpv2015,NRU,Nauru,2015,pv,1.0880179405212402,0.2752876877784729,2.0,88.57142639160156,65.71428680419922,99.52381134033203
NPLpv2015,NPL,Nepal,2015,pv,-0.9974300265312195,0.20952975749969482,7.0,14.285714149475098,9.047618865966797,22.85714340209961
NLDpv2015,NLD,Netherlands,2015,pv,0.9125401973724365,0.19643338024616241,9.0,78.57142639160156,64.76190185546875,93.80952453613281
NZLpv2015,NZL,New Zealand,2015,pv,1.51113760471344,0.19643338024616241,9.0,99.04762268066406,91.9047622680664,99.52381134033203
NICpv2015,NIC,Nicaragua,2015,pv,-0.092195525765419,0.2011445164680481,8.0,42.85714340209961,30.952381134033203,55.238094329833984
NERpv2015,NER,Niger,2015,pv,-1.0597032308578491,0.20857518911361694,6.0,13.333333015441895,9.047618865966797,21.904762268066406
NGApv2015,NGA,Nigeria,2015,pv,-1.9217051267623901,0.2011445164680481,8.0,6.190476417541504,2.3809523582458496,7.61904764175415
MKDpv2015,MKD,North Macedonia,2015,pv,-0.29259273409843445,0.2146768420934677,6.0,35.71428680419922,22.85714340209961,49.0476188659668
NORpv2015,NOR,Norway,2015,pv,1.1456201076507568,0.19643338024616241,9.0,90.47618865966797,72.85713958740234,98.57142639160156
OMNpv2015,OMN,Oman,2015,pv,0.7780522108078003,0.2049306333065033,7.0,70.95237731933594,60.47618865966797,88.57142639160156
PAKpv2015,PAK,Pakistan,2015,pv,-2.471883535385132,0.2011445164680481,8.0,1.4285714626312256,0.0,4.285714149475098
PLWpv2015,PLW,Palau,2015,pv,0.821486234664917,0.2752876877784729,2.0,72.85713958740234,58.57143020629883,94.28571319580078
PANpv2015,PAN,Panama,2015,pv,0.37741518020629883,0.2011445164680481,8.0,59.0476188659668,49.0476188659668,68.0952377319336
PNGpv2015,PNG,Papua New Guinea,2015,pv,-0.41628924012184143,0.21365055441856384,5.0,31.428571701049805,21.428571701049805,43.33333206176758
PRYpv2015,PRY,Paraguay,2015,pv,0.03521262854337692,0.2049306333065033,7.0,48.57143020629883,35.238094329833984,58.57143020629883
PERpv2015,PER,Peru,2015,pv,-0.3989100754261017,0.19643338024616241,9.0,32.380950927734375,21.904762268066406,43.33333206176758
PHLpv2015,PHL,Philippines,2015,pv,-0.8547242283821106,0.19643338024616241,9.0,19.5238094329834,10.0,26.190475463867188
POLpv2015,POL,Poland,2015,pv,0.8623190522193909,0.19643338024616241,9.0,74.76190185546875,61.904762268066406,91.42857360839844
PRTpv2015,PRT,Portugal,2015,pv,0.9042129516601562,0.19643338024616241,9.0,78.0952377319336,64.28571319580078,93.33333587646484
PRIpv2015,PRI,Puerto Rico,2015,pv,0.8471174836158752,0.21929794549942017,5.0,73.80952453613281,60.9523811340332,91.9047622680664
QATpv2015,QAT,Qatar,2015,pv,0.983597457408905,0.199955016374588,8.0,82.38095092773438,66.19047546386719,95.23809814453125
ROMpv2015,ROM,Romania,2015,pv,0.18179933726787567,0.19643338024616241,9.0,54.28571319580078,40.9523811340332,61.42856979370117
RUSpv2015,RUS,Russian Federation,2015,pv,-1.0322234630584717,0.19643338024616241,9.0,13.809523582458496,9.047618865966797,21.904762268066406
RWApv2015,RWA,Rwanda,2015,pv,0.0025183784309774637,0.21381977200508118,6.0,45.71428680419922,33.33333206176758,58.095237731933594
REUpv2015,REU,Réunion,2015,pv,0.26345497369766235,0.3044947683811188,1.0,57.14285659790039,37.619049072265625,70.47618865966797
WSMpv2015,WSM,Samoa,2015,pv,1.166048288345337,0.24932298064231873,3.0,91.42857360839844,70.47618865966797,99.52381134033203
SMRpv2015,SMR,San Marino,2015,pv,1.36598539352417,0.2752876877784729,2.0,97.61904907226562,79.04762268066406,99.52381134033203
SAUpv2015,SAU,Saudi Arabia,2015,pv,-0.634387195110321,0.2049306333065033,7.0,23.809524536132812,16.190475463867188,35.238094329833984
SENpv2015,SEN,Senegal,2015,pv,-0.12022524327039719,0.2011445164680481,8.0,41.904762268066406,29.5238094329834,54.28571319580078
SRBpv2015,SRB,Serbia,2015,pv,0.2348330318927765,0.2011445164680481,8.0,55.238094329833984,42.380950927734375,62.85714340209961
SYCpv2015,SYC,Seychelles,2015,pv,0.6745695471763611,0.21929794549942017,5.0,67.61904907226562,57.619049072265625,86.19047546386719
SLEpv2015,SLE,Sierra Leone,2015,pv,-0.10627289116382599,0.2011445164680481,8.0,42.380950927734375,30.0,54.28571319580078
SGPpv2015,SGP,Singapore,2015,pv,1.2988921403884888,0.19643338024616241,9.0,95.23809814453125,81.9047622680664,99.52381134033203
SVKpv2015,SVK,Slovak Republic,2015,pv,0.8657594323158264,0.199955016374588,8.0,75.23809814453125,61.42856979370117,91.9047622680664
SVNpv2015,SVN,Slovenia,2015,pv,0.9474920034408569,0.19643338024616241,9.0,80.0,65.23809814453125,94.28571319580078
SLBpv2015,SLB,Solomon Islands,2015,pv,0.6399865746498108,0.2752876877784729,2.0,66.19047546386719,54.28571319580078,88.57142639160156
SOMpv2015,SOM,Somalia,2015,pv,-2.370088815689087,0.20857518911361694,6.0,2.3809523582458496,0.0,4.761904716491699
ZAFpv2015,ZAF,South Africa,2015,pv,-0.22054487466812134,0.19643338024616241,9.0,39.0476188659668,26.190475463867188,51.42856979370117
SSDpv2015,SSD,South Sudan,2015,pv,-2.3720083236694336,0.24135904014110565,4.0,1.9047619104385376,0.0,4.761904716491699
ESPpv2015,ESP,Spain,2015,pv,0.24116013944149017,0.19643338024616241,9.0,55.71428680419922,43.33333206176758,62.85714340209961
LKApv2015,LKA,Sri Lanka,2015,pv,0.08318266272544861,0.2011445164680481,8.0,50.47618865966797,37.14285659790039,59.52381134033203
KNApv2015,KNA,St. Kitts and Nevis,2015,pv,0.5647175312042236,0.24259379506111145,4.0,63.33333206176758,53.80952453613281,81.42857360839844
LCApv2015,LCA,St. Lucia,2015,pv,0.8377347588539124,0.24259379506111145,4.0,73.33333587646484,60.47618865966797,93.80952453613281
VCTpv2015,VCT,St. Vincent and the Grenadines,2015,pv,0.9875642657279968,0.24259379506111145,4.0,83.33333587646484,64.76190185546875,97.61904907226562
SDNpv2015,SDN,Sudan,2015,pv,-2.1551530361175537,0.20857518911361694,6.0,3.809523820877075,0.9523809552192688,6.666666507720947
SURpv2015,SUR,Suriname,2015,pv,0.2495093047618866,0.20937050879001617,6.0,56.19047546386719,42.380950927734375,64.76190185546875
SWEpv2015,SWE,Sweden,2015,pv,0.9326704740524292,0.19643338024616241,9.0,79.52381134033203,64.76190185546875,93.80952453613281
CHEpv2015,CHE,Switzerland,2015,pv,1.3264942169189453,0.199955016374588,8.0,96.19047546386719,84.28571319580078,99.52381134033203
SYRpv2015,SYR,Syrian Arab Republic,2015,pv,-2.965176820755005,0.20857518911361694,6.0,0.0,0.0,0.4761904776096344
STPpv2015,STP,São Tomé and Principe,2015,pv,0.1362719088792801,0.24198617041110992,3.0,52.380950927734375,36.66666793823242,61.42856979370117
TWNpv2015,TWN,"Taiwan, China",2015,pv,0.9131353497505188,0.199955016374588,8.0,79.04762268066406,64.28571319580078,93.80952453613281
TJKpv2015,TJK,Tajikistan,2015,pv,-0.8823180198669434,0.21929794549942017,5.0,18.571428298950195,9.047618865966797,26.66666603088379
TZApv2015,TZA,Tanzania,2015,pv,-0.4234606921672821,0.2011445164680481,8.0,30.952381134033203,21.428571701049805,42.380950927734375
THApv2015,THA,Thailand,2015,pv,-0.9950449466705322,0.19643338024616241,9.0,14.7619047164917,9.047618865966797,21.904762268066406
TMPpv2015,TMP,Timor-Leste,2015,pv,-0.27170971035957336,0.2237815111875534,4.0,36.19047546386719,22.85714340209961,50.9523811340332
TGOpv2015,TGO,Togo,2015,pv,-0.23212304711341858,0.20857518911361694,6.0,38.57143020629883,25.714284896850586,51.42856979370117
TONpv2015,TON,Tonga,2015,pv,0.8682946562767029,0.24932298064231873,3.0,75.71428680419922,60.9523811340332,94.28571319580078
TTOpv2015,TTO,Trinidad and Tobago,2015,pv,0.2793610394001007,0.2056848257780075,7.0,57.619049072265625,43.33333206176758,65.23809814453125
TUNpv2015,TUN,Tunisia,2015,pv,-0.9601770043373108,0.2011445164680481,8.0,16.66666603088379,9.047618865966797,23.809524536132812
TKMpv2015,TKM,Turkmenistan,2015,pv,-0.08957114070653915,0.21796932816505432,5.0,43.33333206176758,30.0,57.14285659790039
TUVpv2015,TUV,Tuvalu,2015,pv,1.36598539352417,0.2752876877784729,2.0,97.61904907226562,79.04762268066406,99.52381134033203
TURpv2015,TUR,Türkiye,2015,pv,-1.4953097105026245,0.19643338024616241,9.0,9.047618865966797,6.666666507720947,10.0
UGApv2015,UGA,Uganda,2015,pv,-0.8045758008956909,0.2011445164680481,8.0,20.952381134033203,10.952381134033203,28.571428298950195
UKRpv2015,UKR,Ukraine,2015,pv,-1.959532380104065,0.19643338024616241,9.0,5.238095283508301,2.3809523582458496,7.61904764175415
AREpv2015,ARE,United Arab Emirates,2015,pv,0.748049259185791,0.19643338024616241,9.0,70.0,60.0,88.0952377319336
GBRpv2015,GBR,United Kingdom,2015,pv,0.5037063956260681,0.19643338024616241,9.0,61.42856979370117,53.80952453613281,72.85713958740234
USApv2015,USA,United States,2015,pv,0.6628901958465576,0.19643338024616241,9.0,66.66666412353516,57.619049072265625,82.38095092773438
URYpv2015,URY,Uruguay,2015,pv,0.9948893189430237,0.2011445164680481,8.0,84.28571319580078,66.66666412353516,95.71428680419922
UZBpv2015,UZB,Uzbekistan,2015,pv,-0.37453246116638184,0.2134300023317337,6.0,33.33333206176758,21.904762268066406,44.28571319580078
VUTpv2015,VUT,Vanuatu,2015,pv,0.45848679542541504,0.2752876877784729,2.0,60.9523811340332,45.71428680419922,78.0952377319336
VENpv2015,VEN,"Venezuela, RB",2015,pv,-0.9716702699661255,0.19643338024616241,9.0,16.190475463867188,9.047618865966797,22.85714340209961
VNMpv2015,VNM,Viet Nam,2015,pv,0.06380822509527206,0.2011445164680481,8.0,50.0,36.66666793823242,59.0476188659668
VIRpv2015,VIR,Virgin Islands (U.S.),2015,pv,1.2200018167495728,0.27039873600006104,2.0,93.33333587646484,70.47618865966797,99.52381134033203
WBGpv2015,WBG,West Bank and Gaza,2015,pv,-2.1540961265563965,0.2237815111875534,4.0,4.285714149475098,0.9523809552192688,6.666666507720947
YEMpv2015,YEM,"Yemen, Rep.",2015,pv,-2.668016195297241,0.21365055441856384,5.0,0.4761904776096344,0.0,2.3809523582458496
ZMBpv2015,ZMB,Zambia,2015,pv,0.1447097808122635,0.2011445164680481,8.0,53.33333206176758,40.47618865966797,60.9523811340332
ZWEpv2015,ZWE,Zimbabwe,2015,pv,-0.6192072629928589,0.2011445164680481,8.0,24.761905670166016,17.14285659790039,35.71428680419922
AFGpv2016,AFG,Afghanistan,2016,pv,-2.662156105041504,0.21775966882705688,6.0,0.9523809552192688,0.0,2.857142925262451
ALBpv2016,ALB,Albania,2016,pv,0.3374478816986084,0.20608730614185333,8.0,57.619049072265625,47.14285659790039,69.04762268066406
DZApv2016,DZA,Algeria,2016,pv,-1.0997419357299805,0.21085649728775024,7.0,12.380952835083008,8.571428298950195,20.0
ASMpv2016,ASM,American Samoa,2016,pv,1.1585559844970703,0.3161298632621765,1.0,91.42857360839844,65.71428680419922,99.52381134033203
ADOpv2016,ADO,Andorra,2016,pv,1.3827502727508545,0.2868162989616394,2.0,97.14286041259766,78.57142639160156,99.52381134033203
AGOpv2016,AGO,Angola,2016,pv,-0.32158008217811584,0.21436099708080292,6.0,33.33333206176758,21.904762268066406,48.095237731933594
AIApv2016,AIA,Anguilla,2016,pv,1.2840427160263062,0.27295300364494324,2.0,93.80952453613281,73.80952453613281,99.52381134033203
ATGpv2016,ATG,Antigua and Barbuda,2016,pv,0.8592496514320374,0.24525490403175354,4.0,75.71428680419922,61.42856979370117,93.33333587646484
ARGpv2016,ARG,Argentina,2016,pv,0.19774989783763885,0.2032959759235382,9.0,52.85714340209961,40.9523811340332,63.80952453613281
ARMpv2016,ARM,Armenia,2016,pv,-0.6679511070251465,0.21085649728775024,7.0,22.380952835083008,13.809523582458496,32.85714340209961
ABWpv2016,ABW,Aruba,2016,pv,1.2607585191726685,0.24212618172168732,3.0,93.33333587646484,75.71428680419922,99.52381134033203
AUSpv2016,AUS,Australia,2016,pv,1.0334244966506958,0.2032959759235382,9.0,87.61904907226562,70.0,95.71428680419922
AUTpv2016,AUT,Austria,2016,pv,0.8921759724617004,0.2032959759235382,9.0,77.14286041259766,64.76190185546875,92.38095092773438
AZEpv2016,AZE,Azerbaijan,2016,pv,-0.8089088201522827,0.21085649728775024,7.0,18.095237731933594,10.952381134033203,28.095237731933594
BHSpv2016,BHS,"Bahamas, The",2016,pv,0.9599433541297913,0.21326135098934174,6.0,80.0,65.71428680419922,94.28571319580078
BHRpv2016,BHR,Bahrain,2016,pv,-0.7927002310752869,0.21085649728775024,7.0,19.5238094329834,11.428571701049805,28.571428298950195
BGDpv2016,BGD,Bangladesh,2016,pv,-1.259732961654663,0.20608730614185333,8.0,10.952381134033203,8.571428298950195,15.2380952835083
BRBpv2016,BRB,Barbados,2016,pv,0.9600081443786621,0.21827062964439392,6.0,80.47618865966797,65.23809814453125,94.76190185546875
BLRpv2016,BLR,Belarus,2016,pv,0.13570626080036163,0.2093556821346283,7.0,51.42856979370117,38.095237731933594,61.904762268066406
BELpv2016,BEL,Belgium,2016,pv,0.4296061098575592,0.2032959759235382,9.0,61.42856979370117,49.0476188659668,71.9047622680664
BLZpv2016,BLZ,Belize,2016,pv,0.052189551293849945,0.22216497361660004,5.0,48.57143020629883,34.28571319580078,60.9523811340332
BENpv2016,BEN,Benin,2016,pv,-0.008783502504229546,0.21945005655288696,6.0,47.14285659790039,32.380950927734375,58.095237731933594
BMUpv2016,BMU,Bermuda,2016,pv,0.9756136536598206,0.27295300364494324,2.0,82.85713958740234,63.80952453613281,98.0952377319336
BTNpv2016,BTN,Bhutan,2016,pv,1.1060882806777954,0.22396090626716614,5.0,89.52381134033203,71.42857360839844,98.57142639160156
BOLpv2016,BOL,Bolivia,2016,pv,-0.2536759674549103,0.20608730614185333,8.0,36.66666793823242,24.761905670166016,49.0476188659668
BIHpv2016,BIH,Bosnia and Herzegovina,2016,pv,-0.4026640057563782,0.21408866345882416,7.0,30.952381134033203,20.0,45.238094329833984
BWApv2016,BWA,Botswana,2016,pv,0.9791980385780334,0.20980963110923767,7.0,84.28571319580078,65.71428680419922,95.23809814453125
BRApv2016,BRA,Brazil,2016,pv,-0.38103505969047546,0.2032959759235382,9.0,31.904762268066406,21.428571701049805,45.238094329833984
BRNpv2016,BRN,Brunei Darussalam,2016,pv,1.1420178413391113,0.21085649728775024,7.0,90.95237731933594,72.38095092773438,99.04762268066406
BGRpv2016,BGR,Bulgaria,2016,pv,0.06827937066555023,0.2032959759235382,9.0,49.0476188659668,36.19047546386719,59.52381134033203
BFApv2016,BFA,Burkina Faso,2016,pv,-0.8687106966972351,0.2093556821346283,7.0,16.66666603088379,10.952381134033203,25.238094329833984
BDIpv2016,BDI,Burundi,2016,pv,-1.9643751382827759,0.21945005655288696,6.0,5.714285850524902,2.857142925262451,8.571428298950195
KHMpv2016,KHM,Cambodia,2016,pv,0.2061908096075058,0.21408866345882416,7.0,53.33333206176758,40.47618865966797,64.76190185546875
CMRpv2016,CMR,Cameroon,2016,pv,-1.0612130165100098,0.20608730614185333,8.0,13.333333015441895,9.047618865966797,20.952381134033203
CANpv2016,CAN,Canada,2016,pv,1.240411639213562,0.2032959759235382,9.0,92.85713958740234,78.57142639160156,99.52381134033203
CPVpv2016,CPV,Cape Verde,2016,pv,0.8711901903152466,0.22396090626716614,5.0,76.19047546386719,63.33333206176758,92.38095092773438
CYMpv2016,CYM,Cayman Islands,2016,pv,1.1407757997512817,0.27075010538101196,2.0,90.47618865966797,69.52381134033203,99.52381134033203
CAFpv2016,CAF,Central African Republic,2016,pv,-1.7795487642288208,0.2234090119600296,5.0,7.142857074737549,4.285714149475098,9.047618865966797
TCDpv2016,TCD,Chad,2016,pv,-1.301894187927246,0.21945005655288696,6.0,10.476190567016602,7.142857074737549,15.2380952835083
CHLpv2016,CHL,Chile,2016,pv,0.4024062156677246,0.2032959759235382,9.0,60.47618865966797,49.0476188659668,70.95237731933594
CHNpv2016,CHN,China,2016,pv,-0.5022213459014893,0.2032959759235382,9.0,26.66666603088379,17.14285659790039,39.0476188659668
COLpv2016,COL,Colombia,2016,pv,-0.8871639966964722,0.2032959759235382,9.0,16.190475463867188,10.952381134033203,24.761905670166016
COMpv2016,COM,Comoros,2016,pv,0.022001922130584717,0.24693162739276886,4.0,48.095237731933594,31.428571701049805,60.9523811340332
ZARpv2016,ZAR,"Congo, Dem. Rep.",2016,pv,-2.2245893478393555,0.2148483842611313,6.0,4.285714149475098,0.9523809552192688,6.190476417541504
COGpv2016,COG,"Congo, Rep.",2016,pv,-0.5234590768814087,0.21436099708080292,6.0,25.714284896850586,16.190475463867188,39.0476188659668
CRIpv2016,CRI,Costa Rica,2016,pv,0.6485530138015747,0.20608730614185333,8.0,66.66666412353516,57.14285659790039,84.76190185546875
HRVpv2016,HRV,Croatia,2016,pv,0.6541911363601685,0.2032959759235382,9.0,67.61904907226562,57.14285659790039,84.76190185546875
CUBpv2016,CUB,Cuba,2016,pv,0.6731316447257996,0.21436099708080292,6.0,69.04762268066406,57.14285659790039,87.14286041259766
CYPpv2016,CYP,Cyprus,2016,pv,0.5937868356704712,0.21085649728775024,7.0,65.23809814453125,54.761905670166016,79.04762268066406
CZEpv2016,CZE,Czech Republic,2016,pv,0.963384211063385,0.2032959759235382,9.0,80.95237731933594,65.71428680419922,94.28571319580078
CIVpv2016,CIV,Côte d'Ivoire,2016,pv,-0.9092388153076172,0.20608730614185333,8.0,15.714285850524902,10.952381134033203,24.761905670166016
DNKpv2016,DNK,Denmark,2016,pv,0.852912425994873,0.2032959759235382,9.0,75.23809814453125,63.33333206176758,92.38095092773438
DJIpv2016,DJI,Djibouti,2016,pv,-0.6285539865493774,0.22817380726337433,4.0,24.285715103149414,13.809523582458496,36.19047546386719
DMApv2016,DMA,Dominica,2016,pv,0.9776630997657776,0.24525490403175354,4.0,83.33333587646484,64.76190185546875,95.71428680419922
DOMpv2016,DOM,Dominican Republic,2016,pv,0.2412594109773636,0.20608730614185333,8.0,54.761905670166016,43.33333206176758,64.76190185546875
ECUpv2016,ECU,Ecuador,2016,pv,-0.09171043336391449,0.20608730614185333,8.0,44.28571319580078,30.4761905670166,54.761905670166016
EGYpv2016,EGY,"Egypt, Arab Rep.",2016,pv,-1.4397268295288086,0.2093556821346283,7.0,9.047618865966797,6.666666507720947,12.857142448425293
SLVpv2016,SLV,El Salvador,2016,pv,-0.10456875711679459,0.20608730614185333,8.0,43.33333206176758,29.047618865966797,54.28571319580078
GNQpv2016,GNQ,Equatorial Guinea,2016,pv,-0.14674296975135803,0.22817380726337433,4.0,40.47618865966797,25.714284896850586,54.28571319580078
ERIpv2016,ERI,Eritrea,2016,pv,-0.662282407283783,0.2234090119600296,5.0,22.85714340209961,13.333333015441895,34.761905670166016
ESTpv2016,EST,Estonia,2016,pv,0.6627962589263916,0.2032959759235382,9.0,68.0952377319336,57.14285659790039,84.76190185546875
SWZpv2016,SWZ,Eswatini,2016,pv,-0.49432307481765747,0.22817380726337433,4.0,27.619047164916992,16.66666603088379,41.42856979370117
ETHpv2016,ETH,Ethiopia,2016,pv,-1.6172451972961426,0.20608730614185333,8.0,7.61904764175415,5.714285850524902,10.476190567016602
FJIpv2016,FJI,Fiji,2016,pv,0.897029459476471,0.25341179966926575,3.0,78.57142639160156,61.904762268066406,94.28571319580078
FINpv2016,FIN,Finland,2016,pv,0.9825918674468994,0.2032959759235382,9.0,84.76190185546875,66.66666412353516,94.76190185546875
FRApv2016,FRA,France,2016,pv,-0.10634959489107132,0.2032959759235382,9.0,42.85714340209961,30.0,54.28571319580078
GUFpv2016,GUF,French Guiana,2016,pv,0.5384752154350281,0.24212618172168732,3.0,64.28571319580078,51.42856979370117,79.04762268066406
GABpv2016,GAB,Gabon,2016,pv,-0.1101059839129448,0.21085649728775024,7.0,42.380950927734375,28.095237731933594,54.28571319580078
GMBpv2016,GMB,"Gambia, The",2016,pv,-0.442044198513031,0.2148483842611313,6.0,29.5238094329834,19.047618865966797,44.28571319580078
GEOpv2016,GEO,Georgia,2016,pv,-0.3201150894165039,0.21408866345882416,7.0,33.80952453613281,21.904762268066406,48.095237731933594
DEUpv2016,DEU,Germany,2016,pv,0.6675411462783813,0.2032959759235382,9.0,68.57142639160156,57.14285659790039,87.14286041259766
GHApv2016,GHA,Ghana,2016,pv,-0.13890771567821503,0.20608730614185333,8.0,40.9523811340332,27.619047164916992,52.85714340209961
GRCpv2016,GRC,Greece,2016,pv,-0.12970364093780518,0.2032959759235382,9.0,41.42856979370117,28.095237731933594,52.85714340209961
GRLpv2016,GRL,Greenland,2016,pv,1.9642106294631958,0.35300683975219727,2.0,100.0,97.14286041259766,100.0
GRDpv2016,GRD,Grenada,2016,pv,0.9985922574996948,0.24525490403175354,4.0,86.19047546386719,65.23809814453125,97.61904907226562
GUMpv2016,GUM,Guam,2016,pv,0.6520951390266418,0.27295300364494324,2.0,67.14286041259766,52.85714340209961,89.04762268066406
GTMpv2016,GTM,Guatemala,2016,pv,-0.5450037121772766,0.20608730614185333,8.0,25.238094329833984,16.190475463867188,38.095237731933594
GINpv2016,GIN,Guinea,2016,pv,-0.3960709273815155,0.21436099708080292,6.0,31.428571701049805,20.4761905670166,45.238094329833984
GNBpv2016,GNB,Guinea-Bissau,2016,pv,-0.44527557492256165,0.24042962491512299,4.0,29.047618865966797,17.14285659790039,45.238094329833984
GUYpv2016,GUY,Guyana,2016,pv,-0.0342189259827137,0.21326135098934174,6.0,45.71428680419922,31.428571701049805,57.14285659790039
HTIpv2016,HTI,Haiti,2016,pv,-0.7455474734306335,0.21436099708080292,6.0,20.952381134033203,12.380952835083008,31.428571701049805
HNDpv2016,HND,Honduras,2016,pv,-0.4374561607837677,0.20608730614185333,8.0,30.4761905670166,20.0,43.33333206176758
HKGpv2016,HKG,"Hong Kong SAR, China",2016,pv,0.7361583709716797,0.23635543882846832,6.0,71.42857360839844,58.095237731933594,90.0
HUNpv2016,HUN,Hungary,2016,pv,0.6433809399604797,0.2032959759235382,9.0,66.19047546386719,57.14285659790039,82.85713958740234
ISLpv2016,ISL,Iceland,2016,pv,1.3465887308120728,0.20786969363689423,8.0,95.71428680419922,87.14286041259766,99.52381134033203
INDpv2016,IND,India,2016,pv,-0.9604265093803406,0.2032959759235382,9.0,14.7619047164917,10.476190567016602,24.285715103149414
IDNpv2016,IDN,Indonesia,2016,pv,-0.3796997368335724,0.2032959759235382,9.0,32.380950927734375,21.428571701049805,45.238094329833984
IRNpv2016,IRN,"Iran, Islamic Rep.",2016,pv,-0.8140206336975098,0.20608730614185333,8.0,17.619047164916992,10.952381134033203,27.619047164916992
IRQpv2016,IRQ,Iraq,2016,pv,-2.303333044052124,0.21436099708080292,6.0,3.3333332538604736,0.9523809552192688,5.714285850524902
IRLpv2016,IRL,Ireland,2016,pv,0.8338496685028076,0.20786969363689423,8.0,73.33333587646484,62.85714340209961,91.42857360839844
ISRpv2016,ISR,Israel,2016,pv,-0.7993672490119934,0.20786969363689423,8.0,19.047618865966797,10.952381134033203,28.095237731933594
ITApv2016,ITA,Italy,2016,pv,0.35593342781066895,0.2032959759235382,9.0,58.57143020629883,48.095237731933594,69.52381134033203
JAMpv2016,JAM,Jamaica,2016,pv,0.29546841979026794,0.20608730614185333,8.0,57.14285659790039,45.238094329833984,65.71428680419922
JPNpv2016,JPN,Japan,2016,pv,0.968189001083374,0.2032959759235382,9.0,81.42857360839844,65.71428680419922,94.28571319580078
JEYpv2016,JEY,"Jersey, Channel Islands",2016,pv,1.3191468715667725,0.46580860018730164,1.0,95.23809814453125,64.76190185546875,100.0
JORpv2016,JOR,Jordan,2016,pv,-0.49624624848365784,0.2032959759235382,9.0,27.14285659790039,17.14285659790039,39.52381134033203
KAZpv2016,KAZ,Kazakhstan,2016,pv,0.0014629734214395285,0.2032959759235382,9.0,47.619049072265625,32.85714340209961,57.14285659790039
KENpv2016,KEN,Kenya,2016,pv,-1.3544565439224243,0.20608730614185333,8.0,10.0,7.142857074737549,13.809523582458496
KIRpv2016,KIR,Kiribati,2016,pv,0.8469263315200806,0.2868162989616394,2.0,74.76190185546875,58.57143020629883,94.76190185546875
PRKpv2016,PRK,"Korea, Dem. Rep.",2016,pv,-0.6840341687202454,0.21855928003787994,5.0,21.904762268066406,13.333333015441895,32.85714340209961
KORpv2016,KOR,"Korea, Rep.",2016,pv,0.15357650816440582,0.2032959759235382,9.0,52.380950927734375,38.57143020629883,61.904762268066406
KSVpv2016,KSV,Kosovo,2016,pv,-0.28593334555625916,0.22817380726337433,4.0,35.71428680419922,22.85714340209961,49.0476188659668
KWTpv2016,KWT,Kuwait,2016,pv,-0.05650071054697037,0.21085649728775024,7.0,45.238094329833984,30.952381134033203,56.19047546386719
KGZpv2016,KGZ,Kyrgyz Republic,2016,pv,-0.6520196795463562,0.21827062964439392,6.0,23.33333396911621,13.809523582458496,35.238094329833984
LAOpv2016,LAO,Lao PDR,2016,pv,0.5249065160751343,0.21945005655288696,6.0,63.80952453613281,52.380950927734375,76.66666412353516
LVApv2016,LVA,Latvia,2016,pv,0.4672195613384247,0.20786969363689423,8.0,61.904762268066406,49.0476188659668,72.38095092773438
LBNpv2016,LBN,Lebanon,2016,pv,-1.6156840324401855,0.20608730614185333,8.0,8.095237731933594,5.714285850524902,10.476190567016602
LSOpv2016,LSO,Lesotho,2016,pv,-0.2448558658361435,0.22396090626716614,5.0,37.14285659790039,24.761905670166016,49.0476188659668
LBRpv2016,LBR,Liberia,2016,pv,-0.44176819920539856,0.20980963110923767,7.0,30.0,19.5238094329834,43.33333206176758
LBYpv2016,LBY,Libya,2016,pv,-2.27473783493042,0.21436099708080292,6.0,3.809523820877075,0.9523809552192688,5.714285850524902
LIEpv2016,LIE,Liechtenstein,2016,pv,1.4532699584960938,0.2516460120677948,3.0,98.57142639160156,88.0952377319336,99.52381134033203
LTUpv2016,LTU,Lithuania,2016,pv,0.8147212266921997,0.20786969363689423,8.0,72.85713958740234,61.904762268066406,90.95237731933594
LUXpv2016,LUX,Luxembourg,2016,pv,1.4036171436309814,0.20786969363689423,8.0,98.0952377319336,88.57142639160156,99.52381134033203
MACpv2016,MAC,"Macao SAR, China",2016,pv,1.3905671834945679,0.27075010538101196,2.0,97.61904907226562,79.04762268066406,99.52381134033203
MDGpv2016,MDG,Madagascar,2016,pv,-0.29418647289276123,0.20608730614185333,8.0,35.238094329833984,23.809524536132812,48.095237731933594
MWIpv2016,MWI,Malawi,2016,pv,-0.11612751334905624,0.20980963110923767,7.0,41.904762268066406,28.095237731933594,54.28571319580078
MYSpv2016,MYS,Malaysia,2016,pv,0.12948593497276306,0.2032959759235382,9.0,49.52381134033203,38.095237731933594,61.42856979370117
MDVpv2016,MDV,Maldives,2016,pv,0.40803319215774536,0.25341179966926575,3.0,60.9523811340332,47.14285659790039,72.85713958740234
MLIpv2016,MLI,Mali,2016,pv,-1.6128487586975098,0.21085649728775024,7.0,8.571428298950195,5.714285850524902,10.476190567016602
MLTpv2016,MLT,Malta,2016,pv,1.0664597749710083,0.21085649728775024,7.0,89.04762268066406,70.95237731933594,98.0952377319336
MHLpv2016,MHL,Marshall Islands,2016,pv,0.8349636793136597,0.2868162989616394,2.0,73.80952453613281,58.57143020629883,94.28571319580078
MTQpv2016,MTQ,Martinique,2016,pv,0.9756136536598206,0.27295300364494324,2.0,82.85713958740234,63.80952453613281,98.0952377319336
MRTpv2016,MRT,Mauritania,2016,pv,-0.7486915588378906,0.21945005655288696,6.0,20.4761905670166,11.428571701049805,31.428571701049805
MUSpv2016,MUS,Mauritius,2016,pv,0.9992181658744812,0.21945005655288696,6.0,86.66666412353516,65.71428680419922,95.71428680419922
MEXpv2016,MEX,Mexico,2016,pv,-0.6337181329727173,0.2032959759235382,9.0,23.809524536132812,14.285714149475098,34.761905670166016
FSMpv2016,FSM,"Micronesia, Fed. Sts.",2016,pv,1.0364564657211304,0.25341179966926575,3.0,88.0952377319336,65.71428680419922,98.0952377319336
MDApv2016,MDA,Moldova,2016,pv,-0.30549877882003784,0.20608730614185333,8.0,34.761905670166016,23.33333396911621,48.095237731933594
MCOpv2016,MCO,Monaco,2016,pv,1.3153105974197388,0.25341179966926575,3.0,94.76190185546875,78.57142639160156,99.52381134033203
MNGpv2016,MNG,Mongolia,2016,pv,0.7876001000404358,0.2032959759235382,9.0,72.38095092773438,61.42856979370117,90.0
MNEpv2016,MNE,Montenegro,2016,pv,0.2687162160873413,0.22396090626716614,5.0,55.71428680419922,43.33333206176758,65.71428680419922
MARpv2016,MAR,Morocco,2016,pv,-0.3176177740097046,0.20608730614185333,8.0,34.28571319580078,22.85714340209961,47.619049072265625
MOZpv2016,MOZ,Mozambique,2016,pv,-1.0968146324157715,0.21085649728775024,7.0,12.857142448425293,8.571428298950195,20.0
MMRpv2016,MMR,Myanmar,2016,pv,-0.8081249594688416,0.2093556821346283,7.0,18.571428298950195,10.952381134033203,28.095237731933594
NAMpv2016,NAM,Namibia,2016,pv,0.6995289921760559,0.21085649728775024,7.0,70.0,58.095237731933594,88.0952377319336
NRUpv2016,NRU,Nauru,2016,pv,1.1088570356369019,0.2868162989616394,2.0,90.0,65.71428680419922,99.52381134033203
NPLpv2016,NPL,Nepal,2016,pv,-0.8469899892807007,0.21408866345882416,7.0,17.14285659790039,10.952381134033203,27.14285659790039
NLDpv2016,NLD,Netherlands,2016,pv,0.8969331979751587,0.2032959759235382,9.0,77.61904907226562,64.76190185546875,92.38095092773438
NZLpv2016,NZL,New Zealand,2016,pv,1.5011433362960815,0.2032959759235382,9.0,99.52381134033203,91.42857360839844,99.52381134033203
NICpv2016,NIC,Nicaragua,2016,pv,-0.09548357129096985,0.2093556821346283,7.0,43.80952453613281,30.0,54.761905670166016
NERpv2016,NER,Niger,2016,pv,-1.1007574796676636,0.21436099708080292,6.0,11.904762268066406,8.571428298950195,20.0
NGApv2016,NGA,Nigeria,2016,pv,-1.8738889694213867,0.20608730614185333,8.0,6.190476417541504,4.285714149475098,8.571428298950195
MKDpv2016,MKD,North Macedonia,2016,pv,-0.35531261563301086,0.21408866345882416,7.0,32.85714340209961,21.428571701049805,47.14285659790039
NORpv2016,NOR,Norway,2016,pv,1.1816209554672241,0.2032959759235382,9.0,92.38095092773438,74.76190185546875,99.52381134033203
OMNpv2016,OMN,Oman,2016,pv,0.7497656345367432,0.21085649728775024,7.0,71.9047622680664,60.47618865966797,89.04762268066406
PAKpv2016,PAK,Pakistan,2016,pv,-2.4738738536834717,0.20608730614185333,8.0,1.4285714626312256,0.0,4.285714149475098
PLWpv2016,PLW,Palau,2016,pv,0.8469263315200806,0.2868162989616394,2.0,74.76190185546875,58.57143020629883,94.76190185546875
PANpv2016,PAN,Panama,2016,pv,0.4007277488708496,0.20608730614185333,8.0,59.52381134033203,48.57143020629883,71.42857360839844
PNGpv2016,PNG,Papua New Guinea,2016,pv,-0.504316508769989,0.21855928003787994,5.0,26.190475463867188,16.66666603088379,40.47618865966797
PRYpv2016,PRY,Paraguay,2016,pv,0.13447080552577972,0.21085649728775024,7.0,50.9523811340332,37.619049072265625,61.904762268066406
PERpv2016,PER,Peru,2016,pv,-0.20793484151363373,0.2032959759235382,9.0,38.095237731933594,25.238094329833984,49.0476188659668
PHLpv2016,PHL,Philippines,2016,pv,-1.3786903619766235,0.2032959759235382,9.0,9.523809432983398,7.142857074737549,13.333333015441895
POLpv2016,POL,Poland,2016,pv,0.4961576461791992,0.2032959759235382,9.0,63.33333206176758,52.380950927734375,72.85713958740234
PRTpv2016,PRT,Portugal,2016,pv,0.9586257934570312,0.2032959759235382,9.0,79.52381134033203,65.71428680419922,94.28571319580078
PRIpv2016,PRI,Puerto Rico,2016,pv,0.6778286099433899,0.22817380726337433,4.0,69.52381134033203,57.14285659790039,88.57142639160156
QATpv2016,QAT,Qatar,2016,pv,0.8841237425804138,0.20786969363689423,8.0,76.66666412353516,64.28571319580078,92.38095092773438
ROMpv2016,ROM,Romania,2016,pv,0.2668232023715973,0.2032959759235382,9.0,55.238094329833984,44.28571319580078,65.23809814453125
RUSpv2016,RUS,Russian Federation,2016,pv,-0.9476881623268127,0.2032959759235382,9.0,15.2380952835083,10.476190567016602,24.761905670166016
RWApv2016,RWA,Rwanda,2016,pv,-0.06651866436004639,0.21945005655288696,6.0,44.761905670166016,30.4761905670166,56.66666793823242
REUpv2016,REU,Réunion,2016,pv,0.29062676429748535,0.3161298632621765,1.0,56.66666793823242,37.14285659790039,72.38095092773438
WSMpv2016,WSM,Samoa,2016,pv,1.1758835315704346,0.25341179966926575,3.0,91.9047622680664,71.9047622680664,99.52381134033203
SMRpv2016,SMR,San Marino,2016,pv,1.3827502727508545,0.2868162989616394,2.0,97.14286041259766,78.57142639160156,99.52381134033203
SAUpv2016,SAU,Saudi Arabia,2016,pv,-0.4727711081504822,0.20786969363689423,8.0,28.095237731933594,17.619047164916992,40.9523811340332
SENpv2016,SEN,Senegal,2016,pv,-0.22595489025115967,0.20608730614185333,8.0,37.619049072265625,24.761905670166016,49.0476188659668
SRBpv2016,SRB,Serbia,2016,pv,0.13328160345554352,0.20608730614185333,8.0,50.47618865966797,38.095237731933594,61.904762268066406
SYCpv2016,SYC,Seychelles,2016,pv,0.7159531712532043,0.22817380726337433,4.0,70.95237731933594,57.619049072265625,89.04762268066406
SLEpv2016,SLE,Sierra Leone,2016,pv,-0.16711315512657166,0.20980963110923767,7.0,39.52381134033203,25.714284896850586,52.380950927734375
SGPpv2016,SGP,Singapore,2016,pv,1.4774689674377441,0.2032959759235382,9.0,99.04762268066406,90.95237731933594,99.52381134033203
SVKpv2016,SVK,Slovak Republic,2016,pv,0.7082305550575256,0.20786969363689423,8.0,70.47618865966797,58.57143020629883,88.57142639160156
SVNpv2016,SVN,Slovenia,2016,pv,0.979141891002655,0.2032959759235382,9.0,83.80952453613281,66.19047546386719,94.28571319580078
SLBpv2016,SLB,Solomon Islands,2016,pv,0.4917543828487396,0.25341179966926575,3.0,62.85714340209961,49.0476188659668,78.57142639160156
SOMpv2016,SOM,Somalia,2016,pv,-2.3471579551696777,0.21436099708080292,6.0,2.3809523582458496,0.4761904776096344,4.761904716491699
ZAFpv2016,ZAF,South Africa,2016,pv,-0.14908500015735626,0.2032959759235382,9.0,40.0,27.619047164916992,52.380950927734375
SSDpv2016,SSD,South Sudan,2016,pv,-2.41249680519104,0.24693162739276886,4.0,1.9047619104385376,0.0,4.285714149475098
ESPpv2016,ESP,Spain,2016,pv,0.40221449732780457,0.2032959759235382,9.0,60.0,49.0476188659668,70.95237731933594
LKApv2016,LKA,Sri Lanka,2016,pv,-0.011340050026774406,0.20608730614185333,8.0,46.66666793823242,32.85714340209961,57.14285659790039
KNApv2016,KNA,St. Kitts and Nevis,2016,pv,0.6068054437637329,0.24525490403175354,4.0,65.71428680419922,52.85714340209961,87.14286041259766
LCApv2016,LCA,St. Lucia,2016,pv,0.9985922574996948,0.24525490403175354,4.0,86.19047546386719,65.23809814453125,97.61904907226562
VCTpv2016,VCT,St. Vincent and the Grenadines,2016,pv,0.9985922574996948,0.24525490403175354,4.0,86.19047546386719,65.23809814453125,97.61904907226562
SDNpv2016,SDN,Sudan,2016,pv,-2.3311057090759277,0.21436099708080292,6.0,2.857142925262451,0.4761904776096344,4.761904716491699
SURpv2016,SUR,Suriname,2016,pv,0.15281789004802704,0.21326135098934174,6.0,51.904762268066406,38.095237731933594,63.33333206176758
SWEpv2016,SWE,Sweden,2016,pv,1.0007821321487427,0.2032959759235382,9.0,87.14286041259766,68.0952377319336,95.23809814453125
CHEpv2016,CHE,Switzerland,2016,pv,1.2898540496826172,0.20786969363689423,8.0,94.28571319580078,79.04762268066406,99.52381134033203
SYRpv2016,SYR,Syrian Arab Republic,2016,pv,-2.906036138534546,0.21855928003787994,5.0,0.0,0.0,0.9523809552192688
STPpv2016,STP,São Tomé and Principe,2016,pv,0.21597915887832642,0.22817380726337433,4.0,53.80952453613281,39.52381134033203,64.76190185546875
TWNpv2016,TWN,"Taiwan, China",2016,pv,0.9141191244125366,0.20786969363689423,8.0,79.04762268066406,64.76190185546875,92.85713958740234
TJKpv2016,TJK,Tajikistan,2016,pv,-0.7806183099746704,0.21945005655288696,6.0,20.0,10.952381134033203,30.4761905670166
TZApv2016,TZA,Tanzania,2016,pv,-0.4482467770576477,0.20608730614185333,8.0,28.571428298950195,19.5238094329834,41.904762268066406
THApv2016,THA,Thailand,2016,pv,-0.9913002252578735,0.2032959759235382,9.0,14.285714149475098,10.0,22.85714340209961
TMPpv2016,TMP,Timor-Leste,2016,pv,-0.017668042331933975,0.22817380726337433,4.0,46.19047546386719,31.428571701049805,58.57143020629883
TGOpv2016,TGO,Togo,2016,pv,-0.1751171052455902,0.21436099708080292,6.0,39.0476188659668,25.238094329833984,52.380950927734375
TONpv2016,TON,Tonga,2016,pv,0.897029459476471,0.25341179966926575,3.0,78.57142639160156,61.904762268066406,94.28571319580078
TTOpv2016,TTO,Trinidad and Tobago,2016,pv,0.2772577702999115,0.20980963110923767,7.0,56.19047546386719,44.28571319580078,65.71428680419922
TUNpv2016,TUN,Tunisia,2016,pv,-1.1397223472595215,0.20608730614185333,8.0,11.428571701049805,8.571428298950195,18.571428298950195
TKMpv2016,TKM,Turkmenistan,2016,pv,-0.1951480656862259,0.2234090119600296,5.0,38.57143020629883,24.761905670166016,52.380950927734375
TUVpv2016,TUV,Tuvalu,2016,pv,1.3827502727508545,0.2868162989616394,2.0,97.14286041259766,78.57142639160156,99.52381134033203
TURpv2016,TUR,Türkiye,2016,pv,-2.0072147846221924,0.2032959759235382,9.0,4.761904716491699,2.3809523582458496,7.142857074737549
UGApv2016,UGA,Uganda,2016,pv,-0.71827632188797,0.20608730614185333,8.0,21.428571701049805,13.333333015441895,31.904762268066406
UKRpv2016,UKR,Ukraine,2016,pv,-1.8533319234848022,0.2032959759235382,9.0,6.666666507720947,4.285714149475098,8.571428298950195
AREpv2016,ARE,United Arab Emirates,2016,pv,0.5496461391448975,0.2032959759235382,9.0,64.76190185546875,53.80952453613281,76.19047546386719
GBRpv2016,GBR,United Kingdom,2016,pv,0.3479326367378235,0.2032959759235382,9.0,58.095237731933594,47.619049072265625,69.52381134033203
USApv2016,USA,United States,2016,pv,0.3856353163719177,0.2032959759235382,9.0,59.0476188659668,48.57143020629883,70.95237731933594
URYpv2016,URY,Uruguay,2016,pv,1.0485217571258545,0.20608730614185333,8.0,88.57142639160156,70.47618865966797,97.14286041259766
UZBpv2016,UZB,Uzbekistan,2016,pv,-0.2807537019252777,0.21775966882705688,6.0,36.19047546386719,23.33333396911621,49.0476188659668
VUTpv2016,VUT,Vanuatu,2016,pv,0.48971042037010193,0.2868162989616394,2.0,62.380950927734375,47.619049072265625,80.47618865966797
VENpv2016,VEN,"Venezuela, RB",2016,pv,-1.0229766368865967,0.2032959759235382,9.0,13.809523582458496,9.523809432983398,21.428571701049805
VNMpv2016,VNM,Viet Nam,2016,pv,0.2268325239419937,0.20608730614185333,8.0,54.28571319580078,41.904762268066406,64.76190185546875
VIRpv2016,VIR,Virgin Islands (U.S.),2016,pv,0.9756136536598206,0.27295300364494324,2.0,82.85713958740234,63.80952453613281,98.0952377319336
WBGpv2016,WBG,West Bank and Gaza,2016,pv,-1.9708783626556396,0.22817380726337433,4.0,5.238095283508301,2.3809523582458496,8.571428298950195
YEMpv2016,YEM,"Yemen, Rep.",2016,pv,-2.7844886779785156,0.2148483842611313,6.0,0.4761904776096344,0.0,1.4285714626312256
ZMBpv2016,ZMB,Zambia,2016,pv,0.1329282820224762,0.20980963110923767,7.0,50.0,37.619049072265625,61.904762268066406
ZWEpv2016,ZWE,Zimbabwe,2016,pv,-0.6208097338676453,0.20608730614185333,8.0,24.761905670166016,14.7619047164917,35.71428680419922
AFGpv2017,AFG,Afghanistan,2017,pv,-2.794975519180298,0.22567160427570343,6.0,0.4761904776096344,0.0,1.4285714626312256
ALBpv2017,ALB,Albania,2017,pv,0.37377074360847473,0.2139359712600708,8.0,59.52381134033203,46.66666793823242,70.47618865966797
DZApv2017,DZA,Algeria,2017,pv,-0.919614315032959,0.2192123383283615,7.0,15.714285850524902,9.523809432983398,27.14285659790039
ASMpv2017,ASM,American Samoa,2017,pv,1.1843236684799194,0.3447714149951935,1.0,91.9047622680664,66.66666412353516,99.52381134033203
ADOpv2017,ADO,Andorra,2017,pv,1.3928897380828857,0.309247761964798,2.0,97.14286041259766,77.61904907226562,99.52381134033203
AGOpv2017,AGO,Angola,2017,pv,-0.38789549469947815,0.21287277340888977,7.0,30.4761905670166,19.5238094329834,45.71428680419922
AIApv2017,AIA,Anguilla,2017,pv,1.3583909273147583,0.2843969166278839,2.0,96.19047546386719,77.61904907226562,99.52381134033203
ATGpv2017,ATG,Antigua and Barbuda,2017,pv,0.7320609092712402,0.2544384300708771,4.0,70.95237731933594,58.57143020629883,88.57142639160156
ARGpv2017,ARG,Argentina,2017,pv,0.1625421643257141,0.20981326699256897,9.0,53.33333206176758,39.0476188659668,63.80952453613281
ARMpv2017,ARM,Armenia,2017,pv,-0.6262111663818359,0.2192123383283615,7.0,25.238094329833984,13.809523582458496,35.238094329833984
ABWpv2017,ABW,Aruba,2017,pv,1.3138459920883179,0.2521238625049591,3.0,95.23809814453125,77.61904907226562,99.52381134033203
AUSpv2017,AUS,Australia,2017,pv,0.8760640621185303,0.20169934630393982,10.0,77.61904907226562,64.76190185546875,91.9047622680664
AUTpv2017,AUT,Austria,2017,pv,1.0296248197555542,0.20981326699256897,9.0,85.23809814453125,70.47618865966797,96.19047546386719
AZEpv2017,AZE,Azerbaijan,2017,pv,-0.7519010305404663,0.2192123383283615,7.0,19.5238094329834,11.904762268066406,30.0
BHSpv2017,BHS,"Bahamas, The",2017,pv,0.9767625331878662,0.22128787636756897,6.0,81.42857360839844,66.66666412353516,95.71428680419922
BHRpv2017,BHR,Bahrain,2017,pv,-0.9587462544441223,0.22247816622257233,6.0,14.285714149475098,9.047618865966797,25.238094329833984
BGDpv2017,BGD,Bangladesh,2017,pv,-1.2536271810531616,0.2139359712600708,8.0,10.476190567016602,8.571428298950195,16.190475463867188
BRBpv2017,BRB,Barbados,2017,pv,0.9525253176689148,0.23054403066635132,5.0,79.52381134033203,65.23809814453125,95.23809814453125
BLRpv2017,BLR,Belarus,2017,pv,-0.05720870569348335,0.21696837246418,7.0,43.33333206176758,30.0,58.57143020629883
BELpv2017,BEL,Belgium,2017,pv,0.41760727763175964,0.20981326699256897,9.0,62.380950927734375,49.0476188659668,71.42857360839844
BLZpv2017,BLZ,Belize,2017,pv,0.03040412627160549,0.23054403066635132,5.0,48.095237731933594,32.380950927734375,61.904762268066406
BENpv2017,BEN,Benin,2017,pv,0.026252493262290955,0.2281997948884964,6.0,47.619049072265625,32.380950927734375,61.42856979370117
BMUpv2017,BMU,Bermuda,2017,pv,0.9814909100532532,0.2843969166278839,2.0,82.85713958740234,64.28571319580078,97.61904907226562
BTNpv2017,BTN,Bhutan,2017,pv,1.1027946472167969,0.23324152827262878,5.0,88.0952377319336,70.47618865966797,98.0952377319336
BOLpv2017,BOL,Bolivia,2017,pv,-0.2801108956336975,0.21696837246418,7.0,34.761905670166016,24.285715103149414,49.0476188659668
BIHpv2017,BIH,Bosnia and Herzegovina,2017,pv,-0.35146987438201904,0.22226525843143463,7.0,32.380950927734375,20.4761905670166,46.19047546386719
BWApv2017,BWA,Botswana,2017,pv,1.0092958211898804,0.21807344257831573,7.0,84.76190185546875,69.04762268066406,96.19047546386719
BRApv2017,BRA,Brazil,2017,pv,-0.479947566986084,0.20169934630393982,10.0,29.5238094329834,17.14285659790039,39.52381134033203
BRNpv2017,BRN,Brunei Darussalam,2017,pv,1.1534267663955688,0.2192123383283615,7.0,89.52381134033203,73.80952453613281,98.0952377319336
BGRpv2017,BGR,Bulgaria,2017,pv,0.3213796615600586,0.20981326699256897,9.0,59.0476188659668,45.71428680419922,69.04762268066406
BFApv2017,BFA,Burkina Faso,2017,pv,-0.9278858304023743,0.21696837246418,7.0,15.2380952835083,9.523809432983398,25.714284896850586
BDIpv2017,BDI,Burundi,2017,pv,-2.002575159072876,0.2281997948884964,6.0,4.285714149475098,1.9047619104385376,8.095237731933594
KHMpv2017,KHM,Cambodia,2017,pv,0.09350965172052383,0.22226525843143463,7.0,50.9523811340332,34.761905670166016,62.85714340209961
CMRpv2017,CMR,Cameroon,2017,pv,-1.0915050506591797,0.2139359712600708,8.0,12.380952835083008,8.571428298950195,19.5238094329834
CANpv2017,CAN,Canada,2017,pv,1.0896811485290527,0.20981326699256897,9.0,87.14286041259766,70.95237731933594,97.61904907226562
CPVpv2017,CPV,Cape Verde,2017,pv,0.7628655433654785,0.23324152827262878,5.0,71.9047622680664,60.0,88.57142639160156
CYMpv2017,CYM,Cayman Islands,2017,pv,1.1626113653182983,0.2913513481616974,2.0,90.95237731933594,70.47618865966797,99.52381134033203
CAFpv2017,CAF,Central African Republic,2017,pv,-1.9935333728790283,0.23189093172550201,5.0,5.238095283508301,1.9047619104385376,8.571428298950195
TCDpv2017,TCD,Chad,2017,pv,-1.2863926887512207,0.2281997948884964,6.0,9.523809432983398,7.61904764175415,16.190475463867188
CHLpv2017,CHL,Chile,2017,pv,0.40628159046173096,0.20981326699256897,9.0,61.904762268066406,48.57143020629883,71.42857360839844
CHNpv2017,CHN,China,2017,pv,-0.23255810141563416,0.20981326699256897,9.0,38.57143020629883,25.714284896850586,51.42856979370117
COLpv2017,COL,Colombia,2017,pv,-0.7794578075408936,0.20981326699256897,9.0,18.095237731933594,11.904762268066406,29.5238094329834
COMpv2017,COM,Comoros,2017,pv,0.022408004850149155,0.2562524974346161,4.0,46.66666793823242,30.0,62.380950927734375
ZARpv2017,ZAR,"Congo, Dem. Rep.",2017,pv,-2.33944034576416,0.22367005050182343,6.0,2.857142925262451,0.4761904776096344,5.238095283508301
COGpv2017,COG,"Congo, Rep.",2017,pv,-0.5336148142814636,0.22247816622257233,6.0,27.619047164916992,16.190475463867188,39.52381134033203
CRIpv2017,CRI,Costa Rica,2017,pv,0.5970072150230408,0.2139359712600708,8.0,66.19047546386719,55.238094329833984,79.04762268066406
HRVpv2017,HRV,Croatia,2017,pv,0.6819056868553162,0.20981326699256897,9.0,70.47618865966797,59.0476188659668,84.76190185546875
CUBpv2017,CUB,Cuba,2017,pv,0.638511061668396,0.22247816622257233,6.0,68.0952377319336,57.14285659790039,84.28571319580078
CYPpv2017,CYP,Cyprus,2017,pv,0.5309741497039795,0.21478335559368134,8.0,64.76190185546875,53.33333206176758,77.61904907226562
CZEpv2017,CZE,Czech Republic,2017,pv,0.9906507730484009,0.20981326699256897,9.0,83.33333587646484,68.57142639160156,95.23809814453125
CIVpv2017,CIV,Côte d'Ivoire,2017,pv,-1.0911163091659546,0.21696837246418,7.0,12.857142448425293,8.571428298950195,19.5238094329834
DNKpv2017,DNK,Denmark,2017,pv,0.8549375534057617,0.20981326699256897,9.0,75.23809814453125,64.28571319580078,91.9047622680664
DJIpv2017,DJI,Djibouti,2017,pv,-0.7339450716972351,0.23718705773353577,4.0,20.0,11.904762268066406,32.380950927734375
DMApv2017,DMA,Dominica,2017,pv,1.172776699066162,0.2544384300708771,4.0,91.42857360839844,71.42857360839844,98.57142639160156
DOMpv2017,DOM,Dominican Republic,2017,pv,0.1520739048719406,0.2139359712600708,8.0,52.85714340209961,38.57143020629883,63.80952453613281
ECUpv2017,ECU,Ecuador,2017,pv,-0.07893207669258118,0.2139359712600708,8.0,41.904762268066406,30.0,57.14285659790039
EGYpv2017,EGY,"Egypt, Arab Rep.",2017,pv,-1.4296458959579468,0.2139359712600708,8.0,9.047618865966797,7.142857074737549,13.333333015441895
SLVpv2017,SLV,El Salvador,2017,pv,-0.26382026076316833,0.2139359712600708,8.0,35.71428680419922,25.238094329833984,50.47618865966797
GNQpv2017,GNQ,Equatorial Guinea,2017,pv,-0.17201988399028778,0.23718705773353577,4.0,39.52381134033203,27.14285659790039,54.761905670166016
ERIpv2017,ERI,Eritrea,2017,pv,-0.7334444522857666,0.23189093172550201,5.0,20.4761905670166,11.904762268066406,31.904762268066406
ESTpv2017,EST,Estonia,2017,pv,0.6423707604408264,0.20981326699256897,9.0,68.57142639160156,58.095237731933594,82.85713958740234
SWZpv2017,SWZ,Eswatini,2017,pv,-0.2708773910999298,0.23324152827262878,5.0,35.238094329833984,22.85714340209961,51.42856979370117
ETHpv2017,ETH,Ethiopia,2017,pv,-1.6772305965423584,0.2139359712600708,8.0,7.61904764175415,3.809523820877075,9.047618865966797
FJIpv2017,FJI,Fiji,2017,pv,0.5853802561759949,0.2479022741317749,4.0,65.71428680419922,53.33333206176758,83.33333587646484
FINpv2017,FIN,Finland,2017,pv,1.0638082027435303,0.20981326699256897,9.0,86.66666412353516,70.47618865966797,97.61904907226562
FRApv2017,FRA,France,2017,pv,0.2657015323638916,0.20981326699256897,9.0,56.19047546386719,41.904762268066406,66.66666412353516
GUFpv2017,GUF,French Guiana,2017,pv,0.4922405481338501,0.2521238625049591,3.0,63.80952453613281,49.52381134033203,78.0952377319336
GABpv2017,GAB,Gabon,2017,pv,-0.1058908998966217,0.22247816622257233,6.0,40.47618865966797,29.5238094329834,55.238094329833984
GMBpv2017,GMB,"Gambia, The",2017,pv,-0.0948309376835823,0.22367005050182343,6.0,40.9523811340332,29.5238094329834,57.14285659790039
GEOpv2017,GEO,Georgia,2017,pv,-0.37521475553512573,0.22226525843143463,7.0,31.428571701049805,19.5238094329834,45.71428680419922
DEUpv2017,DEU,Germany,2017,pv,0.5743812918663025,0.20981326699256897,9.0,65.23809814453125,55.238094329833984,78.57142639160156
GHApv2017,GHA,Ghana,2017,pv,0.08203698694705963,0.2139359712600708,8.0,50.0,35.238094329833984,62.380950927734375
GRCpv2017,GRC,Greece,2017,pv,-0.08124404400587082,0.20981326699256897,9.0,41.42856979370117,30.0,55.71428680419922
GRLpv2017,GRL,Greenland,2017,pv,1.9275836944580078,0.34731805324554443,2.0,100.0,95.71428680419922,100.0
GRDpv2017,GRD,Grenada,2017,pv,0.9923751950263977,0.2544384300708771,4.0,83.80952453613281,65.23809814453125,97.61904907226562
GUMpv2017,GUM,Guam,2017,pv,0.6784604787826538,0.2843969166278839,2.0,70.0,54.761905670166016,88.57142639160156
GTMpv2017,GTM,Guatemala,2017,pv,-0.6513654589653015,0.2139359712600708,8.0,23.33333396911621,13.809523582458496,33.80952453613281
GINpv2017,GIN,Guinea,2017,pv,-0.6990741491317749,0.22247816622257233,6.0,21.428571701049805,13.333333015441895,32.380950927734375
GNBpv2017,GNB,Guinea-Bissau,2017,pv,-0.4976833462715149,0.24988752603530884,4.0,29.047618865966797,16.190475463867188,40.9523811340332
GUYpv2017,GUY,Guyana,2017,pv,-0.049440186470746994,0.22128787636756897,6.0,45.238094329833984,30.0,58.57143020629883
HTIpv2017,HTI,Haiti,2017,pv,-0.6760773062705994,0.2192123383283615,7.0,22.380952835083008,13.333333015441895,32.85714340209961
HNDpv2017,HND,Honduras,2017,pv,-0.5656371116638184,0.2139359712600708,8.0,27.14285659790039,16.190475463867188,38.57143020629883
HKGpv2017,HKG,"Hong Kong SAR, China",2017,pv,0.8182035088539124,0.2445482313632965,7.0,74.76190185546875,61.904762268066406,92.85713958740234
HUNpv2017,HUN,Hungary,2017,pv,0.7962005138397217,0.20981326699256897,9.0,74.28571319580078,62.380950927734375,88.57142639160156
ISLpv2017,ISL,Iceland,2017,pv,1.3376867771148682,0.21478335559368134,8.0,95.71428680419922,82.85713958740234,99.52381134033203
INDpv2017,IND,India,2017,pv,-0.7740991115570068,0.20981326699256897,9.0,18.571428298950195,11.904762268066406,30.0
IDNpv2017,IDN,Indonesia,2017,pv,-0.5049387216567993,0.20981326699256897,9.0,28.095237731933594,17.14285659790039,39.52381134033203
IRNpv2017,IRN,"Iran, Islamic Rep.",2017,pv,-0.9338288903236389,0.2139359712600708,8.0,14.7619047164917,9.523809432983398,25.714284896850586
IRQpv2017,IRQ,Iraq,2017,pv,-2.295949697494507,0.22247816622257233,6.0,3.3333332538604736,0.4761904776096344,5.714285850524902
IRLpv2017,IRL,Ireland,2017,pv,0.9934101104736328,0.21478335559368134,8.0,84.28571319580078,68.0952377319336,95.71428680419922
ISRpv2017,ISR,Israel,2017,pv,-0.8949057459831238,0.21478335559368134,8.0,16.66666603088379,10.952381134033203,27.14285659790039
ITApv2017,ITA,Italy,2017,pv,0.29291048645973206,0.20981326699256897,9.0,57.619049072265625,44.761905670166016,67.61904907226562
JAMpv2017,JAM,Jamaica,2017,pv,0.29830336570739746,0.2139359712600708,8.0,58.57143020629883,44.28571319580078,69.04762268066406
JPNpv2017,JPN,Japan,2017,pv,1.1001280546188354,0.20981326699256897,9.0,87.61904907226562,71.42857360839844,97.61904907226562
JEYpv2017,JEY,"Jersey, Channel Islands",2017,pv,1.2774415016174316,0.48008105158805847,1.0,94.28571319580078,63.33333206176758,100.0
JORpv2017,JOR,Jordan,2017,pv,-0.43458667397499084,0.20169934630393982,10.0,30.0,18.571428298950195,40.47618865966797
KAZpv2017,KAZ,Kazakhstan,2017,pv,0.024349680170416832,0.20169934630393982,10.0,47.14285659790039,33.33333206176758,59.0476188659668
KENpv2017,KEN,Kenya,2017,pv,-1.1284388303756714,0.2139359712600708,8.0,11.904762268066406,8.571428298950195,18.095237731933594
KIRpv2017,KIR,Kiribati,2017,pv,0.8554363250732422,0.309247761964798,2.0,75.71428680419922,59.0476188659668,96.19047546386719
PRKpv2017,PRK,"Korea, Dem. Rep.",2017,pv,-0.5000234246253967,0.22714237868785858,5.0,28.571428298950195,17.14285659790039,40.0
KORpv2017,KOR,"Korea, Rep.",2017,pv,0.38183072209358215,0.20169934630393982,10.0,60.9523811340332,48.57143020629883,70.47618865966797
KSVpv2017,KSV,Kosovo,2017,pv,-0.2444930523633957,0.23718705773353577,4.0,38.095237731933594,24.285715103149414,52.380950927734375
KWTpv2017,KWT,Kuwait,2017,pv,-0.051229096949100494,0.2192123383283615,7.0,44.761905670166016,30.0,58.57143020629883
KGZpv2017,KGZ,Kyrgyz Republic,2017,pv,-0.3625059127807617,0.21675024926662445,7.0,31.904762268066406,20.4761905670166,45.71428680419922
LAOpv2017,LAO,Lao PDR,2017,pv,0.39401277899742126,0.2281997948884964,6.0,61.42856979370117,46.19047546386719,72.38095092773438
LVApv2017,LVA,Latvia,2017,pv,0.4529546797275543,0.21478335559368134,8.0,62.85714340209961,50.9523811340332,74.28571319580078
LBNpv2017,LBN,Lebanon,2017,pv,-1.622227668762207,0.2139359712600708,8.0,8.571428298950195,5.238095283508301,9.523809432983398
LSOpv2017,LSO,Lesotho,2017,pv,-0.19412481784820557,0.23324152827262878,5.0,39.0476188659668,25.714284896850586,54.28571319580078
LBRpv2017,LBR,Liberia,2017,pv,-0.3197227120399475,0.20900464057922363,8.0,32.85714340209961,22.85714340209961,46.66666793823242
LBYpv2017,LBY,Libya,2017,pv,-2.353576183319092,0.22247816622257233,6.0,2.3809523582458496,0.4761904776096344,5.238095283508301
LIEpv2017,LIE,Liechtenstein,2017,pv,1.4590848684310913,0.26895394921302795,3.0,98.0952377319336,84.76190185546875,99.52381134033203
LTUpv2017,LTU,Lithuania,2017,pv,0.7655659914016724,0.21478335559368134,8.0,72.38095092773438,61.904762268066406,88.57142639160156
LUXpv2017,LUX,Luxembourg,2017,pv,1.3128936290740967,0.21478335559368134,8.0,94.76190185546875,79.52381134033203,99.52381134033203
MACpv2017,MAC,"Macao SAR, China",2017,pv,1.4071301221847534,0.2913513481616974,2.0,97.61904907226562,78.57142639160156,99.52381134033203
MDGpv2017,MDG,Madagascar,2017,pv,-0.3028372824192047,0.2139359712600708,8.0,33.80952453613281,22.85714340209961,48.095237731933594
MWIpv2017,MWI,Malawi,2017,pv,-0.24982817471027374,0.21807344257831573,7.0,37.14285659790039,25.238094329833984,50.9523811340332
MYSpv2017,MYS,Malaysia,2017,pv,0.11120963096618652,0.20981326699256897,9.0,51.42856979370117,38.095237731933594,62.85714340209961
MDVpv2017,MDV,Maldives,2017,pv,0.22453197836875916,0.2634543180465698,3.0,55.238094329833984,38.57143020629883,69.04762268066406
MLIpv2017,MLI,Mali,2017,pv,-1.903491735458374,0.2192123383283615,7.0,6.190476417541504,3.3333332538604736,8.571428298950195
MLTpv2017,MLT,Malta,2017,pv,1.2383089065551758,0.2192123383283615,7.0,93.33333587646484,77.61904907226562,98.57142639160156
MHLpv2017,MHL,Marshall Islands,2017,pv,1.0345875024795532,0.309247761964798,2.0,85.71428680419922,64.28571319580078,98.0952377319336
MTQpv2017,MTQ,Martinique,2017,pv,0.9814909100532532,0.2843969166278839,2.0,82.85713958740234,64.28571319580078,97.61904907226562
MRTpv2017,MRT,Mauritania,2017,pv,-0.629497766494751,0.2281997948884964,6.0,24.761905670166016,13.809523582458496,36.66666793823242
MUSpv2017,MUS,Mauritius,2017,pv,0.9623655676841736,0.2281997948884964,6.0,80.0,65.71428680419922,95.23809814453125
MEXpv2017,MEX,Mexico,2017,pv,-0.8064197897911072,0.20169934630393982,10.0,17.619047164916992,11.428571701049805,29.5238094329834
FSMpv2017,FSM,"Micronesia, Fed. Sts.",2017,pv,1.1616343259811401,0.2634543180465698,3.0,90.47618865966797,70.47618865966797,98.57142639160156
MDApv2017,MDA,Moldova,2017,pv,-0.31498920917510986,0.2139359712600708,8.0,33.33333206176758,22.85714340209961,48.095237731933594
MCOpv2017,MCO,Monaco,2017,pv,1.6150914430618286,0.2634543180465698,3.0,99.52381134033203,91.42857360839844,100.0
MNGpv2017,MNG,Mongolia,2017,pv,0.7833722233772278,0.20981326699256897,9.0,73.80952453613281,62.380950927734375,88.57142639160156
MNEpv2017,MNE,Montenegro,2017,pv,-0.0625774934887886,0.23324152827262878,5.0,42.85714340209961,29.5238094329834,58.57143020629883
MARpv2017,MAR,Morocco,2017,pv,-0.3780888319015503,0.2139359712600708,8.0,30.952381134033203,20.4761905670166,45.71428680419922
MOZpv2017,MOZ,Mozambique,2017,pv,-0.918098509311676,0.21000663936138153,8.0,16.190475463867188,9.523809432983398,25.714284896850586
MMRpv2017,MMR,Myanmar,2017,pv,-1.0840946435928345,0.21696837246418,7.0,13.333333015441895,8.571428298950195,20.4761905670166
NAMpv2017,NAM,Namibia,2017,pv,0.6219063401222229,0.2192123383283615,7.0,67.14286041259766,55.71428680419922,81.42857360839844
NRUpv2017,NRU,Nauru,2017,pv,0.931891143321991,0.309247761964798,2.0,79.04762268066406,62.380950927734375,97.61904907226562
NPLpv2017,NPL,Nepal,2017,pv,-0.5837567448616028,0.21268625557422638,8.0,25.714284896850586,14.7619047164917,38.095237731933594
NLDpv2017,NLD,Netherlands,2017,pv,0.9071236848831177,0.20981326699256897,9.0,78.57142639160156,64.76190185546875,93.80952453613281
NZLpv2017,NZL,New Zealand,2017,pv,1.5619460344314575,0.20169934630393982,10.0,98.57142639160156,92.85713958740234,99.52381134033203
NICpv2017,NIC,Nicaragua,2017,pv,-0.05382266640663147,0.2139359712600708,8.0,44.28571319580078,30.0,58.095237731933594
NERpv2017,NER,Niger,2017,pv,-1.2595056295394897,0.22247816622257233,6.0,10.0,8.095237731933594,16.66666603088379
NGApv2017,NGA,Nigeria,2017,pv,-1.996717929840088,0.2139359712600708,8.0,4.761904716491699,2.3809523582458496,8.095237731933594
MKDpv2017,MKD,North Macedonia,2017,pv,-0.25888076424598694,0.22567160427570343,6.0,36.66666793823242,24.761905670166016,51.42856979370117
NORpv2017,NOR,Norway,2017,pv,1.1507017612457275,0.20981326699256897,9.0,89.04762268066406,74.28571319580078,98.0952377319336
OMNpv2017,OMN,Oman,2017,pv,0.7493128776550293,0.22247816622257233,6.0,71.42857360839844,60.9523811340332,88.57142639160156
PAKpv2017,PAK,Pakistan,2017,pv,-2.396912097930908,0.2139359712600708,8.0,1.9047619104385376,0.4761904776096344,3.809523820877075
PLWpv2017,PLW,Palau,2017,pv,1.2137385606765747,0.309247761964798,2.0,92.85713958740234,70.47618865966797,99.52381134033203
PANpv2017,PAN,Panama,2017,pv,0.38033416867256165,0.2139359712600708,8.0,60.0,47.619049072265625,70.47618865966797
PNGpv2017,PNG,Papua New Guinea,2017,pv,-0.6911950707435608,0.22714237868785858,5.0,21.904762268066406,13.333333015441895,32.85714340209961
PRYpv2017,PRY,Paraguay,2017,pv,-0.0028554622549563646,0.2192123383283615,7.0,46.19047546386719,31.904762268066406,59.0476188659668
PERpv2017,PER,Peru,2017,pv,-0.2635098695755005,0.20981326699256897,9.0,36.19047546386719,25.238094329833984,49.52381134033203
PHLpv2017,PHL,Philippines,2017,pv,-1.189291000366211,0.20981326699256897,9.0,11.428571701049805,8.571428298950195,17.14285659790039
POLpv2017,POL,Poland,2017,pv,0.5097561478614807,0.20981326699256897,9.0,64.28571319580078,53.33333206176758,74.76190185546875
PRTpv2017,PRT,Portugal,2017,pv,1.1061697006225586,0.20981326699256897,9.0,88.57142639160156,71.42857360839844,97.61904907226562
PRIpv2017,PRI,Puerto Rico,2017,pv,0.48197057843208313,0.23324152827262878,5.0,63.33333206176758,50.9523811340332,76.19047546386719
QATpv2017,QAT,Qatar,2017,pv,0.6479830145835876,0.21478335559368134,8.0,69.04762268066406,58.095237731933594,84.28571319580078
ROMpv2017,ROM,Romania,2017,pv,0.048514168709516525,0.20981326699256897,9.0,48.57143020629883,33.80952453613281,60.9523811340332
RUSpv2017,RUS,Russian Federation,2017,pv,-0.6427596211433411,0.20981326699256897,9.0,24.285715103149414,13.809523582458496,33.80952453613281
RWApv2017,RWA,Rwanda,2017,pv,0.07827101647853851,0.2281997948884964,6.0,49.52381134033203,33.80952453613281,62.380950927734375
REUpv2017,REU,Réunion,2017,pv,0.2936285436153412,0.3447714149951935,1.0,58.095237731933594,34.761905670166016,76.19047546386719
WSMpv2017,WSM,Samoa,2017,pv,1.1616343259811401,0.2634543180465698,3.0,90.47618865966797,70.47618865966797,98.57142639160156
SMRpv2017,SMR,San Marino,2017,pv,1.3928897380828857,0.309247761964798,2.0,97.14286041259766,77.61904907226562,99.52381134033203
SAUpv2017,SAU,Saudi Arabia,2017,pv,-0.6496257185935974,0.2061028629541397,9.0,23.809524536132812,13.809523582458496,33.33333206176758
SENpv2017,SEN,Senegal,2017,pv,-0.055722590535879135,0.2139359712600708,8.0,43.80952453613281,30.0,58.095237731933594
SRBpv2017,SRB,Serbia,2017,pv,0.08336798846721649,0.2139359712600708,8.0,50.47618865966797,35.238094329833984,62.380950927734375
SYCpv2017,SYC,Seychelles,2017,pv,0.7794737815856934,0.23324152827262878,5.0,73.33333587646484,61.42856979370117,90.47618865966797
SLEpv2017,SLE,Sierra Leone,2017,pv,-0.03942655026912689,0.21807344257831573,7.0,45.71428680419922,30.0,58.57143020629883
SGPpv2017,SGP,Singapore,2017,pv,1.5991250276565552,0.20981326699256897,9.0,99.04762268066406,93.80952453613281,100.0
SVKpv2017,SVK,Slovak Republic,2017,pv,0.9027314782142639,0.21478335559368134,8.0,78.0952377319336,64.76190185546875,93.80952453613281
SVNpv2017,SVN,Slovenia,2017,pv,0.8663654923439026,0.20981326699256897,9.0,76.66666412353516,64.28571319580078,91.9047622680664
SLBpv2017,SLB,Solomon Islands,2017,pv,0.18808872997760773,0.2634543180465698,3.0,54.28571319580078,38.095237731933594,66.66666412353516
SOMpv2017,SOM,Somalia,2017,pv,-2.249911308288574,0.22247816622257233,6.0,3.809523820877075,0.4761904776096344,6.190476417541504
ZAFpv2017,ZAF,South Africa,2017,pv,-0.2848036289215088,0.20981326699256897,9.0,34.28571319580078,24.761905670166016,48.57143020629883
SSDpv2017,SSD,South Sudan,2017,pv,-2.446237087249756,0.2562524974346161,4.0,1.4285714626312256,0.0,3.809523820877075
ESPpv2017,ESP,Spain,2017,pv,0.2708459496498108,0.20981326699256897,9.0,57.14285659790039,42.380950927734375,66.66666412353516
LKApv2017,LKA,Sri Lanka,2017,pv,-0.07544800639152527,0.2139359712600708,8.0,42.380950927734375,30.0,57.14285659790039
KNApv2017,KNA,St. Kitts and Nevis,2017,pv,0.6285497546195984,0.2544384300708771,4.0,67.61904907226562,54.761905670166016,86.19047546386719
LCApv2017,LCA,St. Lucia,2017,pv,0.974611222743988,0.2544384300708771,4.0,80.95237731933594,64.76190185546875,96.19047546386719
VCTpv2017,VCT,St. Vincent and the Grenadines,2017,pv,0.8711000680923462,0.2544384300708771,4.0,77.14286041259766,62.85714340209961,94.28571319580078
SDNpv2017,SDN,Sudan,2017,pv,-1.9715254306793213,0.22247816622257233,6.0,5.714285850524902,2.857142925262451,8.571428298950195
SURpv2017,SUR,Suriname,2017,pv,0.11980140209197998,0.22128787636756897,6.0,51.904762268066406,38.095237731933594,63.33333206176758
SWEpv2017,SWE,Sweden,2017,pv,0.9686030149459839,0.20981326699256897,9.0,80.47618865966797,67.14286041259766,94.28571319580078
CHEpv2017,CHE,Switzerland,2017,pv,1.242316484451294,0.21478335559368134,8.0,93.80952453613281,77.61904907226562,98.57142639160156
SYRpv2017,SYR,Syrian Arab Republic,2017,pv,-2.612919330596924,0.22714237868785858,5.0,0.9523809552192688,0.0,3.809523820877075
STPpv2017,STP,São Tomé and Principe,2017,pv,0.18346159160137177,0.23718705773353577,4.0,53.80952453613281,38.57143020629883,64.76190185546875
TWNpv2017,TWN,"Taiwan, China",2017,pv,0.8589227199554443,0.21478335559368134,8.0,76.19047546386719,63.80952453613281,91.9047622680664
TJKpv2017,TJK,Tajikistan,2017,pv,-0.6743108630180359,0.23189093172550201,5.0,22.85714340209961,13.333333015441895,33.80952453613281
TZApv2017,TZA,Tanzania,2017,pv,-0.5701621174812317,0.2139359712600708,8.0,26.190475463867188,15.2380952835083,38.57143020629883
THApv2017,THA,Thailand,2017,pv,-0.7548794150352478,0.20981326699256897,9.0,19.047618865966797,11.904762268066406,30.0
TMPpv2017,TMP,Timor-Leste,2017,pv,0.06638272106647491,0.23718705773353577,4.0,49.0476188659668,32.380950927734375,62.85714340209961
TGOpv2017,TGO,Togo,2017,pv,-0.8744446635246277,0.22247816622257233,6.0,17.14285659790039,10.952381134033203,27.619047164916992
TONpv2017,TON,Tonga,2017,pv,0.7715680599212646,0.2634543180465698,3.0,72.85713958740234,59.0476188659668,91.9047622680664
TTOpv2017,TTO,Trinidad and Tobago,2017,pv,0.2692992389202118,0.21807344257831573,7.0,56.66666793823242,40.9523811340332,67.14286041259766
TUNpv2017,TUN,Tunisia,2017,pv,-1.02349054813385,0.2139359712600708,8.0,13.809523582458496,9.047618865966797,22.85714340209961
TKMpv2017,TKM,Turkmenistan,2017,pv,-0.12882302701473236,0.23189093172550201,5.0,40.0,27.619047164916992,55.238094329833984
TUVpv2017,TUV,Tuvalu,2017,pv,1.2137385606765747,0.309247761964798,2.0,92.85713958740234,70.47618865966797,99.52381134033203
TURpv2017,TUR,Türkiye,2017,pv,-1.7863763570785522,0.21267136931419373,8.0,7.142857074737549,3.809523820877075,8.571428298950195
UGApv2017,UGA,Uganda,2017,pv,-0.5699487328529358,0.2139359712600708,8.0,26.66666603088379,15.2380952835083,38.57143020629883
UKRpv2017,UKR,Ukraine,2017,pv,-1.867417812347412,0.20981326699256897,9.0,6.666666507720947,3.809523820877075,8.571428298950195
AREpv2017,ARE,United Arab Emirates,2017,pv,0.6019497513771057,0.20981326699256897,9.0,66.66666412353516,55.238094329833984,79.04762268066406
GBRpv2017,GBR,United Kingdom,2017,pv,0.38068029284477234,0.20169934630393982,10.0,60.47618865966797,48.57143020629883,70.47618865966797
USApv2017,USA,United States,2017,pv,0.262138307094574,0.20169934630393982,10.0,55.71428680419922,42.380950927734375,65.71428680419922
URYpv2017,URY,Uruguay,2017,pv,1.0400922298431396,0.2139359712600708,8.0,86.19047546386719,70.47618865966797,96.19047546386719
UZBpv2017,UZB,Uzbekistan,2017,pv,-0.244978666305542,0.22567160427570343,6.0,37.619049072265625,25.238094329833984,51.904762268066406
VUTpv2017,VUT,Vanuatu,2017,pv,0.6762852072715759,0.309247761964798,2.0,69.52381134033203,53.33333206176758,91.42857360839844
VENpv2017,VEN,"Venezuela, RB",2017,pv,-1.2522406578063965,0.20169934630393982,10.0,10.952381134033203,8.571428298950195,15.2380952835083
VNMpv2017,VNM,Viet Nam,2017,pv,0.2111021727323532,0.205353781580925,9.0,54.761905670166016,40.0,64.76190185546875
VIRpv2017,VIR,Virgin Islands (U.S.),2017,pv,0.9814909100532532,0.2843969166278839,2.0,82.85713958740234,64.28571319580078,97.61904907226562
WBGpv2017,WBG,West Bank and Gaza,2017,pv,-1.6506463289260864,0.23718705773353577,4.0,8.095237731933594,3.809523820877075,9.523809432983398
YEMpv2017,YEM,"Yemen, Rep.",2017,pv,-2.9343173503875732,0.22367005050182343,6.0,0.0,0.0,0.9523809552192688
ZMBpv2017,ZMB,Zambia,2017,pv,0.1420433074235916,0.21807344257831573,7.0,52.380950927734375,38.57143020629883,63.80952453613281
ZWEpv2017,ZWE,Zimbabwe,2017,pv,-0.7104308605194092,0.2139359712600708,8.0,20.952381134033203,13.333333015441895,31.904762268066406
AFGpv2018,AFG,Afghanistan,2018,pv,-2.753441333770752,0.2236926108598709,6.0,0.4716981053352356,0.0,2.358490467071533
ALBpv2018,ALB,Albania,2018,pv,0.36677926778793335,0.2123294323682785,8.0,58.49056625366211,48.11320877075195,69.3396224975586
DZApv2018,DZA,Algeria,2018,pv,-0.8421077132225037,0.2172650396823883,7.0,17.924528121948242,11.320755004882812,28.773584365844727
ASMpv2018,ASM,American Samoa,2018,pv,1.1662973165512085,0.31447815895080566,1.0,91.03773498535156,66.98113250732422,99.52830505371094
ADOpv2018,ADO,Andorra,2018,pv,1.3912485837936401,0.28904154896736145,2.0,97.16981506347656,78.7735824584961,99.52830505371094
AGOpv2018,AGO,Angola,2018,pv,-0.34720858931541443,0.21403339505195618,7.0,34.90565872192383,21.226415634155273,46.22641372680664
AIApv2018,AIA,Anguilla,2018,pv,1.2550634145736694,0.2745652198791504,2.0,92.92453002929688,72.16981506347656,99.52830505371094
ATGpv2018,ATG,Antigua and Barbuda,2018,pv,0.8231021165847778,0.24907244741916656,4.0,73.11320495605469,60.849056243896484,91.98113250732422
ARGpv2018,ARG,Argentina,2018,pv,0.006909812334924936,0.20833908021450043,9.0,47.1698112487793,35.377357482910156,57.075469970703125
ARMpv2018,ARM,Armenia,2018,pv,-0.45106691122055054,0.2172650396823883,7.0,29.716981887817383,18.39622688293457,41.98113250732422
ABWpv2018,ABW,Aruba,2018,pv,1.3375098705291748,0.24773521721363068,3.0,95.28302001953125,79.24528503417969,99.52830505371094
AUSpv2018,AUS,Australia,2018,pv,0.9711854457855225,0.2024252861738205,10.0,83.49056243896484,65.5660400390625,93.86792755126953
AUTpv2018,AUT,Austria,2018,pv,0.8848603963851929,0.20833908021450043,9.0,77.35848999023438,64.15093994140625,91.50943756103516
AZEpv2018,AZE,Azerbaijan,2018,pv,-0.7113993763923645,0.2172650396823883,7.0,20.754716873168945,12.735849380493164,33.49056625366211
BHSpv2018,BHS,"Bahamas, The",2018,pv,0.8477455377578735,0.22020217776298523,6.0,76.41509246826172,63.20754623413086,91.50943756103516
BHRpv2018,BHR,Bahrain,2018,pv,-0.8462941646575928,0.22106073796749115,6.0,17.452829360961914,11.320755004882812,28.773584365844727
BGDpv2018,BGD,Bangladesh,2018,pv,-0.9855690598487854,0.2123294323682785,8.0,14.150943756103516,9.905660629272461,24.056604385375977
BRBpv2018,BRB,Barbados,2018,pv,0.9006949067115784,0.22852611541748047,5.0,78.7735824584961,64.15093994140625,93.86792755126953
BLRpv2018,BLR,Belarus,2018,pv,0.3535926938056946,0.21586808562278748,7.0,57.54716873168945,46.22641372680664,69.3396224975586
BELpv2018,BEL,Belgium,2018,pv,0.39376944303512573,0.20833908021450043,9.0,59.433963775634766,49.52830123901367,69.81131744384766
BLZpv2018,BLZ,Belize,2018,pv,-0.002123219659551978,0.22852611541748047,5.0,46.22641372680664,33.01886749267578,58.49056625366211
BENpv2018,BEN,Benin,2018,pv,-0.14699041843414307,0.22524817287921906,6.0,40.566036224365234,28.773584365844727,53.30188751220703
BMUpv2018,BMU,Bermuda,2018,pv,1.1332483291625977,0.2745652198791504,2.0,90.0943374633789,67.92453002929688,99.52830505371094
BTNpv2018,BTN,Bhutan,2018,pv,1.0776610374450684,0.23471403121948242,4.0,88.20755004882812,68.86792755126953,98.11320495605469
BOLpv2018,BOL,Bolivia,2018,pv,-0.28662070631980896,0.21586808562278748,7.0,36.79245376586914,23.58490562438965,50.0
BIHpv2018,BIH,Bosnia and Herzegovina,2018,pv,-0.40085360407829285,0.2197621464729309,7.0,31.60377311706543,19.339622497558594,44.81132125854492
BWApv2018,BWA,Botswana,2018,pv,0.9584698677062988,0.2164498120546341,7.0,82.07546997070312,65.0943374633789,93.86792755126953
BRApv2018,BRA,Brazil,2018,pv,-0.45959851145744324,0.2024252861738205,10.0,29.245283126831055,19.339622497558594,41.50943374633789
BRNpv2018,BRN,Brunei Darussalam,2018,pv,1.2360378503799438,0.2172650396823883,7.0,92.45282745361328,76.88679504394531,99.52830505371094
BGRpv2018,BGR,Bulgaria,2018,pv,0.44441118836402893,0.20833908021450043,9.0,61.79245376586914,52.358489990234375,71.2264175415039
BFApv2018,BFA,Burkina Faso,2018,pv,-1.0602644681930542,0.21586808562278748,7.0,13.207547187805176,8.018867492675781,20.754716873168945
BDIpv2018,BDI,Burundi,2018,pv,-1.5702781677246094,0.22524817287921906,6.0,7.5471696853637695,5.188679218292236,11.320755004882812
KHMpv2018,KHM,Cambodia,2018,pv,0.11092167347669601,0.2197621464729309,7.0,52.8301887512207,37.73584747314453,62.26415252685547
CMRpv2018,CMR,Cameroon,2018,pv,-1.4018014669418335,0.2123294323682785,8.0,8.49056625366211,6.603773593902588,13.207547187805176
CANpv2018,CAN,Canada,2018,pv,0.9639710783958435,0.20833908021450043,9.0,82.54717254638672,65.0943374633789,93.86792755126953
CPVpv2018,CPV,Cape Verde,2018,pv,0.8332619071006775,0.23018546402454376,5.0,74.52830505371094,62.26415252685547,91.50943756103516
CYMpv2018,CYM,Cayman Islands,2018,pv,1.1108349561691284,0.2758643627166748,2.0,88.67924499511719,66.98113250732422,99.05660247802734
CAFpv2018,CAF,Central African Republic,2018,pv,-2.1722075939178467,0.22948619723320007,5.0,3.7735848426818848,0.9433962106704712,6.603773593902588
TCDpv2018,TCD,Chad,2018,pv,-1.4780155420303345,0.22524817287921906,6.0,8.018867492675781,5.660377502441406,12.264150619506836
CHLpv2018,CHL,Chile,2018,pv,0.41276976466178894,0.20833908021450043,9.0,60.849056243896484,50.0,70.75471496582031
CHNpv2018,CHN,China,2018,pv,-0.29857248067855835,0.20833908021450043,9.0,36.32075500488281,23.58490562438965,49.52830123901367
COLpv2018,COL,Colombia,2018,pv,-0.8069419860839844,0.20833908021450043,9.0,18.867923736572266,12.264150619506836,28.773584365844727
COMpv2018,COM,Comoros,2018,pv,-0.36161261796951294,0.25031691789627075,4.0,33.49056625366211,19.339622497558594,49.52830123901367
ZARpv2018,ZAR,"Congo, Dem. Rep.",2018,pv,-2.0805156230926514,0.2146003544330597,7.0,5.188679218292236,2.358490467071533,6.603773593902588
COGpv2018,COG,"Congo, Rep.",2018,pv,-0.34833887219429016,0.22106073796749115,6.0,34.433963775634766,20.754716873168945,48.11320877075195
COKpv2018,COK,Cook Islands,2018,pv,0.9313105940818787,0.6537798047065735,1.0,79.71697998046875,40.566036224365234,100.0
CRIpv2018,CRI,Costa Rica,2018,pv,0.45338600873947144,0.2123294323682785,8.0,62.26415252685547,52.358489990234375,71.69811248779297
HRVpv2018,HRV,Croatia,2018,pv,0.7936782836914062,0.20833908021450043,9.0,71.69811248779297,61.79245376586914,90.5660400390625
CUBpv2018,CUB,Cuba,2018,pv,0.6406028270721436,0.22106073796749115,6.0,66.03773498535156,56.60377502441406,84.9056625366211
CYPpv2018,CYP,Cyprus,2018,pv,0.48454225063323975,0.21299554407596588,8.0,63.20754623413086,52.8301887512207,75.0
CZEpv2018,CZE,Czech Republic,2018,pv,1.026412844657898,0.20833908021450043,9.0,86.79244995117188,67.92453002929688,95.75471496582031
CIVpv2018,CIV,Côte d'Ivoire,2018,pv,-0.89799964427948,0.21586808562278748,7.0,15.566038131713867,11.320755004882812,26.41509437561035
DNKpv2018,DNK,Denmark,2018,pv,0.9319823384284973,0.20833908021450043,9.0,80.18868255615234,65.0943374633789,93.86792755126953
DJIpv2018,DJI,Djibouti,2018,pv,-0.13342666625976562,0.23471403121948242,4.0,41.50943374633789,28.773584365844727,55.18867874145508
DMApv2018,DMA,Dominica,2018,pv,1.0690584182739258,0.24907244741916656,4.0,87.73584747314453,66.98113250732422,98.58490753173828
DOMpv2018,DOM,Dominican Republic,2018,pv,0.01230038795620203,0.2123294323682785,8.0,47.641510009765625,35.377357482910156,58.01886749267578
ECUpv2018,ECU,Ecuador,2018,pv,-0.09472116827964783,0.2123294323682785,8.0,42.45283126831055,30.188678741455078,55.660377502441406
EGYpv2018,EGY,"Egypt, Arab Rep.",2018,pv,-1.1881215572357178,0.2123294323682785,8.0,11.792452812194824,7.5471696853637695,17.924528121948242
SLVpv2018,SLV,El Salvador,2018,pv,-0.3891596496105194,0.2123294323682785,8.0,32.075469970703125,19.811321258544922,44.81132125854492
GNQpv2018,GNQ,Equatorial Guinea,2018,pv,-0.09015228599309921,0.23471403121948242,4.0,42.924530029296875,28.773584365844727,56.60377502441406
ERIpv2018,ERI,Eritrea,2018,pv,-0.6093606352806091,0.22948619723320007,5.0,25.0,13.679244995117188,38.20754623413086
ESTpv2018,EST,Estonia,2018,pv,0.5804155468940735,0.20833908021450043,9.0,65.0943374633789,54.71697998046875,79.24528503417969
SWZpv2018,SWZ,Eswatini,2018,pv,-0.37774962186813354,0.23018546402454376,5.0,33.01886749267578,19.339622497558594,46.22641372680664
ETHpv2018,ETH,Ethiopia,2018,pv,-1.2746092081069946,0.2123294323682785,8.0,10.849056243896484,6.603773593902588,14.622641563415527
FJIpv2018,FJI,Fiji,2018,pv,0.8328825235366821,0.24626602232456207,4.0,74.05660247802734,61.32075500488281,92.45282745361328
FINpv2018,FIN,Finland,2018,pv,0.8918896913528442,0.20833908021450043,9.0,77.83018493652344,64.15093994140625,91.98113250732422
FRApv2018,FRA,France,2018,pv,0.013894104398787022,0.20833908021450043,9.0,48.11320877075195,35.377357482910156,58.01886749267578
GUFpv2018,GUF,French Guiana,2018,pv,0.5143533945083618,0.24773521721363068,3.0,63.67924499511719,52.358489990234375,78.7735824584961
GABpv2018,GAB,Gabon,2018,pv,-0.25734084844589233,0.22106073796749115,6.0,37.73584747314453,24.528301239013672,52.358489990234375
GMBpv2018,GMB,"Gambia, The",2018,pv,-0.08749649673700333,0.22168558835983276,6.0,43.867923736572266,29.716981887817383,56.60377502441406
GEOpv2018,GEO,Georgia,2018,pv,-0.4475628733634949,0.2197621464729309,7.0,30.188678741455078,18.39622688293457,43.867923736572266
DEUpv2018,DEU,Germany,2018,pv,0.5778652429580688,0.20833908021450043,9.0,64.62264251708984,54.24528121948242,78.7735824584961
GHApv2018,GHA,Ghana,2018,pv,-0.036643028259277344,0.2123294323682785,8.0,45.28302001953125,32.075469970703125,56.60377502441406
GRCpv2018,GRC,Greece,2018,pv,0.15397906303405762,0.20833908021450043,9.0,53.30188751220703,40.09434127807617,63.20754623413086
GRLpv2018,GRL,Greenland,2018,pv,1.9368035793304443,0.37382015585899353,2.0,100.0,94.81131744384766,100.0
GRDpv2018,GRD,Grenada,2018,pv,0.9688137173652649,0.24907244741916656,4.0,83.01886749267578,64.15093994140625,95.75471496582031
GUMpv2018,GUM,Guam,2018,pv,0.6974049806594849,0.2614358365535736,3.0,69.3396224975586,55.660377502441406,89.62264251708984
GTMpv2018,GTM,Guatemala,2018,pv,-0.5381474494934082,0.2123294323682785,8.0,27.830188751220703,15.566038131713867,39.622642517089844
GINpv2018,GIN,Guinea,2018,pv,-0.8805973529815674,0.22106073796749115,6.0,16.50943374633789,11.320755004882812,28.773584365844727
GNBpv2018,GNB,Guinea-Bissau,2018,pv,-0.6848204731941223,0.24545450508594513,4.0,21.69811248779297,12.735849380493164,36.79245376586914
GUYpv2018,GUY,Guyana,2018,pv,-0.19183790683746338,0.22020217776298523,6.0,39.622642517089844,25.943395614624023,53.30188751220703
HTIpv2018,HTI,Haiti,2018,pv,-0.6401416659355164,0.2172650396823883,7.0,24.056604385375977,13.679244995117188,36.79245376586914
HNDpv2018,HND,Honduras,2018,pv,-0.5318209528923035,0.2123294323682785,8.0,28.30188751220703,16.50943374633789,40.09434127807617
HKGpv2018,HKG,"Hong Kong SAR, China",2018,pv,0.7766282558441162,0.23552410304546356,7.0,71.2264175415039,58.96226501464844,90.5660400390625
HUNpv2018,HUN,Hungary,2018,pv,0.7375914454460144,0.20833908021450043,9.0,70.75471496582031,59.90565872192383,88.20755004882812
ISLpv2018,ISL,Iceland,2018,pv,1.3948173522949219,0.21299554407596588,8.0,97.64151000976562,87.26415252685547,99.52830505371094
INDpv2018,IND,India,2018,pv,-0.9977067708969116,0.20833908021450043,9.0,13.679244995117188,9.905660629272461,23.58490562438965
IDNpv2018,IDN,Indonesia,2018,pv,-0.5520340204238892,0.20833908021450043,9.0,26.41509437561035,15.566038131713867,38.67924499511719
IRNpv2018,IRN,"Iran, Islamic Rep.",2018,pv,-1.3421807289123535,0.2123294323682785,8.0,9.905660629272461,6.603773593902588,13.679244995117188
IRQpv2018,IRQ,Iraq,2018,pv,-2.521113872528076,0.22106073796749115,6.0,1.4150943756103516,0.0,3.7735848426818848
IRLpv2018,IRL,Ireland,2018,pv,1.0113695859909058,0.21299554407596588,8.0,85.84906005859375,66.98113250732422,95.75471496582031
ISRpv2018,ISR,Israel,2018,pv,-0.9181002378463745,0.21299554407596588,8.0,15.094339370727539,10.849056243896484,25.943395614624023
ITApv2018,ITA,Italy,2018,pv,0.3262716829776764,0.20833908021450043,9.0,57.075469970703125,45.28302001953125,66.98113250732422
JAMpv2018,JAM,Jamaica,2018,pv,0.4239937961101532,0.2123294323682785,8.0,61.32075500488281,50.0,70.75471496582031
JPNpv2018,JPN,Japan,2018,pv,1.0375627279281616,0.20833908021450043,9.0,87.26415252685547,68.86792755126953,95.75471496582031
JEYpv2018,JEY,"Jersey, Channel Islands",2018,pv,1.2703557014465332,0.49983784556388855,1.0,93.39622497558594,61.79245376586914,100.0
JORpv2018,JOR,Jordan,2018,pv,-0.37985455989837646,0.2024252861738205,10.0,32.54716873168945,20.283018112182617,44.81132125854492
KAZpv2018,KAZ,Kazakhstan,2018,pv,-0.05240225791931152,0.2024252861738205,10.0,44.81132125854492,32.075469970703125,56.60377502441406
KENpv2018,KEN,Kenya,2018,pv,-1.1797122955322266,0.2123294323682785,8.0,12.264150619506836,7.5471696853637695,18.39622688293457
KIRpv2018,KIR,Kiribati,2018,pv,0.998790442943573,0.28904154896736145,2.0,84.9056625366211,64.15093994140625,98.58490753173828
PRKpv2018,PRK,"Korea, Dem. Rep.",2018,pv,-0.3406871557235718,0.225722074508667,5.0,35.377357482910156,20.754716873168945,48.11320877075195
KORpv2018,KOR,"Korea, Rep.",2018,pv,0.6381237506866455,0.2024252861738205,10.0,65.5660400390625,56.60377502441406,83.01886749267578
KSVpv2018,KSV,Kosovo,2018,pv,-0.6753711700439453,0.23471403121948242,4.0,22.169811248779297,12.735849380493164,36.32075500488281
KWTpv2018,KWT,Kuwait,2018,pv,0.09064210206270218,0.2172650396823883,7.0,51.88679122924805,37.26415252685547,61.79245376586914
KGZpv2018,KGZ,Kyrgyz Republic,2018,pv,-0.5297120809555054,0.2170056700706482,7.0,28.773584365844727,16.037734985351562,40.09434127807617
LAOpv2018,LAO,Lao PDR,2018,pv,0.40796974301338196,0.22524817287921906,6.0,60.377357482910156,49.52830123901367,71.2264175415039
LVApv2018,LVA,Latvia,2018,pv,0.39544400572776794,0.21299554407596588,8.0,59.90565872192383,49.52830123901367,70.75471496582031
LBNpv2018,LBN,Lebanon,2018,pv,-1.6216005086898804,0.2123294323682785,8.0,7.075471878051758,5.188679218292236,10.849056243896484
LSOpv2018,LSO,Lesotho,2018,pv,-0.1886064112186432,0.23018546402454376,5.0,40.09434127807617,25.943395614624023,53.30188751220703
LBRpv2018,LBR,Liberia,2018,pv,-0.20410536229610443,0.20984020829200745,8.0,39.150943756103516,26.41509437561035,52.8301887512207
LBYpv2018,LBY,Libya,2018,pv,-2.4351158142089844,0.22106073796749115,6.0,1.8867924213409424,0.0,5.188679218292236
LIEpv2018,LIE,Liechtenstein,2018,pv,1.453831672668457,0.25821247696876526,3.0,98.11320495605469,86.79244995117188,99.52830505371094
LTUpv2018,LTU,Lithuania,2018,pv,0.7292368412017822,0.21299554407596588,8.0,69.81131744384766,58.49056625366211,88.20755004882812
LUXpv2018,LUX,Luxembourg,2018,pv,1.3474905490875244,0.21299554407596588,8.0,95.75471496582031,83.96226501464844,99.52830505371094
MACpv2018,MAC,"Macao SAR, China",2018,pv,1.2298016548156738,0.2758643627166748,2.0,91.98113250732422,71.2264175415039,99.52830505371094
MDGpv2018,MDG,Madagascar,2018,pv,-0.5787984132766724,0.21586808562278748,7.0,25.943395614624023,14.622641563415527,38.20754623413086
MWIpv2018,MWI,Malawi,2018,pv,-0.4312152862548828,0.2164498120546341,7.0,30.660377502441406,19.339622497558594,44.339622497558594
MYSpv2018,MYS,Malaysia,2018,pv,0.24811367690563202,0.20833908021450043,9.0,55.18867874145508,42.45283126831055,65.0943374633789
MDVpv2018,MDV,Maldives,2018,pv,0.08307871967554092,0.2571461498737335,3.0,51.41509246826172,35.377357482910156,63.20754623413086
MLIpv2018,MLI,Mali,2018,pv,-2.0845730304718018,0.2172650396823883,7.0,4.716980934143066,1.4150943756103516,6.603773593902588
MLTpv2018,MLT,Malta,2018,pv,1.2716491222381592,0.2172650396823883,7.0,93.86792755126953,78.7735824584961,99.52830505371094
MHLpv2018,MHL,Marshall Islands,2018,pv,0.998790442943573,0.28904154896736145,2.0,84.9056625366211,64.15093994140625,98.58490753173828
MTQpv2018,MTQ,Martinique,2018,pv,0.9561827778816223,0.2745652198791504,2.0,81.60377502441406,63.20754623413086,97.64151000976562
MRTpv2018,MRT,Mauritania,2018,pv,-0.6323828101158142,0.22524817287921906,6.0,24.528301239013672,13.207547187805176,37.26415252685547
MUSpv2018,MUS,Mauritius,2018,pv,0.8595853447914124,0.22524817287921906,6.0,76.88679504394531,63.20754623413086,91.50943756103516
MEXpv2018,MEX,Mexico,2018,pv,-0.6738470196723938,0.2024252861738205,10.0,22.641510009765625,13.207547187805176,34.90565872192383
FSMpv2018,FSM,"Micronesia, Fed. Sts.",2018,pv,1.3153529167175293,0.2571461498737335,3.0,94.3396224975586,77.83018493652344,99.52830505371094
MDApv2018,MDA,Moldova,2018,pv,-0.402167946100235,0.2123294323682785,8.0,31.132076263427734,19.339622497558594,44.339622497558594
MCOpv2018,MCO,Monaco,2018,pv,1.5775129795074463,0.2571461498737335,3.0,99.52830505371094,90.5660400390625,100.0
MNGpv2018,MNG,Mongolia,2018,pv,0.8312602639198303,0.20833908021450043,9.0,73.58490753173828,63.20754623413086,91.03773498535156
MNEpv2018,MNE,Montenegro,2018,pv,0.037695564329624176,0.23018546402454376,5.0,49.52830123901367,35.377357482910156,60.849056243896484
MARpv2018,MAR,Morocco,2018,pv,-0.3484927713871002,0.2123294323682785,8.0,33.96226501464844,21.226415634155273,46.22641372680664
MOZpv2018,MOZ,Mozambique,2018,pv,-0.833229660987854,0.21058277785778046,8.0,18.39622688293457,12.264150619506836,28.773584365844727
MMRpv2018,MMR,Myanmar,2018,pv,-1.2669756412506104,0.21586808562278748,7.0,11.320755004882812,7.075471878051758,15.094339370727539
NAMpv2018,NAM,Namibia,2018,pv,0.6851184964179993,0.2172650396823883,7.0,68.39622497558594,57.075469970703125,87.26415252685547
NRUpv2018,NRU,Nauru,2018,pv,0.9457930326461792,0.273840069770813,3.0,80.6603775024414,63.20754623413086,97.64151000976562
NPLpv2018,NPL,Nepal,2018,pv,-0.5430227518081665,0.21285408735275269,8.0,26.88679313659668,15.566038131713867,39.150943756103516
NLDpv2018,NLD,Netherlands,2018,pv,0.8382812738418579,0.20833908021450043,9.0,75.47169494628906,63.20754623413086,91.03773498535156
NZLpv2018,NZL,New Zealand,2018,pv,1.5121629238128662,0.2024252861738205,10.0,99.05660247802734,91.03773498535156,99.52830505371094
NICpv2018,NIC,Nicaragua,2018,pv,-0.9509280323982239,0.2123294323682785,8.0,14.622641563415527,10.377358436584473,25.0
NERpv2018,NER,Niger,2018,pv,-1.3582760095596313,0.22106073796749115,6.0,8.962264060974121,6.603773593902588,13.679244995117188
NGApv2018,NGA,Nigeria,2018,pv,-2.097527027130127,0.2123294323682785,8.0,4.245283126831055,1.4150943756103516,6.603773593902588
NIUpv2018,NIU,Niue,2018,pv,1.0090861320495605,0.6537798047065735,1.0,85.37735748291016,44.339622497558594,100.0
MKDpv2018,MKD,North Macedonia,2018,pv,-0.21190592646598816,0.2236926108598709,6.0,38.67924499511719,25.943395614624023,53.30188751220703
NORpv2018,NOR,Norway,2018,pv,1.120848536491394,0.20833908021450043,9.0,89.62264251708984,71.2264175415039,98.11320495605469
OMNpv2018,OMN,Oman,2018,pv,0.6422005295753479,0.22106073796749115,6.0,66.50943756103516,56.60377502441406,84.9056625366211
PAKpv2018,PAK,Pakistan,2018,pv,-2.2540132999420166,0.2123294323682785,8.0,2.830188751220703,0.9433962106704712,5.188679218292236
PLWpv2018,PLW,Palau,2018,pv,1.1950194835662842,0.28904154896736145,2.0,91.50943756103516,69.3396224975586,99.52830505371094
PANpv2018,PAN,Panama,2018,pv,0.25216197967529297,0.2123294323682785,8.0,55.660377502441406,41.98113250732422,65.0943374633789
PNGpv2018,PNG,Papua New Guinea,2018,pv,-0.6565202474594116,0.21825575828552246,6.0,23.58490562438965,13.207547187805176,35.849056243896484
PRYpv2018,PRY,Paraguay,2018,pv,-0.08671107888221741,0.2172650396823883,7.0,44.339622497558594,30.188678741455078,55.660377502441406
PERpv2018,PER,Peru,2018,pv,-0.27688077092170715,0.20833908021450043,9.0,37.26415252685547,24.528301239013672,50.0
PHLpv2018,PHL,Philippines,2018,pv,-1.0962038040161133,0.20833908021450043,9.0,12.735849380493164,8.018867492675781,19.339622497558594
POLpv2018,POL,Poland,2018,pv,0.48048868775367737,0.20833908021450043,9.0,62.73584747314453,52.8301887512207,72.16981506347656
PRTpv2018,PRT,Portugal,2018,pv,1.1153072118759155,0.20833908021450043,9.0,89.15093994140625,70.75471496582031,98.11320495605469
PRIpv2018,PRI,Puerto Rico,2018,pv,0.2737841308116913,0.24773521721363068,3.0,56.132076263427734,41.50943374633789,67.92453002929688
QATpv2018,QAT,Qatar,2018,pv,0.6494487524032593,0.21299554407596588,8.0,66.98113250732422,56.60377502441406,83.96226501464844
ROMpv2018,ROM,Romania,2018,pv,0.03631874546408653,0.20833908021450043,9.0,49.056602478027344,35.377357482910156,58.49056625366211
RUSpv2018,RUS,Russian Federation,2018,pv,-0.5383309125900269,0.20833908021450043,9.0,27.358489990234375,16.50943374633789,39.150943756103516
RWApv2018,RWA,Rwanda,2018,pv,0.10175202041864395,0.22524817287921906,6.0,52.358489990234375,37.26415252685547,62.26415252685547
REUpv2018,REU,Réunion,2018,pv,0.23715169727802277,0.31447815895080566,1.0,54.71697998046875,36.79245376586914,70.75471496582031
WSMpv2018,WSM,Samoa,2018,pv,1.133751630783081,0.24626602232456207,4.0,90.5660400390625,69.81131744384766,99.05660247802734
SMRpv2018,SMR,San Marino,2018,pv,1.3912485837936401,0.28904154896736145,2.0,97.16981506347656,78.7735824584961,99.52830505371094
SAUpv2018,SAU,Saudi Arabia,2018,pv,-0.6609876155853271,0.2066882848739624,9.0,23.11320686340332,13.207547187805176,35.377357482910156
SENpv2018,SEN,Senegal,2018,pv,-0.10735750943422318,0.2123294323682785,8.0,41.98113250732422,29.245283126831055,54.71697998046875
SRBpv2018,SRB,Serbia,2018,pv,0.005321071948856115,0.2123294323682785,8.0,46.69811248779297,34.90565872192383,57.075469970703125
SYCpv2018,SYC,Seychelles,2018,pv,0.6739941835403442,0.23018546402454376,5.0,67.45282745361328,56.60377502441406,87.26415252685547
SLEpv2018,SLE,Sierra Leone,2018,pv,-0.08879537135362625,0.2164498120546341,7.0,43.39622497558594,30.188678741455078,55.660377502441406
SGPpv2018,SGP,Singapore,2018,pv,1.4682565927505493,0.20833908021450043,9.0,98.58490753173828,89.62264251708984,99.52830505371094
SVKpv2018,SVK,Slovak Republic,2018,pv,0.7366858124732971,0.21299554407596588,8.0,70.28302001953125,58.96226501464844,88.20755004882812
SVNpv2018,SVN,Slovenia,2018,pv,0.8942672610282898,0.20833908021450043,9.0,78.30188751220703,64.15093994140625,91.98113250732422
SLBpv2018,SLB,Solomon Islands,2018,pv,0.3552200198173523,0.24626602232456207,4.0,58.01886749267578,44.81132125854492,70.75471496582031
SOMpv2018,SOM,Somalia,2018,pv,-2.2491157054901123,0.22106073796749115,6.0,3.301886796951294,0.9433962106704712,5.188679218292236
ZAFpv2018,ZAF,South Africa,2018,pv,-0.23754681646823883,0.20833908021450043,9.0,38.20754623413086,25.471698760986328,52.358489990234375
SSDpv2018,SSD,South Sudan,2018,pv,-2.434706449508667,0.25031691789627075,4.0,2.358490467071533,0.0,5.188679218292236
ESPpv2018,ESP,Spain,2018,pv,0.2759062349796295,0.20833908021450043,9.0,56.60377502441406,44.339622497558594,65.0943374633789
LKApv2018,LKA,Sri Lanka,2018,pv,-0.13930460810661316,0.2123294323682785,8.0,41.03773498535156,28.773584365844727,53.30188751220703
KNApv2018,KNA,St. Kitts and Nevis,2018,pv,0.6773905158042908,0.24907244741916656,4.0,67.92453002929688,55.660377502441406,88.20755004882812
LCApv2018,LCA,St. Lucia,2018,pv,0.9934627413749695,0.24907244741916656,4.0,83.96226501464844,65.0943374633789,97.64151000976562
VCTpv2018,VCT,St. Vincent and the Grenadines,2018,pv,0.8231021165847778,0.24907244741916656,4.0,73.11320495605469,60.849056243896484,91.98113250732422
SDNpv2018,SDN,Sudan,2018,pv,-1.8218629360198975,0.22106073796749115,6.0,6.132075309753418,3.301886796951294,8.018867492675781
SURpv2018,SUR,Suriname,2018,pv,0.05826610326766968,0.22020217776298523,6.0,50.0,35.849056243896484,60.849056243896484
SWEpv2018,SWE,Sweden,2018,pv,0.9214175939559937,0.20833908021450043,9.0,79.24528503417969,64.62264251708984,92.92453002929688
CHEpv2018,CHE,Switzerland,2018,pv,1.3194819688796997,0.21299554407596588,8.0,94.81131744384766,83.01886749267578,99.52830505371094
SYRpv2018,SYR,Syrian Arab Republic,2018,pv,-2.7364559173583984,0.225722074508667,5.0,0.9433962106704712,0.0,2.358490467071533
STPpv2018,STP,São Tomé and Principe,2018,pv,0.5159483551979065,0.23471403121948242,4.0,64.15093994140625,52.8301887512207,78.7735824584961
TWNpv2018,TWN,"Taiwan, China",2018,pv,0.8420512676239014,0.21299554407596588,8.0,75.94339752197266,63.20754623413086,91.03773498535156
TJKpv2018,TJK,Tajikistan,2018,pv,-0.7477153539657593,0.22948619723320007,5.0,19.811321258544922,12.264150619506836,33.01886749267578
TZApv2018,TZA,Tanzania,2018,pv,-0.5804756879806519,0.2123294323682785,8.0,25.471698760986328,14.622641563415527,38.20754623413086
THApv2018,THA,Thailand,2018,pv,-0.7994161248207092,0.20833908021450043,9.0,19.339622497558594,12.264150619506836,29.245283126831055
TMPpv2018,TMP,Timor-Leste,2018,pv,0.23329952359199524,0.23471403121948242,4.0,54.24528121948242,40.09434127807617,65.0943374633789
TGOpv2018,TGO,Togo,2018,pv,-0.885994553565979,0.22106073796749115,6.0,16.037734985351562,11.320755004882812,28.773584365844727
TONpv2018,TON,Tonga,2018,pv,0.8333609104156494,0.24626602232456207,4.0,75.0,61.32075500488281,92.45282745361328
TTOpv2018,TTO,Trinidad and Tobago,2018,pv,0.23073914647102356,0.2164498120546341,7.0,53.77358627319336,41.50943374633789,65.0943374633789
TUNpv2018,TUN,Tunisia,2018,pv,-0.8682072758674622,0.2123294323682785,8.0,16.98113250732422,11.320755004882812,28.773584365844727
TKMpv2018,TKM,Turkmenistan,2018,pv,-0.012881429865956306,0.22948619723320007,5.0,45.75471878051758,31.60377311706543,58.01886749267578
TUVpv2018,TUV,Tuvalu,2018,pv,1.3912485837936401,0.28904154896736145,2.0,97.16981506347656,78.7735824584961,99.52830505371094
TURpv2018,TUR,Türkiye,2018,pv,-1.315199851989746,0.21167881786823273,8.0,10.377358436584473,6.603773593902588,14.150943756103516
UGApv2018,UGA,Uganda,2018,pv,-0.7016964554786682,0.2123294323682785,8.0,21.226415634155273,13.207547187805176,33.49056625366211
UKRpv2018,UKR,Ukraine,2018,pv,-1.872179388999939,0.20833908021450043,9.0,5.660377502441406,3.301886796951294,7.5471696853637695
AREpv2018,ARE,United Arab Emirates,2018,pv,0.6892555952072144,0.20833908021450043,9.0,68.86792755126953,57.075469970703125,86.79244995117188
GBRpv2018,GBR,United Kingdom,2018,pv,0.07708556205034256,0.2024252861738205,10.0,50.47169876098633,37.73584747314453,60.377357482910156
USApv2018,USA,United States,2018,pv,0.38623908162117004,0.2024252861738205,10.0,58.96226501464844,49.52830123901367,69.3396224975586
URYpv2018,URY,Uruguay,2018,pv,1.0241460800170898,0.2123294323682785,8.0,86.32075500488281,67.45282745361328,95.75471496582031
UZBpv2018,UZB,Uzbekistan,2018,pv,-0.30440109968185425,0.2236926108598709,6.0,35.849056243896484,22.641510009765625,50.0
VUTpv2018,VUT,Vanuatu,2018,pv,0.8025612831115723,0.28904154896736145,2.0,72.16981506347656,57.075469970703125,93.86792755126953
VENpv2018,VEN,"Venezuela, RB",2018,pv,-1.3513343334197998,0.2024252861738205,10.0,9.433961868286133,6.603773593902588,13.207547187805176
VNMpv2018,VNM,Viet Nam,2018,pv,0.03308296203613281,0.20607946813106537,9.0,48.58490753173828,35.377357482910156,58.49056625366211
VIRpv2018,VIR,Virgin Islands (U.S.),2018,pv,0.9561827778816223,0.2745652198791504,2.0,81.60377502441406,63.20754623413086,97.64151000976562
WBGpv2018,WBG,West Bank and Gaza,2018,pv,-1.8048774003982544,0.23471403121948242,4.0,6.603773593902588,3.301886796951294,8.018867492675781
YEMpv2018,YEM,"Yemen, Rep.",2018,pv,-2.996234655380249,0.22168558835983276,6.0,0.0,0.0,0.9433962106704712
ZMBpv2018,ZMB,Zambia,2018,pv,0.08263305574655533,0.2164498120546341,7.0,50.943397521972656,37.26415252685547,61.32075500488281
ZWEpv2018,ZWE,Zimbabwe,2018,pv,-0.7210120558738708,0.2123294323682785,8.0,20.283018112182617,12.735849380493164,33.01886749267578
AFGpv2019,AFG,Afghanistan,2019,pv,-2.6525397300720215,0.23774179816246033,6.0,0.9433962106704712,0.0,2.830188751220703
ALBpv2019,ALB,Albania,2019,pv,0.11010505259037018,0.2295360565185547,7.0,51.88679122924805,37.26415252685547,60.849056243896484
DZApv2019,DZA,Algeria,2019,pv,-1.0558538436889648,0.2349262535572052,6.0,13.207547187805176,8.49056625366211,22.641510009765625
ASMpv2019,ASM,American Samoa,2019,pv,1.1449339389801025,0.3156752586364746,2.0,90.5660400390625,66.98113250732422,99.52830505371094
ADOpv2019,ADO,Andorra,2019,pv,1.5773667097091675,0.28085896372795105,3.0,98.58490753173828,88.67924499511719,100.0
AGOpv2019,AGO,Angola,2019,pv,-0.3684116005897522,0.21773768961429596,7.0,31.60377311706543,20.283018112182617,46.69811248779297
AIApv2019,AIA,Anguilla,2019,pv,1.3170461654663086,0.30527737736701965,2.0,94.81131744384766,75.0,99.52830505371094
ATGpv2019,ATG,Antigua and Barbuda,2019,pv,0.9380796551704407,0.2717815339565277,4.0,79.71697998046875,60.849056243896484,96.2264175415039
ARGpv2019,ARG,Argentina,2019,pv,-0.09782309085130692,0.22398683428764343,8.0,43.867923736572266,27.830188751220703,56.60377502441406
ARMpv2019,ARM,Armenia,2019,pv,-0.4200249910354614,0.2349262535572052,6.0,30.188678741455078,18.867923736572266,45.75471878051758
ABWpv2019,ABW,Aruba,2019,pv,1.3358073234558105,0.2668687403202057,3.0,95.75471496582031,77.35848999023438,99.52830505371094
AUSpv2019,AUS,Australia,2019,pv,0.9179789423942566,0.2089426964521408,9.0,78.30188751220703,66.03773498535156,93.39622497558594
AUTpv2019,AUT,Austria,2019,pv,0.8921890258789062,0.22398683428764343,8.0,77.35848999023438,61.79245376586914,93.39622497558594
AZEpv2019,AZE,Azerbaijan,2019,pv,-0.6934114694595337,0.2349262535572052,6.0,22.641510009765625,12.735849380493164,33.96226501464844
BHSpv2019,BHS,"Bahamas, The",2019,pv,0.8015685677528381,0.23481224477291107,6.0,74.05660247802734,59.433963775634766,92.45282745361328
BHRpv2019,BHR,Bahrain,2019,pv,-0.626829981803894,0.2349262535572052,6.0,23.11320686340332,13.679244995117188,38.67924499511719
BGDpv2019,BGD,Bangladesh,2019,pv,-0.9286287426948547,0.2295360565185547,7.0,15.566038131713867,10.849056243896484,25.471698760986328
BRBpv2019,BRB,Barbados,2019,pv,1.0329310894012451,0.2436191588640213,5.0,85.37735748291016,67.45282745361328,97.16981506347656
BLRpv2019,BLR,Belarus,2019,pv,0.34497809410095215,0.2295360565185547,7.0,58.49056625366211,45.75471878051758,70.75471496582031
BELpv2019,BEL,Belgium,2019,pv,0.4583953320980072,0.22398683428764343,8.0,60.849056243896484,51.41509246826172,75.47169494628906
BLZpv2019,BLZ,Belize,2019,pv,0.06198648363351822,0.2436191588640213,5.0,50.47169876098633,33.49056625366211,60.849056243896484
BENpv2019,BEN,Benin,2019,pv,-0.42024025321006775,0.24374650418758392,5.0,29.716981887817383,18.39622688293457,45.75471878051758
BMUpv2019,BMU,Bermuda,2019,pv,1.0515190362930298,0.30527737736701965,2.0,86.79244995117188,65.5660400390625,97.64151000976562
BTNpv2019,BTN,Bhutan,2019,pv,1.0654714107513428,0.2500927150249481,4.0,87.73584747314453,67.92453002929688,97.16981506347656
BOLpv2019,BOL,Bolivia,2019,pv,-0.7283402681350708,0.2295360565185547,7.0,20.283018112182617,12.735849380493164,31.60377311706543
BIHpv2019,BIH,Bosnia and Herzegovina,2019,pv,-0.4248116910457611,0.23774179816246033,6.0,29.245283126831055,18.867923736572266,45.75471878051758
BWApv2019,BWA,Botswana,2019,pv,1.0953298807144165,0.23481224477291107,6.0,88.20755004882812,70.75471496582031,97.16981506347656
BRApv2019,BRA,Brazil,2019,pv,-0.714224636554718,0.2089426964521408,9.0,20.754716873168945,12.735849380493164,31.132076263427734
BRNpv2019,BRN,Brunei Darussalam,2019,pv,1.1110872030258179,0.2349262535572052,6.0,88.67924499511719,70.75471496582031,97.64151000976562
BGRpv2019,BGR,Bulgaria,2019,pv,0.5612844228744507,0.22398683428764343,8.0,66.03773498535156,54.71697998046875,78.30188751220703
BFApv2019,BFA,Burkina Faso,2019,pv,-1.3021939992904663,0.2295360565185547,7.0,11.792452812194824,6.132075309753418,16.037734985351562
BDIpv2019,BDI,Burundi,2019,pv,-1.625056266784668,0.24374650418758392,5.0,7.5471696853637695,4.245283126831055,11.792452812194824
KHMpv2019,KHM,Cambodia,2019,pv,-0.07548864930868149,0.23774179816246033,6.0,44.81132125854492,27.830188751220703,58.01886749267578
CMRpv2019,CMR,Cameroon,2019,pv,-1.5618232488632202,0.2295360565185547,7.0,8.018867492675781,4.245283126831055,11.792452812194824
CANpv2019,CAN,Canada,2019,pv,0.994933545589447,0.22398683428764343,8.0,81.60377502441406,66.98113250732422,95.75471496582031
CPVpv2019,CPV,Cape Verde,2019,pv,0.8596274256706238,0.2500927150249481,4.0,76.41509246826172,60.377357482910156,93.39622497558594
CYMpv2019,CYM,Cayman Islands,2019,pv,1.4015254974365234,0.2668687403202057,3.0,96.69811248779297,80.6603775024414,99.52830505371094
CAFpv2019,CAF,Central African Republic,2019,pv,-2.1358754634857178,0.24374650418758392,5.0,4.245283126831055,1.8867924213409424,5.188679218292236
TCDpv2019,TCD,Chad,2019,pv,-1.350451111793518,0.24374650418758392,5.0,10.377358436584473,5.188679218292236,14.622641563415527
CHLpv2019,CHL,Chile,2019,pv,-0.016121579334139824,0.22398683428764343,8.0,46.69811248779297,31.132076263427734,58.49056625366211
CHNpv2019,CHN,China,2019,pv,-0.2597806751728058,0.22398683428764343,8.0,38.20754623413086,22.641510009765625,51.41509246826172
COLpv2019,COL,Colombia,2019,pv,-0.9794861078262329,0.22398683428764343,8.0,14.622641563415527,10.377358436584473,23.58490562438965
COMpv2019,COM,Comoros,2019,pv,-0.17679767310619354,0.2719583809375763,4.0,41.03773498535156,23.58490562438965,56.60377502441406
ZARpv2019,ZAR,"Congo, Dem. Rep.",2019,pv,-1.6264235973358154,0.22222578525543213,6.0,7.075471878051758,4.245283126831055,11.792452812194824
COGpv2019,COG,"Congo, Rep.",2019,pv,-0.299274206161499,0.2349262535572052,6.0,34.433963775634766,22.641510009765625,50.943397521972656
COKpv2019,COK,Cook Islands,2019,pv,1.1243659257888794,0.5038794875144958,1.0,89.62264251708984,58.01886749267578,100.0
CRIpv2019,CRI,Costa Rica,2019,pv,0.43031996488571167,0.2295360565185547,7.0,60.377357482910156,49.056602478027344,75.0
HRVpv2019,HRV,Croatia,2019,pv,0.6855106949806213,0.22398683428764343,8.0,70.28302001953125,58.01886749267578,87.26415252685547
CUBpv2019,CUB,Cuba,2019,pv,0.6105005741119385,0.2349262535572052,6.0,66.98113250732422,55.660377502441406,81.60377502441406
CYPpv2019,CYP,Cyprus,2019,pv,0.5445982217788696,0.2289869785308838,7.0,64.15093994140625,54.24528121948242,78.30188751220703
CZEpv2019,CZE,Czech Republic,2019,pv,0.9419956803321838,0.22398683428764343,8.0,80.18868255615234,66.03773498535156,93.86792755126953
CIVpv2019,CIV,Côte d'Ivoire,2019,pv,-1.0364967584609985,0.2295360565185547,7.0,13.679244995117188,8.962264060974121,22.641510009765625
DNKpv2019,DNK,Denmark,2019,pv,0.9675987362861633,0.22398683428764343,8.0,81.13207244873047,66.50943756103516,95.28302001953125
DJIpv2019,DJI,Djibouti,2019,pv,-0.34338805079460144,0.2500927150249481,4.0,33.01886749267578,19.811321258544922,50.47169876098633
DMApv2019,DMA,Dominica,2019,pv,1.0299415588378906,0.2717815339565277,4.0,84.4339599609375,66.03773498535156,97.16981506347656
DOMpv2019,DOM,Dominican Republic,2019,pv,-0.003112269565463066,0.2295360565185547,7.0,47.1698112487793,31.132076263427734,58.49056625366211
ECUpv2019,ECU,Ecuador,2019,pv,-0.23821775615215302,0.2295360565185547,7.0,39.150943756103516,23.58490562438965,52.8301887512207
EGYpv2019,EGY,"Egypt, Arab Rep.",2019,pv,-1.1246308088302612,0.2295360565185547,7.0,12.264150619506836,8.49056625366211,19.811321258544922
SLVpv2019,SLV,El Salvador,2019,pv,-0.12022831290960312,0.2295360565185547,7.0,42.924530029296875,27.358489990234375,56.60377502441406
GNQpv2019,GNQ,Equatorial Guinea,2019,pv,-0.14789828658103943,0.2500927150249481,4.0,42.45283126831055,25.471698760986328,56.60377502441406
ERIpv2019,ERI,Eritrea,2019,pv,-0.7059687972068787,0.24374650418758392,5.0,21.69811248779297,12.735849380493164,33.96226501464844
ESTpv2019,EST,Estonia,2019,pv,0.6301977634429932,0.22398683428764343,8.0,67.45282745361328,56.60377502441406,81.60377502441406
SWZpv2019,SWZ,Eswatini,2019,pv,-0.2743779122829437,0.2500927150249481,4.0,37.26415252685547,22.641510009765625,52.8301887512207
ETHpv2019,ETH,Ethiopia,2019,pv,-1.3037627935409546,0.2295360565185547,7.0,11.320755004882812,6.132075309753418,16.037734985351562
FJIpv2019,FJI,Fiji,2019,pv,0.7793349027633667,0.2527734935283661,4.0,72.64151000976562,58.49056625366211,92.45282745361328
FINpv2019,FIN,Finland,2019,pv,0.8352588415145874,0.22398683428764343,8.0,75.94339752197266,60.849056243896484,92.45282745361328
FRApv2019,FRA,France,2019,pv,0.2713412344455719,0.22398683428764343,8.0,57.075469970703125,43.867923736572266,67.92453002929688
GUFpv2019,GUF,French Guiana,2019,pv,0.24391065537929535,0.2668687403202057,3.0,56.60377502441406,40.09434127807617,69.3396224975586
GABpv2019,GAB,Gabon,2019,pv,-0.07509861886501312,0.2349262535572052,6.0,45.28302001953125,27.830188751220703,58.01886749267578
GMBpv2019,GMB,"Gambia, The",2019,pv,0.214491605758667,0.24059230089187622,5.0,55.660377502441406,40.09434127807617,66.50943756103516
GEOpv2019,GEO,Georgia,2019,pv,-0.49817195534706116,0.23774179816246033,6.0,27.358489990234375,16.50943374633789,43.39622497558594
DEUpv2019,DEU,Germany,2019,pv,0.5485398769378662,0.22398683428764343,8.0,65.0943374633789,54.71697998046875,77.83018493652344
GHApv2019,GHA,Ghana,2019,pv,0.1185268685221672,0.2295360565185547,7.0,52.8301887512207,38.20754623413086,60.849056243896484
GRCpv2019,GRC,Greece,2019,pv,0.1624283343553543,0.22398683428764343,8.0,54.24528121948242,40.09434127807617,62.73584747314453
GRLpv2019,GRL,Greenland,2019,pv,1.8873629570007324,0.35477903485298157,2.0,100.0,93.86792755126953,100.0
GRDpv2019,GRD,Grenada,2019,pv,0.9380796551704407,0.2717815339565277,4.0,79.71697998046875,60.849056243896484,96.2264175415039
GUMpv2019,GUM,Guam,2019,pv,0.886530876159668,0.27013328671455383,3.0,76.88679504394531,60.377357482910156,94.81131744384766
GTMpv2019,GTM,Guatemala,2019,pv,-0.577340841293335,0.2295360565185547,7.0,24.056604385375977,14.622641563415527,40.09434127807617
GINpv2019,GIN,Guinea,2019,pv,-0.8426061272621155,0.2349262535572052,6.0,17.924528121948242,11.792452812194824,27.830188751220703
GNBpv2019,GNB,Guinea-Bissau,2019,pv,-0.561567485332489,0.26759788393974304,4.0,25.471698760986328,13.679244995117188,42.45283126831055
GUYpv2019,GUY,Guyana,2019,pv,-0.254073828458786,0.23481224477291107,6.0,38.67924499511719,22.641510009765625,52.8301887512207
HTIpv2019,HTI,Haiti,2019,pv,-0.8876373171806335,0.2349262535572052,6.0,16.98113250732422,11.792452812194824,26.41509437561035
HNDpv2019,HND,Honduras,2019,pv,-0.569057047367096,0.2295360565185547,7.0,24.528301239013672,14.622641563415527,40.09434127807617
HKGpv2019,HKG,"Hong Kong SAR, China",2019,pv,-0.22703735530376434,0.21843186020851135,8.0,39.622642517089844,23.58490562438965,52.8301887512207
HUNpv2019,HUN,Hungary,2019,pv,0.7619212865829468,0.22398683428764343,8.0,71.69811248779297,59.433963775634766,89.62264251708984
ISLpv2019,ISL,Iceland,2019,pv,1.619806170463562,0.2289869785308838,7.0,99.52830505371094,93.39622497558594,100.0
INDpv2019,IND,India,2019,pv,-0.7968469858169556,0.22398683428764343,8.0,19.339622497558594,11.792452812194824,28.30188751220703
IDNpv2019,IDN,Indonesia,2019,pv,-0.5021430253982544,0.22398683428764343,8.0,26.88679313659668,17.452829360961914,42.45283126831055
IRNpv2019,IRN,"Iran, Islamic Rep.",2019,pv,-1.711534023284912,0.2295360565185547,7.0,5.660377502441406,4.245283126831055,10.377358436584473
IRQpv2019,IRQ,Iraq,2019,pv,-2.6092777252197266,0.2349262535572052,6.0,1.4150943756103516,0.0,3.301886796951294
IRLpv2019,IRL,Ireland,2019,pv,0.9594164490699768,0.2289869785308838,7.0,80.6603775024414,66.03773498535156,95.28302001953125
ISRpv2019,ISR,Israel,2019,pv,-0.8155680298805237,0.2289869785308838,7.0,18.867923736572266,11.792452812194824,28.30188751220703
ITApv2019,ITA,Italy,2019,pv,0.38111427426338196,0.22398683428764343,8.0,58.96226501464844,47.641510009765625,70.75471496582031
JAMpv2019,JAM,Jamaica,2019,pv,0.38830986618995667,0.2295360565185547,7.0,59.433963775634766,47.641510009765625,71.69811248779297
JPNpv2019,JPN,Japan,2019,pv,1.0198123455047607,0.22398683428764343,8.0,83.49056243896484,67.92453002929688,96.2264175415039
JEYpv2019,JEY,"Jersey, Channel Islands",2019,pv,1.2802094221115112,0.4835960865020752,1.0,93.86792755126953,60.849056243896484,100.0
JORpv2019,JOR,Jordan,2019,pv,-0.27688515186309814,0.2089426964521408,9.0,36.79245376586914,23.58490562438965,50.47169876098633
KAZpv2019,KAZ,Kazakhstan,2019,pv,-0.16803734004497528,0.2089426964521408,9.0,41.50943374633789,26.41509437561035,54.24528121948242
KENpv2019,KEN,Kenya,2019,pv,-1.1057634353637695,0.2295360565185547,7.0,12.735849380493164,8.49056625366211,19.811321258544922
KIRpv2019,KIR,Kiribati,2019,pv,1.1214336156845093,0.28889232873916626,3.0,89.15093994140625,67.92453002929688,98.58490753173828
PRKpv2019,PRK,"Korea, Dem. Rep.",2019,pv,-0.2868788540363312,0.24059230089187622,5.0,35.377357482910156,22.641510009765625,51.41509246826172
KORpv2019,KOR,"Korea, Rep.",2019,pv,0.5471979379653931,0.2089426964521408,9.0,64.62264251708984,54.71697998046875,76.88679504394531
KSVpv2019,KSV,Kosovo,2019,pv,-0.34861594438552856,0.2500927150249481,4.0,32.075469970703125,19.811321258544922,50.0
KWTpv2019,KWT,Kuwait,2019,pv,0.17517338693141937,0.2349262535572052,6.0,54.71697998046875,40.09434127807617,65.5660400390625
KGZpv2019,KGZ,Kyrgyz Republic,2019,pv,-0.2655680775642395,0.22460439801216125,6.0,37.73584747314453,22.641510009765625,51.41509246826172
LAOpv2019,LAO,Lao PDR,2019,pv,0.5303522348403931,0.24374650418758392,5.0,63.20754623413086,52.8301887512207,78.30188751220703
LVApv2019,LVA,Latvia,2019,pv,0.4268704354763031,0.2289869785308838,7.0,59.90565872192383,49.056602478027344,75.0
LBNpv2019,LBN,Lebanon,2019,pv,-1.6723570823669434,0.2295360565185547,7.0,6.603773593902588,4.245283126831055,11.792452812194824
LSOpv2019,LSO,Lesotho,2019,pv,-0.42798033356666565,0.2500927150249481,4.0,28.773584365844727,18.39622688293457,46.22641372680664
LBRpv2019,LBR,Liberia,2019,pv,-0.34100890159606934,0.21764691174030304,7.0,33.49056625366211,21.69811248779297,47.641510009765625
LBYpv2019,LBY,Libya,2019,pv,-2.5658981800079346,0.2349262535572052,6.0,1.8867924213409424,0.0,3.7735848426818848
LIEpv2019,LIE,Liechtenstein,2019,pv,1.5976498126983643,0.2500927150249481,4.0,99.05660247802734,92.45282745361328,100.0
LTUpv2019,LTU,Lithuania,2019,pv,0.7706235647201538,0.2289869785308838,7.0,72.16981506347656,59.433963775634766,90.5660400390625
LUXpv2019,LUX,Luxembourg,2019,pv,1.3333135843276978,0.2289869785308838,7.0,95.28302001953125,80.18868255615234,99.52830505371094
MACpv2019,MAC,"Macao SAR, China",2019,pv,1.2154215574264526,0.31049972772598267,2.0,92.92453002929688,70.75471496582031,99.52830505371094
MDGpv2019,MDG,Madagascar,2019,pv,-0.3139573037624359,0.2295360565185547,7.0,33.96226501464844,22.641510009765625,50.47169876098633
MWIpv2019,MWI,Malawi,2019,pv,-0.28681960701942444,0.23481224477291107,6.0,35.849056243896484,22.641510009765625,51.41509246826172
MYSpv2019,MYS,Malaysia,2019,pv,0.14648012816905975,0.2089426964521408,9.0,53.77358627319336,40.09434127807617,60.849056243896484
MDVpv2019,MDV,Maldives,2019,pv,0.027658289298415184,0.28085896372795105,3.0,48.11320877075195,28.30188751220703,60.849056243896484
MLIpv2019,MLI,Mali,2019,pv,-2.214308738708496,0.2349262535572052,6.0,3.7735848426818848,1.4150943756103516,5.188679218292236
MLTpv2019,MLT,Malta,2019,pv,1.013645052909851,0.2349262535572052,6.0,83.01886749267578,66.98113250732422,96.2264175415039
MHLpv2019,MHL,Marshall Islands,2019,pv,1.172306776046753,0.28889232873916626,3.0,92.45282745361328,70.28302001953125,99.52830505371094
MTQpv2019,MTQ,Martinique,2019,pv,0.7522661089897156,0.30527737736701965,2.0,71.2264175415039,56.60377502441406,93.39622497558594
MRTpv2019,MRT,Mauritania,2019,pv,-0.5629211664199829,0.24374650418758392,5.0,25.0,14.622641563415527,41.98113250732422
MUSpv2019,MUS,Mauritius,2019,pv,0.8020082116127014,0.24374650418758392,5.0,75.0,59.433963775634766,92.45282745361328
MEXpv2019,MEX,Mexico,2019,pv,-0.8418691754341125,0.2089426964521408,9.0,18.39622688293457,11.792452812194824,26.88679313659668
FSMpv2019,FSM,"Micronesia, Fed. Sts.",2019,pv,1.0327569246292114,0.2527734935283661,4.0,84.9056625366211,66.98113250732422,97.16981506347656
MDApv2019,MDA,Moldova,2019,pv,-0.3872883915901184,0.2295360565185547,7.0,31.132076263427734,19.811321258544922,46.69811248779297
MCOpv2019,MCO,Monaco,2019,pv,1.5773667097091675,0.28085896372795105,3.0,98.58490753173828,88.67924499511719,100.0
MNGpv2019,MNG,Mongolia,2019,pv,0.6367509365081787,0.22398683428764343,8.0,67.92453002929688,56.60377502441406,81.60377502441406
MNEpv2019,MNE,Montenegro,2019,pv,0.05806864798069,0.2500927150249481,4.0,50.0,31.60377311706543,60.849056243896484
MARpv2019,MAR,Morocco,2019,pv,-0.3458053767681122,0.2295360565185547,7.0,32.54716873168945,20.283018112182617,48.11320877075195
MOZpv2019,MOZ,Mozambique,2019,pv,-0.7657200694084167,0.21773768961429596,7.0,19.811321258544922,12.264150619506836,30.188678741455078
MMRpv2019,MMR,Myanmar,2019,pv,-1.330501675605774,0.2295360565185547,7.0,10.849056243896484,5.660377502441406,14.622641563415527
NAMpv2019,NAM,Namibia,2019,pv,0.5288904905319214,0.2349262535572052,6.0,62.73584747314453,53.30188751220703,77.83018493652344
NRUpv2019,NRU,Nauru,2019,pv,0.795099675655365,0.28889232873916626,3.0,73.58490753173828,58.01886749267578,93.39622497558594
NPLpv2019,NPL,Nepal,2019,pv,-0.45365965366363525,0.21997365355491638,7.0,28.30188751220703,18.867923736572266,43.867923736572266
NLDpv2019,NLD,Netherlands,2019,pv,0.8213249444961548,0.22398683428764343,8.0,75.47169494628906,60.377357482910156,92.45282745361328
NZLpv2019,NZL,New Zealand,2019,pv,1.4169535636901855,0.2089426964521408,9.0,97.16981506347656,87.73584747314453,99.52830505371094
NICpv2019,NIC,Nicaragua,2019,pv,-0.9925007224082947,0.2295360565185547,7.0,14.150943756103516,9.905660629272461,23.58490562438965
NERpv2019,NER,Niger,2019,pv,-1.4050064086914062,0.2349262535572052,6.0,9.433961868286133,5.188679218292236,13.679244995117188
NGApv2019,NGA,Nigeria,2019,pv,-1.933154821395874,0.2295360565185547,7.0,4.716980934143066,2.830188751220703,8.018867492675781
NIUpv2019,NIU,Niue,2019,pv,1.3627032041549683,0.5038794875144958,1.0,96.2264175415039,63.20754623413086,100.0
MKDpv2019,MKD,North Macedonia,2019,pv,0.00814169179648161,0.23774179816246033,6.0,47.641510009765625,31.132076263427734,59.433963775634766
NORpv2019,NOR,Norway,2019,pv,1.142112135887146,0.22398683428764343,8.0,90.0943374633789,72.16981506347656,97.64151000976562
OMNpv2019,OMN,Oman,2019,pv,0.5892567038536072,0.2349262535572052,6.0,66.50943756103516,54.71697998046875,81.13207244873047
PAKpv2019,PAK,Pakistan,2019,pv,-2.2517430782318115,0.2295360565185547,7.0,3.301886796951294,0.9433962106704712,5.188679218292236
PLWpv2019,PLW,Palau,2019,pv,1.1717981100082397,0.333178848028183,2.0,91.98113250732422,66.98113250732422,99.52830505371094
PANpv2019,PAN,Panama,2019,pv,0.29094579815864563,0.2295360565185547,7.0,57.54716873168945,43.867923736572266,68.86792755126953
PNGpv2019,PNG,Papua New Guinea,2019,pv,-0.706948459148407,0.22222578525543213,6.0,21.226415634155273,12.735849380493164,33.01886749267578
PRYpv2019,PRY,Paraguay,2019,pv,-0.018012775108218193,0.2349262535572052,6.0,46.22641372680664,30.188678741455078,58.49056625366211
PERpv2019,PER,Peru,2019,pv,-0.16362261772155762,0.22398683428764343,8.0,41.98113250732422,25.943395614624023,54.71697998046875
PHLpv2019,PHL,Philippines,2019,pv,-0.9280606508255005,0.22398683428764343,8.0,16.037734985351562,11.792452812194824,25.471698760986328
POLpv2019,POL,Poland,2019,pv,0.5507165193557739,0.22398683428764343,8.0,65.5660400390625,54.71697998046875,78.30188751220703
PRTpv2019,PRT,Portugal,2019,pv,1.0517518520355225,0.22398683428764343,8.0,87.26415252685547,69.81131744384766,97.16981506347656
PRIpv2019,PRI,Puerto Rico,2019,pv,0.1426609456539154,0.2500927150249481,4.0,53.30188751220703,37.26415252685547,65.5660400390625
QATpv2019,QAT,Qatar,2019,pv,0.6843701004981995,0.2289869785308838,7.0,69.81131744384766,58.01886749267578,87.26415252685547
ROMpv2019,ROM,Romania,2019,pv,0.5422559976577759,0.22398683428764343,8.0,63.67924499511719,54.24528121948242,77.83018493652344
RUSpv2019,RUS,Russian Federation,2019,pv,-0.5510887503623962,0.22398683428764343,8.0,25.943395614624023,16.037734985351562,40.09434127807617
RWApv2019,RWA,Rwanda,2019,pv,0.056992288678884506,0.24374650418758392,5.0,49.52830123901367,33.01886749267578,60.377357482910156
REUpv2019,REU,Réunion,2019,pv,0.20966975390911102,0.3763171136379242,1.0,55.18867874145508,30.188678741455078,75.47169494628906
WSMpv2019,WSM,Samoa,2019,pv,1.1633777618408203,0.2527734935283661,4.0,91.03773498535156,70.75471496582031,98.58490753173828
SMRpv2019,SMR,San Marino,2019,pv,1.2259713411331177,0.28085896372795105,3.0,93.39622497558594,71.69811248779297,99.52830505371094
SAUpv2019,SAU,Saudi Arabia,2019,pv,-0.6240473985671997,0.21298381686210632,8.0,23.58490562438965,14.622641563415527,36.79245376586914
SENpv2019,SEN,Senegal,2019,pv,0.03757640719413757,0.2295360565185547,7.0,48.58490753173828,33.49056625366211,59.433963775634766
SRBpv2019,SRB,Serbia,2019,pv,-0.07805154472589493,0.2295360565185547,7.0,44.339622497558594,27.830188751220703,58.01886749267578
SYCpv2019,SYC,Seychelles,2019,pv,0.6587868928909302,0.2500927150249481,4.0,68.39622497558594,56.60377502441406,87.73584747314453
SLEpv2019,SLE,Sierra Leone,2019,pv,-0.0569148063659668,0.23481224477291107,6.0,45.75471878051758,28.30188751220703,58.01886749267578
SGPpv2019,SGP,Singapore,2019,pv,1.4804542064666748,0.22398683428764343,8.0,97.64151000976562,88.67924499511719,99.52830505371094
SVKpv2019,SVK,Slovak Republic,2019,pv,0.6673688292503357,0.2289869785308838,7.0,68.86792755126953,57.54716873168945,85.84906005859375
SVNpv2019,SVN,Slovenia,2019,pv,0.8015859723091125,0.22398683428764343,8.0,74.52830505371094,60.377357482910156,91.03773498535156
SLBpv2019,SLB,Solomon Islands,2019,pv,0.4971851706504822,0.2527734935283661,4.0,61.32075500488281,50.943397521972656,77.83018493652344
SOMpv2019,SOM,Somalia,2019,pv,-2.3864030838012695,0.2349262535572052,6.0,2.830188751220703,0.0,4.245283126831055
ZAFpv2019,ZAF,South Africa,2019,pv,-0.2832210958003998,0.22398683428764343,8.0,36.32075500488281,22.641510009765625,50.943397521972656
SSDpv2019,SSD,South Sudan,2019,pv,-2.518467664718628,0.2719583809375763,4.0,2.358490467071533,0.0,4.245283126831055
ESPpv2019,ESP,Spain,2019,pv,0.2927687466144562,0.22398683428764343,8.0,58.01886749267578,45.28302001953125,68.39622497558594
LKApv2019,LKA,Sri Lanka,2019,pv,-0.21553660929203033,0.2295360565185547,7.0,40.09434127807617,23.58490562438965,53.77358627319336
KNApv2019,KNA,St. Kitts and Nevis,2019,pv,0.7008935213088989,0.2717815339565277,4.0,70.75471496582031,56.60377502441406,90.5660400390625
LCApv2019,LCA,St. Lucia,2019,pv,0.9066039323806763,0.2717815339565277,4.0,77.83018493652344,60.849056243896484,95.75471496582031
VCTpv2019,VCT,St. Vincent and the Grenadines,2019,pv,0.9380796551704407,0.2717815339565277,4.0,79.71697998046875,60.849056243896484,96.2264175415039
SDNpv2019,SDN,Sudan,2019,pv,-1.6962658166885376,0.2349262535572052,6.0,6.132075309753418,4.245283126831055,10.849056243896484
SURpv2019,SUR,Suriname,2019,pv,0.08768051117658615,0.23481224477291107,6.0,51.41509246826172,34.433963775634766,60.849056243896484
SWEpv2019,SWE,Sweden,2019,pv,1.0118863582611084,0.22398683428764343,8.0,82.54717254638672,67.92453002929688,96.2264175415039
CHEpv2019,CHE,Switzerland,2019,pv,1.310975432395935,0.2289869785308838,7.0,94.3396224975586,78.30188751220703,99.52830505371094
SYRpv2019,SYR,Syrian Arab Republic,2019,pv,-2.730469226837158,0.24059230089187622,5.0,0.4716981053352356,0.0,2.830188751220703
STPpv2019,STP,São Tomé and Principe,2019,pv,0.5006512999534607,0.2500927150249481,4.0,61.79245376586914,51.41509246826172,77.83018493652344
TWNpv2019,TWN,"Taiwan, China",2019,pv,0.7887747287750244,0.21298381686210632,8.0,73.11320495605469,60.377357482910156,89.62264251708984
TJKpv2019,TJK,Tajikistan,2019,pv,-0.5120598673820496,0.24374650418758392,5.0,26.41509437561035,16.037734985351562,43.39622497558594
TZApv2019,TZA,Tanzania,2019,pv,-0.3884200155735016,0.2295360565185547,7.0,30.660377502441406,19.811321258544922,46.69811248779297
THApv2019,THA,Thailand,2019,pv,-0.491406112909317,0.22398683428764343,8.0,27.830188751220703,17.452829360961914,42.45283126831055
TMPpv2019,TMP,Timor-Leste,2019,pv,0.2430812269449234,0.2500927150249481,4.0,56.132076263427734,41.50943374633789,67.92453002929688
TGOpv2019,TGO,Togo,2019,pv,-0.9082576632499695,0.2349262535572052,6.0,16.50943374633789,11.792452812194824,25.943395614624023
TONpv2019,TON,Tonga,2019,pv,1.0350251197814941,0.2527734935283661,4.0,85.84906005859375,66.98113250732422,97.16981506347656
TTOpv2019,TTO,Trinidad and Tobago,2019,pv,0.08159055560827255,0.23481224477291107,6.0,50.943397521972656,33.96226501464844,60.849056243896484
TUNpv2019,TUN,Tunisia,2019,pv,-0.8770847320556641,0.2295360565185547,7.0,17.452829360961914,11.792452812194824,26.88679313659668
TKMpv2019,TKM,Turkmenistan,2019,pv,-0.178114116191864,0.24374650418758392,5.0,40.566036224365234,23.58490562438965,55.660377502441406
TUVpv2019,TUV,Tuvalu,2019,pv,1.1717981100082397,0.333178848028183,2.0,91.98113250732422,66.98113250732422,99.52830505371094
TURpv2019,TUR,Türkiye,2019,pv,-1.3781816959381104,0.22398683428764343,8.0,9.905660629272461,5.188679218292236,13.679244995117188
UGApv2019,UGA,Uganda,2019,pv,-0.6942639350891113,0.2295360565185547,7.0,22.169811248779297,12.735849380493164,33.49056625366211
UKRpv2019,UKR,Ukraine,2019,pv,-1.4283761978149414,0.22398683428764343,8.0,8.962264060974121,5.188679218292236,12.735849380493164
AREpv2019,ARE,United Arab Emirates,2019,pv,0.6675384044647217,0.22398683428764343,8.0,69.3396224975586,58.01886749267578,85.37735748291016
GBRpv2019,GBR,United Kingdom,2019,pv,0.5266942977905273,0.2089426964521408,9.0,62.26415252685547,54.71697998046875,76.41509246826172
USApv2019,USA,United States,2019,pv,0.11829857528209686,0.2089426964521408,9.0,52.358489990234375,39.622642517089844,60.849056243896484
URYpv2019,URY,Uruguay,2019,pv,1.0282970666885376,0.2295360565185547,7.0,83.96226501464844,67.92453002929688,96.69811248779297
UZBpv2019,UZB,Uzbekistan,2019,pv,-0.29663777351379395,0.23774179816246033,6.0,34.90565872192383,22.641510009765625,51.41509246826172
VUTpv2019,VUT,Vanuatu,2019,pv,1.0063645839691162,0.28889232873916626,3.0,82.07546997070312,63.20754623413086,97.16981506347656
VENpv2019,VEN,"Venezuela, RB",2019,pv,-1.5385196208953857,0.2089426964521408,9.0,8.49056625366211,5.188679218292236,11.792452812194824
VNMpv2019,VNM,Viet Nam,2019,pv,0.03998740389943123,0.213425412774086,8.0,49.056602478027344,33.96226501464844,59.433963775634766
VIRpv2019,VIR,Virgin Islands (U.S.),2019,pv,1.0515190362930298,0.30527737736701965,2.0,86.79244995117188,65.5660400390625,97.64151000976562
WBGpv2019,WBG,West Bank and Gaza,2019,pv,-1.8894288539886475,0.2500927150249481,4.0,5.188679218292236,2.830188751220703,8.49056625366211
YEMpv2019,YEM,"Yemen, Rep.",2019,pv,-2.771014451980591,0.24059230089187622,5.0,0.0,0.0,2.830188751220703
ZMBpv2019,ZMB,Zambia,2019,pv,-0.11698965728282928,0.23481224477291107,6.0,43.39622497558594,26.88679313659668,56.60377502441406
ZWEpv2019,ZWE,Zimbabwe,2019,pv,-0.9433025121688843,0.2295360565185547,7.0,15.094339370727539,10.849056243896484,24.528301239013672
AFGpv2020,AFG,Afghanistan,2020,pv,-2.702721118927002,0.24161435663700104,5.0,0.4716981053352356,0.0,2.358490467071533
ALBpv2020,ALB,Albania,2020,pv,0.08861251920461655,0.23248028755187988,6.0,50.0,35.849056243896484,60.849056243896484
DZApv2020,DZA,Algeria,2020,pv,-0.8478204011917114,0.23762483894824982,5.0,17.924528121948242,11.320755004882812,28.30188751220703
ASMpv2020,ASM,American Samoa,2020,pv,1.090208649635315,0.31977763772010803,2.0,87.73584747314453,64.62264251708984,99.05660247802734
ADOpv2020,ADO,Andorra,2020,pv,1.5886753797531128,0.2787049412727356,3.0,99.05660247802734,88.67924499511719,100.0
AGOpv2020,AGO,Angola,2020,pv,-0.5999178886413574,0.21722665429115295,6.0,24.528301239013672,15.094339370727539,39.150943756103516
AIApv2020,AIA,Anguilla,2020,pv,1.5038427114486694,0.3073901832103729,2.0,98.58490753173828,82.07546997070312,100.0
ATGpv2020,ATG,Antigua and Barbuda,2020,pv,0.9295788407325745,0.27050361037254333,4.0,79.71697998046875,61.32075500488281,96.2264175415039
ARGpv2020,ARG,Argentina,2020,pv,-0.07199740409851074,0.2264915257692337,7.0,45.28302001953125,31.132076263427734,56.60377502441406
ARMpv2020,ARM,Armenia,2020,pv,-0.7716448903083801,0.23762483894824982,5.0,20.283018112182617,12.264150619506836,33.01886749267578
ABWpv2020,ABW,Aruba,2020,pv,1.3715912103652954,0.2668159604072571,3.0,96.2264175415039,79.71697998046875,99.52830505371094
AUSpv2020,AUS,Australia,2020,pv,0.8621618747711182,0.20862345397472382,8.0,74.52830505371094,63.67924499511719,92.92453002929688
AUTpv2020,AUT,Austria,2020,pv,0.8876008987426758,0.2264915257692337,7.0,76.88679504394531,63.20754623413086,94.3396224975586
AZEpv2020,AZE,Azerbaijan,2020,pv,-0.852253794670105,0.23762483894824982,5.0,17.452829360961914,11.320755004882812,27.830188751220703
BHSpv2020,BHS,"Bahamas, The",2020,pv,0.830306887626648,0.23248028755187988,6.0,73.11320495605469,60.377357482910156,92.92453002929688
BHRpv2020,BHR,Bahrain,2020,pv,-0.6101046204566956,0.23762483894824982,5.0,24.056604385375977,14.622641563415527,39.622642517089844
BGDpv2020,BGD,Bangladesh,2020,pv,-0.9158169031143188,0.23248028755187988,6.0,15.566038131713867,10.377358436584473,25.943395614624023
BRBpv2020,BRB,Barbados,2020,pv,1.1206599473953247,0.24161435663700104,5.0,88.67924499511719,71.2264175415039,98.58490753173828
BLRpv2020,BLR,Belarus,2020,pv,-0.887615978717804,0.23248028755187988,6.0,16.98113250732422,10.849056243896484,26.41509437561035
BELpv2020,BEL,Belgium,2020,pv,0.5210785269737244,0.2264915257692337,7.0,64.15093994140625,51.88679122924805,77.35848999023438
BLZpv2020,BLZ,Belize,2020,pv,0.5186675786972046,0.24161435663700104,5.0,63.67924499511719,51.41509246826172,77.83018493652344
BENpv2020,BEN,Benin,2020,pv,-0.4430716633796692,0.24740494787693024,4.0,31.60377311706543,17.452829360961914,47.1698112487793
BMUpv2020,BMU,Bermuda,2020,pv,1.0034422874450684,0.3073901832103729,2.0,83.01886749267578,62.26415252685547,98.58490753173828
BTNpv2020,BTN,Bhutan,2020,pv,1.0134891271591187,0.24740494787693024,4.0,84.9056625366211,66.50943756103516,96.69811248779297
BOLpv2020,BOL,Bolivia,2020,pv,-0.4534671902656555,0.23248028755187988,6.0,29.245283126831055,18.39622688293457,44.81132125854492
BIHpv2020,BIH,Bosnia and Herzegovina,2020,pv,-0.4474771320819855,0.24161435663700104,5.0,30.660377502441406,17.924528121948242,46.22641372680664
BWApv2020,BWA,Botswana,2020,pv,1.0131680965423584,0.23248028755187988,6.0,83.96226501464844,66.98113250732422,96.69811248779297
BRApv2020,BRA,Brazil,2020,pv,-0.4468909204006195,0.20862345397472382,8.0,31.132076263427734,19.339622497558594,44.339622497558594
BRNpv2020,BRN,Brunei Darussalam,2020,pv,1.1880840063095093,0.23762483894824982,5.0,92.92453002929688,72.64151000976562,98.58490753173828
BGRpv2020,BGR,Bulgaria,2020,pv,0.40163102746009827,0.2264915257692337,7.0,58.49056625366211,48.11320877075195,72.16981506347656
BFApv2020,BFA,Burkina Faso,2020,pv,-1.5379784107208252,0.23248028755187988,6.0,9.433961868286133,4.245283126831055,12.264150619506836
BDIpv2020,BDI,Burundi,2020,pv,-1.5423520803451538,0.24740494787693024,4.0,8.962264060974121,4.245283126831055,12.735849380493164
KHMpv2020,KHM,Cambodia,2020,pv,-0.20906595885753632,0.24161435663700104,5.0,40.566036224365234,24.056604385375977,52.8301887512207
CMRpv2020,CMR,Cameroon,2020,pv,-1.5136797428131104,0.23248028755187988,6.0,9.905660629272461,4.245283126831055,12.735849380493164
CANpv2020,CAN,Canada,2020,pv,1.013182282447815,0.2264915257692337,7.0,84.4339599609375,67.45282745361328,96.69811248779297
CPVpv2020,CPV,Cape Verde,2020,pv,0.874232292175293,0.24740494787693024,4.0,75.94339752197266,60.849056243896484,94.3396224975586
CYMpv2020,CYM,Cayman Islands,2020,pv,1.4564709663391113,0.2668159604072571,3.0,97.64151000976562,84.9056625366211,99.52830505371094
CAFpv2020,CAF,Central African Republic,2020,pv,-2.2362775802612305,0.24740494787693024,4.0,2.830188751220703,0.9433962106704712,4.716980934143066
TCDpv2020,TCD,Chad,2020,pv,-1.2552202939987183,0.24740494787693024,4.0,11.320755004882812,7.075471878051758,17.452829360961914
CHLpv2020,CHL,Chile,2020,pv,0.044044505804777145,0.2264915257692337,7.0,48.58490753173828,34.90565872192383,58.96226501464844
CHNpv2020,CHN,China,2020,pv,-0.474127858877182,0.20862345397472382,8.0,27.830188751220703,18.39622688293457,42.924530029296875
COLpv2020,COL,Colombia,2020,pv,-0.7011500597000122,0.2264915257692337,7.0,21.226415634155273,12.735849380493164,34.90565872192383
COMpv2020,COM,Comoros,2020,pv,-0.28738489747047424,0.2787049412727356,3.0,36.32075500488281,20.283018112182617,52.358489990234375
ZARpv2020,ZAR,"Congo, Dem. Rep.",2020,pv,-1.786685585975647,0.21722665429115295,6.0,5.660377502441406,3.7735848426818848,10.377358436584473
COGpv2020,COG,"Congo, Rep.",2020,pv,-0.21304312348365784,0.23762483894824982,5.0,40.09434127807617,24.056604385375977,52.8301887512207
COKpv2020,COK,Cook Islands,2020,pv,1.153894305229187,0.47436973452568054,1.0,90.0943374633789,57.54716873168945,100.0
CRIpv2020,CRI,Costa Rica,2020,pv,0.7468180656433105,0.23248028755187988,6.0,71.69811248779297,57.54716873168945,88.67924499511719
HRVpv2020,HRV,Croatia,2020,pv,0.6072832345962524,0.2264915257692337,7.0,66.50943756103516,54.71697998046875,80.18868255615234
CUBpv2020,CUB,Cuba,2020,pv,0.5961467623710632,0.23762483894824982,5.0,65.5660400390625,53.77358627319336,81.13207244873047
CYPpv2020,CYP,Cyprus,2020,pv,0.2887776494026184,0.23124057054519653,6.0,56.60377502441406,44.339622497558594,68.39622497558594
CZEpv2020,CZE,Czech Republic,2020,pv,0.9123280048370361,0.2264915257692337,7.0,77.83018493652344,64.15093994140625,94.3396224975586
CIVpv2020,CIV,Côte d'Ivoire,2020,pv,-1.0332196950912476,0.23248028755187988,6.0,13.679244995117188,10.377358436584473,23.11320686340332
DNKpv2020,DNK,Denmark,2020,pv,0.9202337265014648,0.2264915257692337,7.0,78.30188751220703,64.15093994140625,94.3396224975586
DJIpv2020,DJI,Djibouti,2020,pv,-0.44820237159729004,0.24740494787693024,4.0,30.188678741455078,16.98113250732422,46.22641372680664
DMApv2020,DMA,Dominica,2020,pv,1.317089557647705,0.27050361037254333,4.0,94.81131744384766,75.47169494628906,99.52830505371094
DOMpv2020,DOM,Dominican Republic,2020,pv,0.1649812012910843,0.23248028755187988,6.0,52.358489990234375,39.622642517089844,64.15093994140625
ECUpv2020,ECU,Ecuador,2020,pv,-0.27024322748184204,0.23248028755187988,6.0,37.26415252685547,23.11320686340332,50.47169876098633
EGYpv2020,EGY,"Egypt, Arab Rep.",2020,pv,-1.181932806968689,0.23248028755187988,6.0,11.792452812194824,8.018867492675781,18.867923736572266
SLVpv2020,SLV,El Salvador,2020,pv,-0.11499223113059998,0.23248028755187988,6.0,44.339622497558594,26.88679313659668,55.660377502441406
GNQpv2020,GNQ,Equatorial Guinea,2020,pv,-0.2215607762336731,0.24740494787693024,4.0,39.622642517089844,23.58490562438965,52.8301887512207
ERIpv2020,ERI,Eritrea,2020,pv,-0.992741048336029,0.24740494787693024,4.0,15.094339370727539,10.377358436584473,25.0
ESTpv2020,EST,Estonia,2020,pv,0.7098169922828674,0.2264915257692337,7.0,70.75471496582031,57.075469970703125,86.79244995117188
SWZpv2020,SWZ,Eswatini,2020,pv,-0.04054694622755051,0.24740494787693024,4.0,46.69811248779297,31.132076263427734,57.54716873168945
ETHpv2020,ETH,Ethiopia,2020,pv,-1.753702998161316,0.23248028755187988,6.0,6.132075309753418,3.7735848426818848,10.377358436584473
FJIpv2020,FJI,Fiji,2020,pv,0.662797212600708,0.2472635954618454,4.0,68.39622497558594,55.18867874145508,86.79244995117188
FINpv2020,FIN,Finland,2020,pv,0.9818251132965088,0.2264915257692337,7.0,80.6603775024414,66.98113250732422,95.28302001953125
FRApv2020,FRA,France,2020,pv,0.2809928357601166,0.2264915257692337,7.0,56.132076263427734,44.339622497558594,67.92453002929688
GUFpv2020,GUF,French Guiana,2020,pv,0.3167935311794281,0.2668159604072571,3.0,57.075469970703125,43.39622497558594,71.69811248779297
GABpv2020,GAB,Gabon,2020,pv,-0.06577281653881073,0.23762483894824982,5.0,45.75471878051758,28.773584365844727,57.075469970703125
GMBpv2020,GMB,"Gambia, The",2020,pv,0.2480354756116867,0.23762483894824982,5.0,55.18867874145508,42.45283126831055,67.45282745361328
GEOpv2020,GEO,Georgia,2020,pv,-0.42961063981056213,0.24161435663700104,5.0,32.54716873168945,18.39622688293457,47.1698112487793
DEUpv2020,DEU,Germany,2020,pv,0.6450491547584534,0.2264915257692337,7.0,67.92453002929688,55.660377502441406,84.9056625366211
GHApv2020,GHA,Ghana,2020,pv,0.16990190744400024,0.23248028755187988,6.0,52.8301887512207,40.09434127807617,64.15093994140625
GRCpv2020,GRC,Greece,2020,pv,0.11518152803182602,0.2264915257692337,7.0,51.41509246826172,38.20754623413086,61.32075500488281
GRLpv2020,GRL,Greenland,2020,pv,1.9105945825576782,0.3388083577156067,2.0,100.0,95.28302001953125,100.0
GRDpv2020,GRD,Grenada,2020,pv,1.0326236486434937,0.27050361037254333,4.0,86.32075500488281,64.62264251708984,98.11320495605469
GUMpv2020,GUM,Guam,2020,pv,0.8893609642982483,0.2666386663913727,3.0,77.35848999023438,60.377357482910156,94.81131744384766
GTMpv2020,GTM,Guatemala,2020,pv,-0.41582930088043213,0.23248028755187988,6.0,33.01886749267578,18.867923736572266,47.1698112487793
GINpv2020,GIN,Guinea,2020,pv,-0.669285237789154,0.23762483894824982,5.0,22.169811248779297,12.735849380493164,36.32075500488281
GNBpv2020,GNB,Guinea-Bissau,2020,pv,-0.7216764688491821,0.2649398446083069,4.0,20.754716873168945,12.264150619506836,36.32075500488281
GUYpv2020,GUY,Guyana,2020,pv,-0.13755472004413605,0.23248028755187988,6.0,42.924530029296875,25.943395614624023,54.71697998046875
HTIpv2020,HTI,Haiti,2020,pv,-1.027492880821228,0.23762483894824982,5.0,14.150943756103516,10.377358436584473,23.58490562438965
HNDpv2020,HND,Honduras,2020,pv,-0.44850772619247437,0.23248028755187988,6.0,29.716981887817383,18.39622688293457,45.28302001953125
HKGpv2020,HKG,"Hong Kong SAR, China",2020,pv,0.05660666897892952,0.24693933129310608,6.0,49.056602478027344,34.433963775634766,60.377357482910156
HUNpv2020,HUN,Hungary,2020,pv,0.8370468616485596,0.2264915257692337,7.0,74.05660247802734,60.849056243896484,92.92453002929688
ISLpv2020,ISL,Iceland,2020,pv,1.375031590461731,0.23124057054519653,6.0,96.69811248779297,81.13207244873047,99.52830505371094
INDpv2020,IND,India,2020,pv,-0.8414192199707031,0.20862345397472382,8.0,18.39622688293457,11.320755004882812,26.88679313659668
IDNpv2020,IDN,Indonesia,2020,pv,-0.46231138706207275,0.2264915257692337,7.0,28.30188751220703,18.39622688293457,44.339622497558594
IRNpv2020,IRN,"Iran, Islamic Rep.",2020,pv,-1.6992063522338867,0.23248028755187988,6.0,6.603773593902588,3.7735848426818848,10.377358436584473
IRQpv2020,IRQ,Iraq,2020,pv,-2.4747695922851562,0.23762483894824982,5.0,1.8867924213409424,0.0,3.7735848426818848
IRLpv2020,IRL,Ireland,2020,pv,0.9655215740203857,0.23124057054519653,6.0,80.18868255615234,64.62264251708984,95.28302001953125
ISRpv2020,ISR,Israel,2020,pv,-0.8878185153007507,0.23124057054519653,6.0,16.50943374633789,10.849056243896484,26.41509437561035
ITApv2020,ITA,Italy,2020,pv,0.39934539794921875,0.2264915257692337,7.0,58.01886749267578,48.11320877075195,72.16981506347656
JAMpv2020,JAM,Jamaica,2020,pv,0.2586821913719177,0.23248028755187988,6.0,55.660377502441406,43.39622497558594,67.45282745361328
JPNpv2020,JPN,Japan,2020,pv,1.0261452198028564,0.2264915257692337,7.0,85.37735748291016,67.92453002929688,96.69811248779297
JEYpv2020,JEY,"Jersey, Channel Islands",2020,pv,1.328798770904541,0.4753701388835907,1.0,95.28302001953125,64.15093994140625,100.0
JORpv2020,JOR,Jordan,2020,pv,-0.2684018313884735,0.20862345397472382,8.0,37.73584747314453,23.58490562438965,49.52830123901367
KAZpv2020,KAZ,Kazakhstan,2020,pv,-0.2575668394565582,0.20862345397472382,8.0,38.20754623413086,24.528301239013672,49.52830123901367
KENpv2020,KEN,Kenya,2020,pv,-1.0072400569915771,0.23248028755187988,6.0,14.622641563415527,10.377358436584473,23.58490562438965
KIRpv2020,KIR,Kiribati,2020,pv,1.1575924158096313,0.28783857822418213,3.0,90.5660400390625,68.86792755126953,99.05660247802734
PRKpv2020,PRK,"Korea, Dem. Rep.",2020,pv,-0.3786787688732147,0.23762483894824982,5.0,33.49056625366211,20.283018112182617,47.641510009765625
KORpv2020,KOR,"Korea, Rep.",2020,pv,0.6083378791809082,0.20862345397472382,8.0,66.98113250732422,55.660377502441406,79.71697998046875
KSVpv2020,KSV,Kosovo,2020,pv,-0.27922073006629944,0.24740494787693024,4.0,36.79245376586914,21.69811248779297,51.88679122924805
KWTpv2020,KWT,Kuwait,2020,pv,0.22523225843906403,0.23762483894824982,5.0,54.24528121948242,41.98113250732422,66.98113250732422
KGZpv2020,KGZ,Kyrgyz Republic,2020,pv,-0.4557925760746002,0.220261812210083,6.0,28.773584365844727,18.39622688293457,44.339622497558594
LAOpv2020,LAO,Lao PDR,2020,pv,0.6939486861228943,0.24740494787693024,4.0,69.3396224975586,56.132076263427734,87.73584747314453
LVApv2020,LVA,Latvia,2020,pv,0.4621817469596863,0.23124057054519653,6.0,60.849056243896484,49.52830123901367,74.05660247802734
LBNpv2020,LBN,Lebanon,2020,pv,-1.6211754083633423,0.23248028755187988,6.0,8.018867492675781,4.245283126831055,11.320755004882812
LSOpv2020,LSO,Lesotho,2020,pv,-0.2535129487514496,0.24740494787693024,4.0,38.67924499511719,22.641510009765625,51.88679122924805
LBRpv2020,LBR,Liberia,2020,pv,-0.3091152608394623,0.21327553689479828,7.0,35.377357482910156,22.641510009765625,48.11320877075195
LBYpv2020,LBY,Libya,2020,pv,-2.46235728263855,0.23762483894824982,5.0,2.358490467071533,0.0,3.7735848426818848
LIEpv2020,LIE,Liechtenstein,2020,pv,1.6692181825637817,0.24740494787693024,4.0,99.52830505371094,94.3396224975586,100.0
LTUpv2020,LTU,Lithuania,2020,pv,0.9214769601821899,0.23124057054519653,6.0,78.7735824584961,64.15093994140625,94.3396224975586
LUXpv2020,LUX,Luxembourg,2020,pv,1.2124823331832886,0.23124057054519653,6.0,93.39622497558594,73.58490753173828,99.05660247802734
MACpv2020,MAC,"Macao SAR, China",2020,pv,1.13755202293396,0.3200835883617401,2.0,89.15093994140625,66.98113250732422,99.05660247802734
MDGpv2020,MDG,Madagascar,2020,pv,-0.5093347430229187,0.23248028755187988,6.0,26.41509437561035,16.037734985351562,43.39622497558594
MWIpv2020,MWI,Malawi,2020,pv,-0.1188865527510643,0.23248028755187988,6.0,43.867923736572266,26.41509437561035,55.660377502441406
MYSpv2020,MYS,Malaysia,2020,pv,0.12586469948291779,0.20862345397472382,8.0,51.88679122924805,39.622642517089844,60.849056243896484
MDVpv2020,MDV,Maldives,2020,pv,0.363029807806015,0.2787049412727356,3.0,57.54716873168945,44.339622497558594,72.64151000976562
MLIpv2020,MLI,Mali,2020,pv,-2.1463520526885986,0.23762483894824982,5.0,3.7735848426818848,1.4150943756103516,5.660377502441406
MLTpv2020,MLT,Malta,2020,pv,0.9984779953956604,0.23762483894824982,5.0,82.07546997070312,66.98113250732422,96.69811248779297
MHLpv2020,MHL,Marshall Islands,2020,pv,0.9824131727218628,0.28783857822418213,3.0,81.13207244873047,62.73584747314453,97.16981506347656
MTQpv2020,MTQ,Martinique,2020,pv,0.6042508482933044,0.3073901832103729,2.0,66.03773498535156,50.0,87.73584747314453
MRTpv2020,MRT,Mauritania,2020,pv,-0.7009499669075012,0.24740494787693024,4.0,21.69811248779297,12.735849380493164,35.849056243896484
MUSpv2020,MUS,Mauritius,2020,pv,0.8730455040931702,0.24740494787693024,4.0,75.47169494628906,60.849056243896484,94.3396224975586
MEXpv2020,MEX,Mexico,2020,pv,-0.7914557456970215,0.20862345397472382,8.0,19.339622497558594,12.735849380493164,29.245283126831055
FSMpv2020,FSM,"Micronesia, Fed. Sts.",2020,pv,1.1154639720916748,0.2472635954618454,4.0,88.20755004882812,70.75471496582031,98.58490753173828
MDApv2020,MDA,Moldova,2020,pv,-0.34011128544807434,0.23248028755187988,6.0,34.90565872192383,20.754716873168945,48.11320877075195
MCOpv2020,MCO,Monaco,2020,pv,1.177310585975647,0.2787049412727356,3.0,92.45282745361328,71.2264175415039,99.05660247802734
MNGpv2020,MNG,Mongolia,2020,pv,0.7178365588188171,0.2264915257692337,7.0,71.2264175415039,57.075469970703125,87.26415252685547
MNEpv2020,MNE,Montenegro,2020,pv,-0.06119713932275772,0.24740494787693024,4.0,46.22641372680664,27.830188751220703,57.075469970703125
MARpv2020,MAR,Morocco,2020,pv,-0.3595232367515564,0.23248028755187988,6.0,33.96226501464844,20.283018112182617,48.11320877075195
MOZpv2020,MOZ,Mozambique,2020,pv,-1.28312349319458,0.21722665429115295,6.0,10.849056243896484,7.5471696853637695,15.094339370727539
MMRpv2020,MMR,Myanmar,2020,pv,-1.5117404460906982,0.23248028755187988,6.0,10.377358436584473,4.245283126831055,12.735849380493164
NAMpv2020,NAM,Namibia,2020,pv,0.5124315619468689,0.23762483894824982,5.0,63.20754623413086,51.41509246826172,77.35848999023438
NRUpv2020,NRU,Nauru,2020,pv,0.7780006527900696,0.28783857822418213,3.0,72.64151000976562,56.60377502441406,94.3396224975586
NPLpv2020,NPL,Nepal,2020,pv,-0.17822878062725067,0.220261812210083,6.0,41.50943374633789,25.943395614624023,52.8301887512207
NLDpv2020,NLD,Netherlands,2020,pv,0.8309333920478821,0.2264915257692337,7.0,73.58490753173828,60.377357482910156,92.92453002929688
NZLpv2020,NZL,New Zealand,2020,pv,1.4683537483215332,0.20862345397472382,8.0,98.11320495605469,88.67924499511719,99.52830505371094
NICpv2020,NIC,Nicaragua,2020,pv,-0.5857194662094116,0.23248028755187988,6.0,25.471698760986328,15.094339370727539,40.566036224365234
NERpv2020,NER,Niger,2020,pv,-1.6672077178955078,0.23762483894824982,5.0,7.075471878051758,3.7735848426818848,10.849056243896484
NGApv2020,NGA,Nigeria,2020,pv,-1.8920146226882935,0.23248028755187988,6.0,4.716980934143066,2.358490467071533,10.377358436584473
NIUpv2020,NIU,Niue,2020,pv,1.357103943824768,0.47436973452568054,1.0,95.75471496582031,64.62264251708984,100.0
MKDpv2020,MKD,North Macedonia,2020,pv,0.1120605394244194,0.24161435663700104,5.0,50.943397521972656,36.32075500488281,62.26415252685547
NORpv2020,NOR,Norway,2020,pv,1.2216057777404785,0.2264915257692337,7.0,94.3396224975586,74.05660247802734,99.05660247802734
OMNpv2020,OMN,Oman,2020,pv,0.41977953910827637,0.23762483894824982,5.0,59.90565872192383,48.11320877075195,72.64151000976562
PAKpv2020,PAK,Pakistan,2020,pv,-1.7926949262619019,0.23248028755187988,6.0,5.188679218292236,3.301886796951294,10.377358436584473
PLWpv2020,PLW,Palau,2020,pv,1.1660966873168945,0.34124183654785156,2.0,91.03773498535156,66.03773498535156,99.52830505371094
PANpv2020,PAN,Panama,2020,pv,0.23550337553024292,0.23248028755187988,6.0,54.71697998046875,41.98113250732422,66.98113250732422
PNGpv2020,PNG,Papua New Guinea,2020,pv,-0.6533865332603455,0.21722665429115295,6.0,23.11320686340332,14.150943756103516,35.849056243896484
PRYpv2020,PRY,Paraguay,2020,pv,0.01671776734292507,0.23762483894824982,5.0,48.11320877075195,33.49056625366211,58.49056625366211
PERpv2020,PER,Peru,2020,pv,-0.3577229380607605,0.2264915257692337,7.0,34.433963775634766,20.283018112182617,47.641510009765625
PHLpv2020,PHL,Philippines,2020,pv,-0.7787042856216431,0.2264915257692337,7.0,19.811321258544922,12.264150619506836,33.01886749267578
POLpv2020,POL,Poland,2020,pv,0.4916194975376129,0.2264915257692337,7.0,62.26415252685547,51.41509246826172,74.52830505371094
PRTpv2020,PRT,Portugal,2020,pv,1.0087311267852783,0.2264915257692337,7.0,83.49056243896484,67.45282745361328,96.69811248779297
PRIpv2020,PRI,Puerto Rico,2020,pv,0.43535497784614563,0.24740494787693024,4.0,60.377357482910156,48.11320877075195,74.05660247802734
QATpv2020,QAT,Qatar,2020,pv,0.6696060299873352,0.23124057054519653,6.0,68.86792755126953,56.60377502441406,86.32075500488281
ROMpv2020,ROM,Romania,2020,pv,0.508950412273407,0.2264915257692337,7.0,62.73584747314453,51.88679122924805,75.94339752197266
RUSpv2020,RUS,Russian Federation,2020,pv,-0.6674073934555054,0.2264915257692337,7.0,22.641510009765625,13.207547187805176,35.849056243896484
RWApv2020,RWA,Rwanda,2020,pv,0.06945648044347763,0.24740494787693024,4.0,49.52830123901367,34.90565872192383,60.849056243896484
REUpv2020,REU,Réunion,2020,pv,0.19888904690742493,0.39850348234176636,1.0,53.77358627319336,28.773584365844727,74.05660247802734
WSMpv2020,WSM,Samoa,2020,pv,1.1478220224380493,0.2472635954618454,4.0,89.62264251708984,71.2264175415039,98.58490753173828
SMRpv2020,SMR,San Marino,2020,pv,1.177310585975647,0.2787049412727356,3.0,92.45282745361328,71.2264175415039,99.05660247802734
SAUpv2020,SAU,Saudi Arabia,2020,pv,-0.6506378054618835,0.21231715381145477,7.0,23.58490562438965,14.622641563415527,35.377357482910156
SENpv2020,SEN,Senegal,2020,pv,-0.14310294389724731,0.23248028755187988,6.0,42.45283126831055,25.943395614624023,54.71697998046875
SRBpv2020,SRB,Serbia,2020,pv,-0.17075441777706146,0.23248028755187988,6.0,41.98113250732422,25.943395614624023,53.77358627319336
SYCpv2020,SYC,Seychelles,2020,pv,0.7018364667892456,0.24740494787693024,4.0,70.28302001953125,56.60377502441406,87.73584747314453
SLEpv2020,SLE,Sierra Leone,2020,pv,-0.302384614944458,0.23248028755187988,6.0,35.849056243896484,21.69811248779297,49.52830123901367
SGPpv2020,SGP,Singapore,2020,pv,1.4385110139846802,0.2264915257692337,7.0,97.16981506347656,86.79244995117188,99.52830505371094
SVKpv2020,SVK,Slovak Republic,2020,pv,0.6339817047119141,0.23124057054519653,6.0,67.45282745361328,55.18867874145508,84.4339599609375
SVNpv2020,SVN,Slovenia,2020,pv,0.7014679312705994,0.2264915257692337,7.0,69.81131744384766,57.075469970703125,86.79244995117188
SLBpv2020,SLB,Solomon Islands,2020,pv,0.560446560382843,0.2472635954618454,4.0,64.62264251708984,51.88679122924805,80.18868255615234
SOMpv2020,SOM,Somalia,2020,pv,-2.5814692974090576,0.23762483894824982,5.0,1.4150943756103516,0.0,2.830188751220703
ZAFpv2020,ZAF,South Africa,2020,pv,-0.2528672218322754,0.2264915257692337,7.0,39.150943756103516,23.58490562438965,51.41509246826172
SSDpv2020,SSD,South Sudan,2020,pv,-2.1917364597320557,0.2787049412727356,3.0,3.301886796951294,0.4716981053352356,6.132075309753418
ESPpv2020,ESP,Spain,2020,pv,0.4114484488964081,0.2264915257692337,7.0,58.96226501464844,48.11320877075195,72.64151000976562
LKApv2020,LKA,Sri Lanka,2020,pv,-0.08912885189056396,0.23248028755187988,6.0,44.81132125854492,27.830188751220703,56.60377502441406
KNApv2020,KNA,St. Kitts and Nevis,2020,pv,0.9295788407325745,0.27050361037254333,4.0,79.71697998046875,61.32075500488281,96.2264175415039
LCApv2020,LCA,St. Lucia,2020,pv,0.8647311329841614,0.27050361037254333,4.0,75.0,59.90565872192383,94.3396224975586
VCTpv2020,VCT,St. Vincent and the Grenadines,2020,pv,1.0326236486434937,0.27050361037254333,4.0,86.32075500488281,64.62264251708984,98.11320495605469
SDNpv2020,SDN,Sudan,2020,pv,-1.6571065187454224,0.23762483894824982,5.0,7.5471696853637695,3.7735848426818848,10.849056243896484
SURpv2020,SUR,Suriname,2020,pv,0.41884395480155945,0.23248028755187988,6.0,59.433963775634766,48.11320877075195,72.64151000976562
SWEpv2020,SWE,Sweden,2020,pv,0.9973767995834351,0.2264915257692337,7.0,81.60377502441406,66.98113250732422,95.75471496582031
CHEpv2020,CHE,Switzerland,2020,pv,1.1762402057647705,0.23124057054519653,6.0,91.50943756103516,72.64151000976562,98.58490753173828
SYRpv2020,SYR,Syrian Arab Republic,2020,pv,-2.7118477821350098,0.23762483894824982,5.0,0.0,0.0,2.358490467071533
STPpv2020,STP,São Tomé and Principe,2020,pv,0.48960068821907043,0.24740494787693024,4.0,61.79245376586914,49.52830123901367,77.35848999023438
TWNpv2020,TWN,"Taiwan, China",2020,pv,0.755992591381073,0.21231715381145477,7.0,72.16981506347656,58.49056625366211,87.73584747314453
TJKpv2020,TJK,Tajikistan,2020,pv,-0.5000745058059692,0.24740494787693024,4.0,26.88679313659668,15.566038131713867,44.339622497558594
TZApv2020,TZA,Tanzania,2020,pv,-0.48080766201019287,0.23248028755187988,6.0,27.358489990234375,16.98113250732422,44.339622497558594
THApv2020,THA,Thailand,2020,pv,-0.5782704949378967,0.2264915257692337,7.0,25.943395614624023,15.094339370727539,40.566036224365234
TMPpv2020,TMP,Timor-Leste,2020,pv,0.19739662110805511,0.24740494787693024,4.0,53.30188751220703,40.566036224365234,65.5660400390625
TGOpv2020,TGO,Togo,2020,pv,-0.8906980752944946,0.23762483894824982,5.0,16.037734985351562,10.849056243896484,26.41509437561035
TONpv2020,TON,Tonga,2020,pv,1.087378978729248,0.2472635954618454,4.0,87.26415252685547,68.86792755126953,98.11320495605469
TTOpv2020,TTO,Trinidad and Tobago,2020,pv,0.11041408777236938,0.23248028755187988,6.0,50.47169876098633,36.79245376586914,62.26415252685547
TUNpv2020,TUN,Tunisia,2020,pv,-0.5943257808685303,0.23248028755187988,6.0,25.0,15.094339370727539,39.622642517089844
TKMpv2020,TKM,Turkmenistan,2020,pv,-0.20164081454277039,0.24740494787693024,4.0,41.03773498535156,24.056604385375977,53.77358627319336
TUVpv2020,TUV,Tuvalu,2020,pv,1.2212518453598022,0.28783857822418213,3.0,93.86792755126953,71.69811248779297,99.52830505371094
TURpv2020,TUR,Türkiye,2020,pv,-1.1438826322555542,0.2264915257692337,7.0,12.735849380493164,9.433961868286133,19.811321258544922
UGApv2020,UGA,Uganda,2020,pv,-0.8110389113426208,0.23248028755187988,6.0,18.867923736572266,11.320755004882812,32.075469970703125
UKRpv2020,UKR,Ukraine,2020,pv,-1.1639364957809448,0.2264915257692337,7.0,12.264150619506836,9.433961868286133,18.867923736572266
AREpv2020,ARE,United Arab Emirates,2020,pv,0.5926053524017334,0.2264915257692337,7.0,65.0943374633789,53.77358627319336,79.71697998046875
GBRpv2020,GBR,United Kingdom,2020,pv,0.48305025696754456,0.20862345397472382,8.0,61.32075500488281,51.88679122924805,72.64151000976562
USApv2020,USA,United States,2020,pv,-0.027899732813239098,0.20862345397472382,8.0,47.641510009765625,33.49056625366211,56.60377502441406
URYpv2020,URY,Uruguay,2020,pv,1.054964303970337,0.23248028755187988,6.0,86.79244995117188,68.86792755126953,96.69811248779297
UZBpv2020,UZB,Uzbekistan,2020,pv,-0.4366980493068695,0.24161435663700104,5.0,32.075469970703125,18.39622688293457,46.69811248779297
VUTpv2020,VUT,Vanuatu,2020,pv,0.8821618556976318,0.28783857822418213,3.0,76.41509246826172,58.49056625366211,95.28302001953125
VENpv2020,VEN,"Venezuela, RB",2020,pv,-1.5518428087234497,0.20862345397472382,8.0,8.49056625366211,4.245283126831055,11.320755004882812
VNMpv2020,VNM,Viet Nam,2020,pv,-0.03898906335234642,0.21327553689479828,7.0,47.1698112487793,33.01886749267578,56.60377502441406
VIRpv2020,VIR,Virgin Islands (U.S.),2020,pv,1.0034422874450684,0.3073901832103729,2.0,83.01886749267578,62.26415252685547,98.58490753173828
WBGpv2020,WBG,West Bank and Gaza,2020,pv,-2.0182392597198486,0.24740494787693024,4.0,4.245283126831055,2.358490467071533,8.018867492675781
YEMpv2020,YEM,"Yemen, Rep.",2020,pv,-2.647733449935913,0.23762483894824982,5.0,0.9433962106704712,0.0,2.358490467071533
ZMBpv2020,ZMB,Zambia,2020,pv,-0.13097919523715973,0.23248028755187988,6.0,43.39622497558594,25.943395614624023,55.18867874145508
ZWEpv2020,ZWE,Zimbabwe,2020,pv,-1.0527434349060059,0.23248028755187988,6.0,13.207547187805176,10.377358436584473,21.69811248779297
AFGpv2021,AFG,Afghanistan,2021,pv,-2.5186760425567627,0.24308447539806366,5.0,1.4150943756103516,0.0,4.245283126831055
ALBpv2021,ALB,Albania,2021,pv,0.196371927857399,0.23471008241176605,6.0,52.358489990234375,40.566036224365234,63.67924499511719
DZApv2021,DZA,Algeria,2021,pv,-0.9924571514129639,0.23471008241176605,6.0,15.566038131713867,10.377358436584473,24.056604385375977
ASMpv2021,ASM,American Samoa,2021,pv,1.0668408870697021,0.3367459774017334,2.0,87.73584747314453,61.79245376586914,99.05660247802734
ADOpv2021,ADO,Andorra,2021,pv,1.5812593698501587,0.2824808657169342,3.0,98.58490753173828,89.62264251708984,100.0
AGOpv2021,AGO,Angola,2021,pv,-0.7104807496070862,0.21620918810367584,7.0,21.226415634155273,13.207547187805176,33.01886749267578
AIApv2021,AIA,Anguilla,2021,pv,1.52878737449646,0.32057711482048035,2.0,98.11320495605469,83.96226501464844,100.0
ATGpv2021,ATG,Antigua and Barbuda,2021,pv,0.9496698975563049,0.274008184671402,4.0,82.54717254638672,61.32075500488281,96.69811248779297
ARGpv2021,ARG,Argentina,2021,pv,0.000530058634467423,0.2298123985528946,7.0,47.641510009765625,33.01886749267578,58.01886749267578
ARMpv2021,ARM,Armenia,2021,pv,-0.8040410280227661,0.23996961116790771,5.0,18.867923736572266,11.320755004882812,31.132076263427734
ABWpv2021,ABW,Aruba,2021,pv,1.4317266941070557,0.27384644746780396,3.0,97.16981506347656,83.49056243896484,100.0
AUSpv2021,AUS,Australia,2021,pv,0.8350791335105896,0.21236267685890198,8.0,75.47169494628906,59.90565872192383,92.92453002929688
AUTpv2021,AUT,Austria,2021,pv,0.899554431438446,0.2298123985528946,7.0,79.24528503417969,62.26415252685547,94.3396224975586
AZEpv2021,AZE,Azerbaijan,2021,pv,-0.8378235697746277,0.23996961116790771,5.0,18.39622688293457,11.320755004882812,29.716981887817383
BHSpv2021,BHS,"Bahamas, The",2021,pv,0.8509685397148132,0.23471008241176605,6.0,76.41509246826172,59.433963775634766,93.86792755126953
BHRpv2021,BHR,Bahrain,2021,pv,-0.5247611999511719,0.23474259674549103,6.0,27.830188751220703,17.924528121948242,41.50943374633789
BGDpv2021,BGD,Bangladesh,2021,pv,-1.036882758140564,0.21620918810367584,7.0,14.150943756103516,9.905660629272461,23.11320686340332
BRBpv2021,BRB,Barbados,2021,pv,1.1185704469680786,0.24308447539806366,5.0,90.0943374633789,68.86792755126953,97.64151000976562
BLRpv2021,BLR,Belarus,2021,pv,-0.7542455792427063,0.23471008241176605,6.0,19.811321258544922,11.320755004882812,33.01886749267578
BELpv2021,BEL,Belgium,2021,pv,0.6626825928688049,0.2298123985528946,7.0,67.45282745361328,55.18867874145508,85.37735748291016
BLZpv2021,BLZ,Belize,2021,pv,0.2724660634994507,0.24308447539806366,5.0,55.18867874145508,42.45283126831055,67.45282745361328
BENpv2021,BEN,Benin,2021,pv,-0.3963186740875244,0.24308447539806366,5.0,32.075469970703125,18.867923736572266,47.641510009765625
BMUpv2021,BMU,Bermuda,2021,pv,1.0025403499603271,0.32057711482048035,2.0,83.96226501464844,59.90565872192383,97.64151000976562
BTNpv2021,BTN,Bhutan,2021,pv,0.7972550988197327,0.24894171953201294,4.0,72.64151000976562,58.01886749267578,93.86792755126953
BOLpv2021,BOL,Bolivia,2021,pv,-0.2787742614746094,0.23471008241176605,6.0,36.79245376586914,23.58490562438965,50.943397521972656
BIHpv2021,BIH,Bosnia and Herzegovina,2021,pv,-0.4217400848865509,0.24308447539806366,5.0,30.660377502441406,18.39622688293457,46.22641372680664
BWApv2021,BWA,Botswana,2021,pv,1.0414071083068848,0.2298123985528946,7.0,86.79244995117188,67.45282745361328,96.69811248779297
BRApv2021,BRA,Brazil,2021,pv,-0.4198797643184662,0.21236267685890198,8.0,31.132076263427734,18.867923736572266,45.75471878051758
BRNpv2021,BRN,Brunei Darussalam,2021,pv,1.1718099117279053,0.23996961116790771,5.0,91.50943756103516,71.69811248779297,98.11320495605469
BGRpv2021,BGR,Bulgaria,2021,pv,0.3647393584251404,0.2298123985528946,7.0,58.01886749267578,46.69811248779297,69.81131744384766
BFApv2021,BFA,Burkina Faso,2021,pv,-1.642943263053894,0.23471008241176605,6.0,7.5471696853637695,4.716980934143066,10.849056243896484
BDIpv2021,BDI,Burundi,2021,pv,-1.2583993673324585,0.24894171953201294,4.0,10.849056243896484,6.603773593902588,17.924528121948242
KHMpv2021,KHM,Cambodia,2021,pv,-0.1315222531557083,0.24308447539806366,5.0,42.45283126831055,27.358489990234375,54.71697998046875
CMRpv2021,CMR,Cameroon,2021,pv,-1.3940887451171875,0.23471008241176605,6.0,9.905660629272461,6.132075309753418,15.094339370727539
CANpv2021,CAN,Canada,2021,pv,0.9623369574546814,0.2298123985528946,7.0,83.01886749267578,64.62264251708984,95.75471496582031
CPVpv2021,CPV,Cape Verde,2021,pv,0.8943684697151184,0.24894171953201294,4.0,78.7735824584961,59.90565872192383,94.81131744384766
CYMpv2021,CYM,Cayman Islands,2021,pv,1.6247758865356445,0.27384644746780396,3.0,99.52830505371094,92.92453002929688,100.0
CAFpv2021,CAF,Central African Republic,2021,pv,-2.1268529891967773,0.24894171953201294,4.0,4.245283126831055,0.9433962106704712,6.132075309753418
TCDpv2021,TCD,Chad,2021,pv,-1.389865517616272,0.24894171953201294,4.0,10.377358436584473,5.660377502441406,16.037734985351562
CHLpv2021,CHL,Chile,2021,pv,0.16142718493938446,0.2298123985528946,7.0,51.41509246826172,39.150943756103516,62.73584747314453
CHNpv2021,CHN,China,2021,pv,-0.5164628624916077,0.21236267685890198,8.0,28.30188751220703,17.924528121948242,41.50943374633789
COLpv2021,COL,Colombia,2021,pv,-0.9545743465423584,0.2298123985528946,7.0,16.50943374633789,10.377358436584473,25.0
COMpv2021,COM,Comoros,2021,pv,-0.22799064218997955,0.2824808657169342,3.0,39.150943756103516,22.169811248779297,53.30188751220703
ZARpv2021,ZAR,"Congo, Dem. Rep.",2021,pv,-1.660624623298645,0.21620918810367584,7.0,7.075471878051758,4.716980934143066,10.377358436584473
COGpv2021,COG,"Congo, Rep.",2021,pv,-0.2294364720582962,0.23471008241176605,6.0,38.67924499511719,24.056604385375977,50.943397521972656
COKpv2021,COK,Cook Islands,2021,pv,1.1452631950378418,0.48810988664627075,1.0,91.03773498535156,57.075469970703125,100.0
CRIpv2021,CRI,Costa Rica,2021,pv,0.8604225516319275,0.23471008241176605,6.0,76.88679504394531,59.433963775634766,93.86792755126953
HRVpv2021,HRV,Croatia,2021,pv,0.6215956807136536,0.2298123985528946,7.0,66.03773498535156,53.77358627319336,83.49056243896484
CUBpv2021,CUB,Cuba,2021,pv,0.39279600977897644,0.23996961116790771,5.0,58.49056625366211,47.1698112487793,71.69811248779297
CYPpv2021,CYP,Cyprus,2021,pv,0.4221506714820862,0.2298123985528946,7.0,58.96226501464844,48.11320877075195,73.11320495605469
CZEpv2021,CZE,Czech Republic,2021,pv,0.9475378394126892,0.2298123985528946,7.0,81.60377502441406,63.67924499511719,95.28302001953125
CIVpv2021,CIV,Côte d'Ivoire,2021,pv,-0.7150156497955322,0.23471008241176605,6.0,20.754716873168945,13.207547187805176,34.90565872192383
DNKpv2021,DNK,Denmark,2021,pv,0.9286626577377319,0.2298123985528946,7.0,80.18868255615234,63.67924499511719,94.81131744384766
DJIpv2021,DJI,Djibouti,2021,pv,-0.5663247108459473,0.24894171953201294,4.0,25.943395614624023,16.037734985351562,41.50943374633789
DMApv2021,DMA,Dominica,2021,pv,1.3341306447982788,0.274008184671402,4.0,95.75471496582031,77.35848999023438,99.52830505371094
DOMpv2021,DOM,Dominican Republic,2021,pv,0.287386029958725,0.23471008241176605,6.0,55.660377502441406,43.867923736572266,67.45282745361328
ECUpv2021,ECU,Ecuador,2021,pv,-0.2573873698711395,0.23471008241176605,6.0,37.26415252685547,23.58490562438965,50.943397521972656
EGYpv2021,EGY,"Egypt, Arab Rep.",2021,pv,-1.0328643321990967,0.23471008241176605,6.0,14.622641563415527,9.433961868286133,23.58490562438965
SLVpv2021,SLV,El Salvador,2021,pv,-0.09149208664894104,0.23471008241176605,6.0,44.81132125854492,28.773584365844727,55.660377502441406
GNQpv2021,GNQ,Equatorial Guinea,2021,pv,-0.2027355134487152,0.24894171953201294,4.0,40.566036224365234,24.056604385375977,52.358489990234375
ERIpv2021,ERI,Eritrea,2021,pv,-1.0556821823120117,0.24894171953201294,4.0,13.679244995117188,8.962264060974121,23.58490562438965
ESTpv2021,EST,Estonia,2021,pv,0.7485895156860352,0.2298123985528946,7.0,70.75471496582031,58.01886749267578,90.0943374633789
SWZpv2021,SWZ,Eswatini,2021,pv,-0.3460097908973694,0.24894171953201294,4.0,33.96226501464844,19.339622497558594,49.056602478027344
ETHpv2021,ETH,Ethiopia,2021,pv,-2.183831214904785,0.23471008241176605,6.0,3.7735848426818848,0.9433962106704712,5.660377502441406
FJIpv2021,FJI,Fiji,2021,pv,0.7251068949699402,0.25180405378341675,4.0,69.3396224975586,56.132076263427734,90.5660400390625
FINpv2021,FIN,Finland,2021,pv,0.9632759690284729,0.2298123985528946,7.0,83.49056243896484,64.62264251708984,95.75471496582031
FRApv2021,FRA,France,2021,pv,0.3256123661994934,0.2298123985528946,7.0,56.60377502441406,46.22641372680664,67.92453002929688
GUFpv2021,GUF,French Guiana,2021,pv,0.32776111364364624,0.27384644746780396,3.0,57.075469970703125,42.45283126831055,71.69811248779297
GABpv2021,GAB,Gabon,2021,pv,-0.07571732252836227,0.23996961116790771,5.0,45.75471878051758,29.245283126831055,56.132076263427734
GMBpv2021,GMB,"Gambia, The",2021,pv,0.03533079847693443,0.23471008241176605,6.0,48.11320877075195,33.49056625366211,58.49056625366211
GEOpv2021,GEO,Georgia,2021,pv,-0.42962023615837097,0.24308447539806366,5.0,30.188678741455078,18.39622688293457,46.22641372680664
DEUpv2021,DEU,Germany,2021,pv,0.7257881760597229,0.2298123985528946,7.0,69.81131744384766,57.54716873168945,88.67924499511719
GHApv2021,GHA,Ghana,2021,pv,0.06585245579481125,0.23471008241176605,6.0,50.0,34.90565872192383,59.433963775634766
GRCpv2021,GRC,Greece,2021,pv,0.1013832688331604,0.2298123985528946,7.0,50.943397521972656,36.79245376586914,59.90565872192383
GRLpv2021,GRL,Greenland,2021,pv,1.8775867223739624,0.33876869082450867,2.0,100.0,95.28302001953125,100.0
GRDpv2021,GRD,Grenada,2021,pv,1.0403109788894653,0.274008184671402,4.0,86.32075500488281,64.62264251708984,97.64151000976562
GUMpv2021,GUM,Guam,2021,pv,0.8785420656204224,0.27767059206962585,3.0,77.35848999023438,58.96226501464844,95.28302001953125
GTMpv2021,GTM,Guatemala,2021,pv,-0.39551791548728943,0.23471008241176605,6.0,32.54716873168945,18.867923736572266,46.69811248779297
GINpv2021,GIN,Guinea,2021,pv,-0.9399098753929138,0.23471008241176605,6.0,17.452829360961914,10.377358436584473,26.41509437561035
GNBpv2021,GNB,Guinea-Bissau,2021,pv,-0.2799859046936035,0.26956987380981445,4.0,36.32075500488281,20.283018112182617,51.41509246826172
GUYpv2021,GUY,Guyana,2021,pv,-0.13711319863796234,0.23471008241176605,6.0,41.98113250732422,27.830188751220703,53.77358627319336
HTIpv2021,HTI,Haiti,2021,pv,-1.128130555152893,0.23471008241176605,6.0,12.264150619506836,8.49056625366211,20.283018112182617
HNDpv2021,HND,Honduras,2021,pv,-0.627813994884491,0.23471008241176605,6.0,24.056604385375977,15.094339370727539,37.73584747314453
HKGpv2021,HKG,"Hong Kong SAR, China",2021,pv,0.26393407583236694,0.25631818175315857,6.0,54.71697998046875,41.50943374633789,67.92453002929688
HUNpv2021,HUN,Hungary,2021,pv,0.7985912561416626,0.2298123985528946,7.0,73.11320495605469,58.49056625366211,92.92453002929688
ISLpv2021,ISL,Iceland,2021,pv,1.3723533153533936,0.23474259674549103,6.0,96.2264175415039,83.49056243896484,99.52830505371094
INDpv2021,IND,India,2021,pv,-0.6910767555236816,0.21236267685890198,8.0,22.641510009765625,13.679244995117188,33.96226501464844
IDNpv2021,IDN,Indonesia,2021,pv,-0.5314491987228394,0.2298123985528946,7.0,27.358489990234375,17.924528121948242,41.50943374633789
IRNpv2021,IRN,"Iran, Islamic Rep.",2021,pv,-1.5844532251358032,0.23471008241176605,6.0,8.018867492675781,5.188679218292236,11.320755004882812
IRQpv2021,IRQ,Iraq,2021,pv,-2.3846940994262695,0.23996961116790771,5.0,1.8867924213409424,0.0,4.716980934143066
IRLpv2021,IRL,Ireland,2021,pv,0.8436626195907593,0.2298123985528946,7.0,75.94339752197266,59.433963775634766,93.86792755126953
ISRpv2021,ISR,Israel,2021,pv,-1.122313141822815,0.23474259674549103,6.0,13.207547187805176,8.49056625366211,20.283018112182617
ITApv2021,ITA,Italy,2021,pv,0.5505209565162659,0.2298123985528946,7.0,63.67924499511719,51.41509246826172,79.71697998046875
JAMpv2021,JAM,Jamaica,2021,pv,0.2179943323135376,0.23471008241176605,6.0,52.8301887512207,41.50943374633789,65.0943374633789
JPNpv2021,JPN,Japan,2021,pv,1.0155017375946045,0.2298123985528946,7.0,84.9056625366211,66.98113250732422,96.2264175415039
JEYpv2021,JEY,"Jersey, Channel Islands",2021,pv,1.2845908403396606,0.4681893587112427,1.0,94.81131744384766,61.79245376586914,100.0
JORpv2021,JOR,Jordan,2021,pv,-0.31256645917892456,0.21236267685890198,8.0,35.377357482910156,23.58490562438965,48.11320877075195
KAZpv2021,KAZ,Kazakhstan,2021,pv,-0.23223072290420532,0.21236267685890198,8.0,38.20754623413086,24.528301239013672,50.943397521972656
KENpv2021,KEN,Kenya,2021,pv,-1.0324374437332153,0.23471008241176605,6.0,15.094339370727539,9.433961868286133,23.58490562438965
KIRpv2021,KIR,Kiribati,2021,pv,1.137224555015564,0.2933565676212311,3.0,90.5660400390625,66.98113250732422,99.05660247802734
PRKpv2021,PRK,"Korea, Dem. Rep.",2021,pv,-0.4772700071334839,0.23996961116790771,5.0,28.773584365844727,17.924528121948242,45.28302001953125
KORpv2021,KOR,"Korea, Rep.",2021,pv,0.6290457248687744,0.21236267685890198,8.0,66.50943756103516,55.18867874145508,83.49056243896484
KSVpv2021,KSV,Kosovo,2021,pv,-0.1135728657245636,0.24308447539806366,5.0,43.39622497558594,28.30188751220703,55.18867874145508
KWTpv2021,KWT,Kuwait,2021,pv,0.263065904378891,0.23996961116790771,5.0,54.24528121948242,42.45283126831055,66.98113250732422
KGZpv2021,KGZ,Kyrgyz Republic,2021,pv,-0.4664672315120697,0.22270207107067108,6.0,29.716981887817383,18.39622688293457,43.867923736572266
LAOpv2021,LAO,Lao PDR,2021,pv,0.7125384211540222,0.24894171953201294,4.0,68.86792755126953,55.660377502441406,90.0943374633789
LVApv2021,LVA,Latvia,2021,pv,0.6734402179718018,0.2298123985528946,7.0,67.92453002929688,55.660377502441406,87.26415252685547
LBNpv2021,LBN,Lebanon,2021,pv,-1.4820048809051514,0.23471008241176605,6.0,8.962264060974121,5.188679218292236,13.207547187805176
LSOpv2021,LSO,Lesotho,2021,pv,-0.21322493255138397,0.24894171953201294,4.0,39.622642517089844,24.056604385375977,51.88679122924805
LBRpv2021,LBR,Liberia,2021,pv,-0.2860034704208374,0.21620918810367584,7.0,35.849056243896484,23.58490562438965,50.0
LBYpv2021,LBY,Libya,2021,pv,-2.308474063873291,0.23996961116790771,5.0,2.830188751220703,0.0,5.188679218292236
LIEpv2021,LIE,Liechtenstein,2021,pv,1.5956846475601196,0.24894171953201294,4.0,99.05660247802734,92.92453002929688,100.0
LTUpv2021,LTU,Lithuania,2021,pv,0.809846818447113,0.2298123985528946,7.0,73.58490753173828,59.433963775634766,92.92453002929688
LUXpv2021,LUX,Luxembourg,2021,pv,1.1940795183181763,0.2298123985528946,7.0,93.39622497558594,73.58490753173828,98.11320495605469
MACpv2021,MAC,"Macao SAR, China",2021,pv,1.0290210247039795,0.32999032735824585,2.0,85.37735748291016,59.90565872192383,98.11320495605469
MDGpv2021,MDG,Madagascar,2021,pv,-0.5422626733779907,0.23471008241176605,6.0,26.88679313659668,17.924528121948242,41.50943374633789
MWIpv2021,MWI,Malawi,2021,pv,-0.10926304012537003,0.23471008241176605,6.0,43.867923736572266,28.30188751220703,55.18867874145508
MYSpv2021,MYS,Malaysia,2021,pv,0.05955654755234718,0.21236267685890198,8.0,49.056602478027344,35.377357482910156,58.49056625366211
MDVpv2021,MDV,Maldives,2021,pv,0.5347597002983093,0.25180405378341675,4.0,62.73584747314453,50.943397521972656,81.60377502441406
MLIpv2021,MLI,Mali,2021,pv,-2.3329358100891113,0.23471008241176605,6.0,2.358490467071533,0.0,5.188679218292236
MLTpv2021,MLT,Malta,2021,pv,0.8875144720077515,0.23471008241176605,6.0,77.83018493652344,61.32075500488281,94.3396224975586
MHLpv2021,MHL,Marshall Islands,2021,pv,0.9341745376586914,0.25180405378341675,4.0,80.6603775024414,62.26415252685547,95.75471496582031
MTQpv2021,MTQ,Martinique,2021,pv,0.6303339004516602,0.32057711482048035,2.0,66.98113250732422,50.943397521972656,91.03773498535156
MRTpv2021,MRT,Mauritania,2021,pv,-0.555513858795166,0.24308447539806366,5.0,26.41509437561035,16.98113250732422,41.50943374633789
MUSpv2021,MUS,Mauritius,2021,pv,0.8325955867767334,0.24308447539806366,5.0,74.52830505371094,59.433963775634766,93.86792755126953
MEXpv2021,MEX,Mexico,2021,pv,-0.6876158714294434,0.21236267685890198,8.0,23.11320686340332,14.150943756103516,33.96226501464844
FSMpv2021,FSM,"Micronesia, Fed. Sts.",2021,pv,1.1979371309280396,0.25180405378341675,4.0,93.86792755126953,71.69811248779297,99.05660247802734
MDApv2021,MDA,Moldova,2021,pv,-0.20529724657535553,0.23471008241176605,6.0,40.09434127807617,24.528301239013672,51.41509246826172
MCOpv2021,MCO,Monaco,2021,pv,1.1726552248001099,0.2824808657169342,3.0,92.92453002929688,68.39622497558594,99.52830505371094
MNGpv2021,MNG,Mongolia,2021,pv,0.7059187889099121,0.2298123985528946,7.0,68.39622497558594,57.075469970703125,88.20755004882812
MNEpv2021,MNE,Montenegro,2021,pv,-0.052444636821746826,0.24894171953201294,4.0,46.22641372680664,29.716981887817383,57.54716873168945
MARpv2021,MAR,Morocco,2021,pv,-0.40256267786026,0.23471008241176605,6.0,31.60377311706543,18.867923736572266,46.22641372680664
MOZpv2021,MOZ,Mozambique,2021,pv,-1.2570362091064453,0.21620918810367584,7.0,11.320755004882812,7.5471696853637695,17.924528121948242
MMRpv2021,MMR,Myanmar,2021,pv,-2.0840792655944824,0.23471008241176605,6.0,4.716980934143066,1.4150943756103516,6.603773593902588
NAMpv2021,NAM,Namibia,2021,pv,0.5187892913818359,0.23471008241176605,6.0,62.26415252685547,50.943397521972656,79.71697998046875
NRUpv2021,NRU,Nauru,2021,pv,0.7894214391708374,0.2933565676212311,3.0,72.16981506347656,56.132076263427734,94.3396224975586
NPLpv2021,NPL,Nepal,2021,pv,-0.18770962953567505,0.22270207107067108,6.0,41.03773498535156,26.41509437561035,51.41509246826172
NLDpv2021,NLD,Netherlands,2021,pv,0.8930591940879822,0.2298123985528946,7.0,78.30188751220703,61.79245376586914,94.3396224975586
NZLpv2021,NZL,New Zealand,2021,pv,1.3944965600967407,0.21236267685890198,8.0,96.69811248779297,87.26415252685547,99.52830505371094
NICpv2021,NIC,Nicaragua,2021,pv,-0.47197532653808594,0.23471008241176605,6.0,29.245283126831055,17.924528121948242,44.81132125854492
NERpv2021,NER,Niger,2021,pv,-1.5385499000549316,0.23471008241176605,6.0,8.49056625366211,5.188679218292236,11.320755004882812
NGApv2021,NGA,Nigeria,2021,pv,-1.7873846292495728,0.23471008241176605,6.0,6.132075309753418,3.7735848426818848,9.433961868286133
NIUpv2021,NIU,Niue,2021,pv,1.3167771100997925,0.48810988664627075,1.0,95.28302001953125,61.79245376586914,100.0
MKDpv2021,MKD,North Macedonia,2021,pv,0.062484078109264374,0.24308447539806366,5.0,49.52830123901367,33.96226501464844,59.433963775634766
NORpv2021,NOR,Norway,2021,pv,1.0886263847351074,0.2298123985528946,7.0,88.67924499511719,68.39622497558594,97.64151000976562
OMNpv2021,OMN,Oman,2021,pv,0.4319852888584137,0.23996961116790771,5.0,59.433963775634766,48.11320877075195,73.58490753173828
PAKpv2021,PAK,Pakistan,2021,pv,-1.7137354612350464,0.23471008241176605,6.0,6.603773593902588,4.245283126831055,10.377358436584473
PLWpv2021,PLW,Palau,2021,pv,1.1723915338516235,0.34543299674987793,2.0,91.98113250732422,65.0943374633789,99.52830505371094
PANpv2021,PAN,Panama,2021,pv,0.3072070777416229,0.23471008241176605,6.0,56.132076263427734,45.28302001953125,67.92453002929688
PNGpv2021,PNG,Papua New Guinea,2021,pv,-0.5784638524055481,0.22029946744441986,6.0,25.0,17.452829360961914,39.150943756103516
PRYpv2021,PRY,Paraguay,2021,pv,-0.0009379322873428464,0.23471008241176605,6.0,47.1698112487793,32.54716873168945,58.01886749267578
PERpv2021,PER,Peru,2021,pv,-0.3552529513835907,0.2298123985528946,7.0,33.49056625366211,20.283018112182617,47.641510009765625
PHLpv2021,PHL,Philippines,2021,pv,-0.984022319316864,0.2298123985528946,7.0,16.037734985351562,10.377358436584473,24.056604385375977
POLpv2021,POL,Poland,2021,pv,0.49190354347229004,0.2298123985528946,7.0,61.32075500488281,50.943397521972656,76.88679504394531
PRTpv2021,PRT,Portugal,2021,pv,0.937390148639679,0.2298123985528946,7.0,81.13207244873047,63.67924499511719,94.81131744384766
PRIpv2021,PRI,Puerto Rico,2021,pv,0.48809120059013367,0.24894171953201294,4.0,60.377357482910156,50.47169876098633,78.7735824584961
QATpv2021,QAT,Qatar,2021,pv,0.8333917260169983,0.23474259674549103,6.0,75.0,59.433963775634766,93.86792755126953
ROMpv2021,ROM,Romania,2021,pv,0.5817899107933044,0.2298123985528946,7.0,64.15093994140625,52.358489990234375,82.54717254638672
RUSpv2021,RUS,Russian Federation,2021,pv,-0.7078983187675476,0.23471008241176605,6.0,21.69811248779297,13.207547187805176,34.90565872192383
RWApv2021,RWA,Rwanda,2021,pv,0.07197348028421402,0.24308447539806366,5.0,50.47169876098633,34.90565872192383,59.433963775634766
REUpv2021,REU,Réunion,2021,pv,0.2263803631067276,0.423371821641922,1.0,53.30188751220703,29.245283126831055,79.71697998046875
WSMpv2021,WSM,Samoa,2021,pv,1.1079707145690918,0.25180405378341675,4.0,89.15093994140625,67.92453002929688,97.64151000976562
SMRpv2021,SMR,San Marino,2021,pv,1.1726552248001099,0.2824808657169342,3.0,92.92453002929688,68.39622497558594,99.52830505371094
SAUpv2021,SAU,Saudi Arabia,2021,pv,-0.5923553705215454,0.21623460948467255,7.0,24.528301239013672,16.98113250732422,37.73584747314453
SENpv2021,SEN,Senegal,2021,pv,-0.17977111041545868,0.23471008241176605,6.0,41.50943374633789,25.943395614624023,52.358489990234375
SRBpv2021,SRB,Serbia,2021,pv,-0.08521146327257156,0.23471008241176605,6.0,45.28302001953125,29.245283126831055,55.660377502441406
SYCpv2021,SYC,Seychelles,2021,pv,0.7447369694709778,0.24894171953201294,4.0,70.28302001953125,57.075469970703125,91.03773498535156
SLEpv2021,SLE,Sierra Leone,2021,pv,-0.09697212278842926,0.23471008241176605,6.0,44.339622497558594,28.30188751220703,55.660377502441406
SGPpv2021,SGP,Singapore,2021,pv,1.4425054788589478,0.2298123985528946,7.0,97.64151000976562,87.26415252685547,99.52830505371094
SVKpv2021,SVK,Slovak Republic,2021,pv,0.6179190278053284,0.2298123985528946,7.0,65.5660400390625,53.77358627319336,83.49056243896484
SVNpv2021,SVN,Slovenia,2021,pv,0.7555853724479675,0.2298123985528946,7.0,71.2264175415039,58.01886749267578,90.0943374633789
SLBpv2021,SLB,Solomon Islands,2021,pv,0.5418747663497925,0.25180405378341675,4.0,63.20754623413086,50.943397521972656,82.54717254638672
SOMpv2021,SOM,Somalia,2021,pv,-2.7273385524749756,0.23996961116790771,5.0,0.0,0.0,1.8867924213409424
ZAFpv2021,ZAF,South Africa,2021,pv,-0.7509814500808716,0.2298123985528946,7.0,20.283018112182617,12.264150619506836,33.01886749267578
SSDpv2021,SSD,South Sudan,2021,pv,-2.287328004837036,0.2824808657169342,3.0,3.301886796951294,0.0,5.660377502441406
ESPpv2021,ESP,Spain,2021,pv,0.5092355608940125,0.2298123985528946,7.0,61.79245376586914,50.943397521972656,77.35848999023438
LKApv2021,LKA,Sri Lanka,2021,pv,-0.37677302956581116,0.23471008241176605,6.0,33.01886749267578,18.867923736572266,47.641510009765625
KNApv2021,KNA,St. Kitts and Nevis,2021,pv,0.9496698975563049,0.274008184671402,4.0,82.54717254638672,61.32075500488281,96.69811248779297
LCApv2021,LCA,St. Lucia,2021,pv,0.8320148587226868,0.274008184671402,4.0,74.05660247802734,58.01886749267578,94.3396224975586
VCTpv2021,VCT,St. Vincent and the Grenadines,2021,pv,1.0403109788894653,0.274008184671402,4.0,86.32075500488281,64.62264251708984,97.64151000976562
SDNpv2021,SDN,Sudan,2021,pv,-1.9876741170883179,0.23471008241176605,6.0,5.188679218292236,1.8867924213409424,7.5471696853637695
SURpv2021,SUR,Suriname,2021,pv,0.34839215874671936,0.23471008241176605,6.0,57.54716873168945,46.22641372680664,69.81131744384766
SWEpv2021,SWE,Sweden,2021,pv,1.0145080089569092,0.2298123985528946,7.0,84.4339599609375,66.98113250732422,96.2264175415039
CHEpv2021,CHE,Switzerland,2021,pv,1.1153756380081177,0.23474259674549103,6.0,89.62264251708984,69.81131744384766,97.64151000976562
SYRpv2021,SYR,Syrian Arab Republic,2021,pv,-2.6596500873565674,0.23996961116790771,5.0,0.4716981053352356,0.0,3.301886796951294
STPpv2021,STP,São Tomé and Principe,2021,pv,0.5852046012878418,0.24894171953201294,4.0,64.62264251708984,51.41509246826172,83.49056243896484
TWNpv2021,TWN,"Taiwan, China",2021,pv,0.7678976058959961,0.21623460948467255,7.0,71.69811248779297,58.49056625366211,90.0943374633789
TJKpv2021,TJK,Tajikistan,2021,pv,-0.676811933517456,0.24894171953201294,4.0,23.58490562438965,13.207547187805176,36.79245376586914
TZApv2021,TZA,Tanzania,2021,pv,-0.33555868268013,0.23471008241176605,6.0,34.433963775634766,20.283018112182617,48.11320877075195
THApv2021,THA,Thailand,2021,pv,-0.5687798857688904,0.21236267685890198,8.0,25.471698760986328,17.924528121948242,39.150943756103516
TMPpv2021,TMP,Timor-Leste,2021,pv,0.19239294528961182,0.24894171953201294,4.0,51.88679122924805,39.150943756103516,65.0943374633789
TGOpv2021,TGO,Togo,2021,pv,-0.6957069635391235,0.23471008241176605,6.0,22.169811248779297,13.207547187805176,35.377357482910156
TONpv2021,TON,Tonga,2021,pv,1.0793389081954956,0.25180405378341675,4.0,88.20755004882812,67.45282745361328,97.64151000976562
TTOpv2021,TTO,Trinidad and Tobago,2021,pv,0.23911073803901672,0.23471008241176605,6.0,53.77358627319336,41.50943374633789,66.03773498535156
TUNpv2021,TUN,Tunisia,2021,pv,-0.75655198097229,0.23471008241176605,6.0,19.339622497558594,11.320755004882812,33.01886749267578
TKMpv2021,TKM,Turkmenistan,2021,pv,-0.33197659254074097,0.24894171953201294,4.0,34.90565872192383,20.283018112182617,50.47169876098633
TUVpv2021,TUV,Tuvalu,2021,pv,1.267685055732727,0.2933565676212311,3.0,94.3396224975586,71.69811248779297,99.52830505371094
TURpv2021,TUR,Türkiye,2021,pv,-1.136792778968811,0.2298123985528946,7.0,11.792452812194824,8.49056625366211,18.867923736572266
UGApv2021,UGA,Uganda,2021,pv,-0.9377586841583252,0.23471008241176605,6.0,17.924528121948242,10.377358436584473,26.41509437561035
UKRpv2021,UKR,Ukraine,2021,pv,-1.1269840002059937,0.23471008241176605,6.0,12.735849380493164,8.49056625366211,20.283018112182617
AREpv2021,ARE,United Arab Emirates,2021,pv,0.5975721478462219,0.2298123985528946,7.0,65.0943374633789,52.8301887512207,83.49056243896484
GBRpv2021,GBR,United Kingdom,2021,pv,0.4899941384792328,0.21236267685890198,8.0,60.849056243896484,50.943397521972656,75.47169494628906
USApv2021,USA,United States,2021,pv,-0.01442465279251337,0.21236267685890198,8.0,46.69811248779297,33.01886749267578,57.075469970703125
URYpv2021,URY,Uruguay,2021,pv,1.0459717512130737,0.23471008241176605,6.0,87.26415252685547,66.98113250732422,96.69811248779297
UZBpv2021,UZB,Uzbekistan,2021,pv,-0.25293323397636414,0.23471008241176605,6.0,37.73584747314453,23.58490562438965,50.943397521972656
VUTpv2021,VUT,Vanuatu,2021,pv,0.9005046486854553,0.2933565676212311,3.0,79.71697998046875,58.49056625366211,96.2264175415039
VENpv2021,VEN,"Venezuela, RB",2021,pv,-1.4549702405929565,0.21236267685890198,8.0,9.433961868286133,5.660377502441406,13.207547187805176
VNMpv2021,VNM,Viet Nam,2021,pv,-0.11778243631124496,0.21620918810367584,7.0,42.924530029296875,28.773584365844727,53.30188751220703
VIRpv2021,VIR,Virgin Islands (U.S.),2021,pv,0.47629314661026,0.32057711482048035,2.0,59.90565872192383,46.22641372680664,83.49056243896484
WBGpv2021,WBG,West Bank and Gaza,2021,pv,-1.836923360824585,0.24894171953201294,4.0,5.660377502441406,3.301886796951294,9.433961868286133
YEMpv2021,YEM,"Yemen, Rep.",2021,pv,-2.5804603099823,0.23996961116790771,5.0,0.9433962106704712,0.0,3.301886796951294
ZMBpv2021,ZMB,Zambia,2021,pv,0.05241379514336586,0.23471008241176605,6.0,48.58490753173828,34.433963775634766,59.433963775634766
ZWEpv2021,ZWE,Zimbabwe,2021,pv,-0.9544427394866943,0.23471008241176605,6.0,16.98113250732422,10.377358436584473,25.0
AFGpv2022,AFG,Afghanistan,2022,pv,-2.5449559688568115,0.24079777300357819,5.0,0.9433962106704712,0.0,4.245283126831055
ALBpv2022,ALB,Albania,2022,pv,0.10626131296157837,0.23304978013038635,6.0,49.52830123901367,35.849056243896484,60.849056243896484
DZApv2022,DZA,Algeria,2022,pv,-0.6506523489952087,0.23304978013038635,6.0,22.641510009765625,13.207547187805176,35.849056243896484
ASMpv2022,ASM,American Samoa,2022,pv,1.1231739521026611,0.4022607207298279,1.0,91.03773498535156,59.90565872192383,100.0
ADOpv2022,ADO,Andorra,2022,pv,1.5859884023666382,0.27779126167297363,3.0,98.58490753173828,91.03773498535156,100.0
AGOpv2022,AGO,Angola,2022,pv,-0.6301085352897644,0.2195393592119217,7.0,23.11320686340332,14.150943756103516,35.849056243896484
AIApv2022,AIA,Anguilla,2022,pv,1.1231739521026611,0.4022607207298279,1.0,91.03773498535156,59.90565872192383,100.0
ATGpv2022,ATG,Antigua and Barbuda,2022,pv,0.9380820989608765,0.2674945294857025,4.0,81.13207244873047,61.32075500488281,96.2264175415039
ARGpv2022,ARG,Argentina,2022,pv,-0.09859433025121689,0.22655731439590454,7.0,44.339622497558594,28.773584365844727,53.30188751220703
ARMpv2022,ARM,Armenia,2022,pv,-0.7407562732696533,0.23976460099220276,5.0,19.339622497558594,12.735849380493164,34.90565872192383
ABWpv2022,ABW,Aruba,2022,pv,1.4830797910690308,0.26986953616142273,3.0,97.64151000976562,86.32075500488281,100.0
AUSpv2022,AUS,Australia,2022,pv,0.9837159514427185,0.2140864133834839,8.0,83.01886749267578,66.98113250732422,96.2264175415039
AUTpv2022,AUT,Austria,2022,pv,0.6487100124359131,0.22655731439590454,7.0,68.39622497558594,53.30188751220703,83.96226501464844
AZEpv2022,AZE,Azerbaijan,2022,pv,-0.9228072762489319,0.23976460099220276,5.0,16.037734985351562,10.849056243896484,25.943395614624023
BHSpv2022,BHS,"Bahamas, The",2022,pv,0.8812392354011536,0.23304978013038635,6.0,77.83018493652344,61.32075500488281,95.28302001953125
BHRpv2022,BHR,Bahrain,2022,pv,-0.36290544271469116,0.23271167278289795,6.0,33.01886749267578,18.39622688293457,46.22641372680664
BGDpv2022,BGD,Bangladesh,2022,pv,-1.046462059020996,0.2195393592119217,7.0,13.207547187805176,10.377358436584473,20.283018112182617
BRBpv2022,BRB,Barbados,2022,pv,1.1446454524993896,0.24079777300357819,5.0,91.50943756103516,72.16981506347656,97.64151000976562
BLRpv2022,BLR,Belarus,2022,pv,-0.8020966053009033,0.23304978013038635,6.0,17.924528121948242,12.735849380493164,30.660377502441406
BELpv2022,BEL,Belgium,2022,pv,0.5819815993309021,0.22655731439590454,7.0,66.50943756103516,51.88679122924805,81.13207244873047
BLZpv2022,BLZ,Belize,2022,pv,0.5640060901641846,0.24079777300357819,5.0,65.0943374633789,51.41509246826172,81.60377502441406
BENpv2022,BEN,Benin,2022,pv,-0.34320268034935,0.24079777300357819,5.0,35.377357482910156,19.339622497558594,48.11320877075195
BMUpv2022,BMU,Bermuda,2022,pv,1.0240437984466553,0.30919596552848816,2.0,84.4339599609375,61.79245376586914,97.64151000976562
BTNpv2022,BTN,Bhutan,2022,pv,1.0093425512313843,0.24822673201560974,4.0,83.49056243896484,66.50943756103516,96.69811248779297
BOLpv2022,BOL,Bolivia,2022,pv,-0.1919085532426834,0.23304978013038635,6.0,41.50943374633789,25.0,51.88679122924805
BIHpv2022,BIH,Bosnia and Herzegovina,2022,pv,-0.48319369554519653,0.24079777300357819,5.0,27.830188751220703,16.50943374633789,45.28302001953125
BWApv2022,BWA,Botswana,2022,pv,1.0739837884902954,0.22655731439590454,7.0,87.26415252685547,69.81131744384766,97.16981506347656
BRApv2022,BRA,Brazil,2022,pv,-0.3950369358062744,0.2140864133834839,8.0,31.132076263427734,18.39622688293457,45.75471878051758
BRNpv2022,BRN,Brunei Darussalam,2022,pv,1.2424886226654053,0.23976460099220276,5.0,94.81131744384766,75.94339752197266,99.05660247802734
BGRpv2022,BGR,Bulgaria,2022,pv,0.3134286403656006,0.22655731439590454,7.0,54.71697998046875,45.28302001953125,69.81131744384766
BFApv2022,BFA,Burkina Faso,2022,pv,-1.8153693675994873,0.23304978013038635,6.0,7.075471878051758,3.301886796951294,9.433961868286133
BDIpv2022,BDI,Burundi,2022,pv,-1.192446231842041,0.24822673201560974,4.0,12.735849380493164,8.49056625366211,18.39622688293457
KHMpv2022,KHM,Cambodia,2022,pv,-0.09802304208278656,0.24079777300357819,5.0,44.81132125854492,26.88679313659668,54.24528121948242
CMRpv2022,CMR,Cameroon,2022,pv,-1.3796292543411255,0.23304978013038635,6.0,10.849056243896484,7.5471696853637695,14.150943756103516
CANpv2022,CAN,Canada,2022,pv,0.7806815505027771,0.22655731439590454,7.0,73.58490753173828,57.54716873168945,91.50943756103516
CPVpv2022,CPV,Cape Verde,2022,pv,0.927069365978241,0.24822673201560974,4.0,80.18868255615234,61.79245376586914,96.2264175415039
CYMpv2022,CYM,Cayman Islands,2022,pv,1.6607418060302734,0.26986953616142273,3.0,100.0,94.3396224975586,100.0
CAFpv2022,CAF,Central African Republic,2022,pv,-2.205052375793457,0.24822673201560974,4.0,3.301886796951294,0.0,7.075471878051758
TCDpv2022,TCD,Chad,2022,pv,-1.470404863357544,0.24822673201560974,4.0,8.962264060974121,6.132075309753418,12.735849380493164
CHLpv2022,CHL,Chile,2022,pv,0.13208432495594025,0.22655731439590454,7.0,50.47169876098633,37.26415252685547,61.32075500488281
CHNpv2022,CHN,China,2022,pv,-0.4512767195701599,0.2140864133834839,8.0,29.716981887817383,17.452829360961914,43.867923736572266
COLpv2022,COL,Colombia,2022,pv,-0.6299583315849304,0.22655731439590454,7.0,23.58490562438965,14.150943756103516,37.26415252685547
COMpv2022,COM,Comoros,2022,pv,-0.2264113575220108,0.27779126167297363,3.0,39.150943756103516,20.283018112182617,51.88679122924805
ZARpv2022,ZAR,"Congo, Dem. Rep.",2022,pv,-1.9844896793365479,0.2195393592119217,7.0,5.660377502441406,2.358490467071533,8.49056625366211
COGpv2022,COG,"Congo, Rep.",2022,pv,0.038993820548057556,0.23304978013038635,6.0,47.641510009765625,34.90565872192383,58.01886749267578
COKpv2022,COK,Cook Islands,2022,pv,1.1647605895996094,0.5509620308876038,1.0,92.45282745361328,53.30188751220703,100.0
CRIpv2022,CRI,Costa Rica,2022,pv,0.9565964341163635,0.23304978013038635,6.0,81.60377502441406,65.0943374633789,96.2264175415039
HRVpv2022,HRV,Croatia,2022,pv,0.6725632548332214,0.22655731439590454,7.0,69.3396224975586,54.24528121948242,86.32075500488281
CUBpv2022,CUB,Cuba,2022,pv,0.491417795419693,0.23976460099220276,5.0,61.32075500488281,49.056602478027344,77.83018493652344
CYPpv2022,CYP,Cyprus,2022,pv,0.4238112270832062,0.22655731439590454,7.0,58.49056625366211,48.11320877075195,74.05660247802734
CZEpv2022,CZE,Czech Republic,2022,pv,0.8141145706176758,0.22655731439590454,7.0,75.0,58.96226501464844,92.92453002929688
CIVpv2022,CIV,Côte d'Ivoire,2022,pv,-0.5872665047645569,0.23304978013038635,6.0,25.0,14.622641563415527,39.622642517089844
DNKpv2022,DNK,Denmark,2022,pv,0.86891770362854,0.22655731439590454,7.0,76.88679504394531,61.32075500488281,94.3396224975586
DJIpv2022,DJI,Djibouti,2022,pv,-0.5073860883712769,0.24822673201560974,4.0,26.88679313659668,16.037734985351562,43.867923736572266
DMApv2022,DMA,Dominica,2022,pv,1.308010458946228,0.2674945294857025,4.0,95.75471496582031,76.88679504394531,100.0
DOMpv2022,DOM,Dominican Republic,2022,pv,0.24928763508796692,0.23304978013038635,6.0,52.358489990234375,43.39622497558594,66.98113250732422
ECUpv2022,ECU,Ecuador,2022,pv,-0.3712243139743805,0.23304978013038635,6.0,32.54716873168945,18.39622688293457,46.22641372680664
EGYpv2022,EGY,"Egypt, Arab Rep.",2022,pv,-0.978700578212738,0.23304978013038635,6.0,14.622641563415527,10.849056243896484,24.056604385375977
SLVpv2022,SLV,El Salvador,2022,pv,-0.3524748384952545,0.23304978013038635,6.0,34.90565872192383,19.339622497558594,46.69811248779297
GNQpv2022,GNQ,Equatorial Guinea,2022,pv,-0.23628859221935272,0.24822673201560974,4.0,38.20754623413086,22.641510009765625,51.41509246826172
ERIpv2022,ERI,Eritrea,2022,pv,-0.9571950435638428,0.24822673201560974,4.0,15.094339370727539,10.849056243896484,25.943395614624023
ESTpv2022,EST,Estonia,2022,pv,0.7278808951377869,0.22655731439590454,7.0,71.2264175415039,56.132076263427734,89.15093994140625
SWZpv2022,SWZ,Eswatini,2022,pv,-0.21046379208564758,0.24822673201560974,4.0,39.622642517089844,23.58490562438965,51.88679122924805
ETHpv2022,ETH,Ethiopia,2022,pv,-2.070606231689453,0.23304978013038635,6.0,5.188679218292236,1.4150943756103516,8.018867492675781
FJIpv2022,FJI,Fiji,2022,pv,0.748508632183075,0.25569990277290344,4.0,72.16981506347656,55.660377502441406,92.45282745361328
FINpv2022,FIN,Finland,2022,pv,0.8948301076889038,0.22655731439590454,7.0,78.7735824584961,61.79245376586914,95.28302001953125
FRApv2022,FRA,France,2022,pv,0.39333921670913696,0.22655731439590454,7.0,57.075469970703125,46.69811248779297,72.64151000976562
GUFpv2022,GUF,French Guiana,2022,pv,0.3198494017124176,0.26986953616142273,3.0,55.660377502441406,43.39622497558594,72.16981506347656
GABpv2022,GAB,Gabon,2022,pv,0.060369402170181274,0.23304978013038635,6.0,48.58490753173828,35.377357482910156,58.96226501464844
GMBpv2022,GMB,"Gambia, The",2022,pv,0.04397328197956085,0.23304978013038635,6.0,48.11320877075195,35.377357482910156,58.49056625366211
GEOpv2022,GEO,Georgia,2022,pv,-0.43653005361557007,0.24079777300357819,5.0,30.188678741455078,16.98113250732422,45.75471878051758
DEUpv2022,DEU,Germany,2022,pv,0.6284918785095215,0.22655731439590454,7.0,66.98113250732422,52.8301887512207,83.01886749267578
GHApv2022,GHA,Ghana,2022,pv,-0.1950247883796692,0.23304978013038635,6.0,41.03773498535156,25.0,51.88679122924805
GRCpv2022,GRC,Greece,2022,pv,0.10646377503871918,0.22655731439590454,7.0,50.0,36.32075500488281,60.377357482910156
GRLpv2022,GRL,Greenland,2022,pv,1.56980299949646,0.34281349182128906,2.0,98.11320495605469,83.01886749267578,100.0
GRDpv2022,GRD,Grenada,2022,pv,1.033623218536377,0.2674945294857025,4.0,86.32075500488281,66.50943756103516,97.16981506347656
GUMpv2022,GUM,Guam,2022,pv,0.8161131143569946,0.27955326437950134,3.0,75.47169494628906,56.132076263427734,95.28302001953125
GTMpv2022,GTM,Guatemala,2022,pv,-0.26285088062286377,0.23304978013038635,6.0,36.79245376586914,22.641510009765625,50.0
GINpv2022,GIN,Guinea,2022,pv,-0.8386821150779724,0.23304978013038635,6.0,16.98113250732422,12.264150619506836,29.245283126831055
GNBpv2022,GNB,Guinea-Bissau,2022,pv,-0.3859448730945587,0.2660803496837616,4.0,32.075469970703125,16.98113250732422,48.11320877075195
GUYpv2022,GUY,Guyana,2022,pv,0.02073356695473194,0.23304978013038635,6.0,46.69811248779297,33.49056625366211,57.54716873168945
HTIpv2022,HTI,Haiti,2022,pv,-1.4191986322402954,0.23304978013038635,6.0,10.377358436584473,7.075471878051758,13.207547187805176
HNDpv2022,HND,Honduras,2022,pv,-0.5683618187904358,0.23304978013038635,6.0,25.471698760986328,15.094339370727539,41.50943374633789
HKGpv2022,HKG,"Hong Kong SAR, China",2022,pv,0.5749272108078003,0.25785917043685913,6.0,65.5660400390625,50.47169876098633,83.01886749267578
HUNpv2022,HUN,Hungary,2022,pv,0.6786763072013855,0.22655731439590454,7.0,69.81131744384766,54.24528121948242,86.32075500488281
ISLpv2022,ISL,Iceland,2022,pv,1.2496992349624634,0.23271167278289795,6.0,95.28302001953125,76.41509246826172,99.05660247802734
INDpv2022,IND,India,2022,pv,-0.6150273680686951,0.2140864133834839,8.0,24.056604385375977,14.622641563415527,36.32075500488281
IDNpv2022,IDN,Indonesia,2022,pv,-0.5538942217826843,0.22655731439590454,7.0,25.943395614624023,15.566038131713867,41.50943374633789
IRNpv2022,IRN,"Iran, Islamic Rep.",2022,pv,-1.6256123781204224,0.23304978013038635,6.0,8.49056625366211,5.188679218292236,11.792452812194824
IRQpv2022,IRQ,Iraq,2022,pv,-2.409309148788452,0.23976460099220276,5.0,2.358490467071533,0.0,5.188679218292236
IRLpv2022,IRL,Ireland,2022,pv,0.8846673965454102,0.22655731439590454,7.0,78.30188751220703,61.79245376586914,95.28302001953125
ISRpv2022,ISR,Israel,2022,pv,-1.228965401649475,0.23271167278289795,6.0,12.264150619506836,8.49056625366211,16.50943374633789
ITApv2022,ITA,Italy,2022,pv,0.4662982225418091,0.22655731439590454,7.0,60.377357482910156,49.056602478027344,75.94339752197266
JAMpv2022,JAM,Jamaica,2022,pv,0.3642427921295166,0.23304978013038635,6.0,56.60377502441406,45.75471878051758,71.69811248779297
JPNpv2022,JPN,Japan,2022,pv,1.0326372385025024,0.22655731439590454,7.0,84.9056625366211,68.86792755126953,96.69811248779297
JEYpv2022,JEY,"Jersey, Channel Islands",2022,pv,1.6213418245315552,0.48627176880836487,1.0,99.05660247802734,75.47169494628906,100.0
JORpv2022,JOR,Jordan,2022,pv,-0.2344309538602829,0.2140864133834839,8.0,38.67924499511719,25.0,50.0
KAZpv2022,KAZ,Kazakhstan,2022,pv,-0.46835383772850037,0.2140864133834839,8.0,29.245283126831055,16.98113250732422,43.39622497558594
KENpv2022,KEN,Kenya,2022,pv,-0.9472808837890625,0.23304978013038635,6.0,15.566038131713867,10.849056243896484,25.471698760986328
KIRpv2022,KIR,Kiribati,2022,pv,1.1038483381271362,0.25569990277290344,4.0,89.62264251708984,69.81131744384766,97.64151000976562
PRKpv2022,PRK,"Korea, Dem. Rep.",2022,pv,-0.4308110177516937,0.23976460099220276,5.0,30.660377502441406,16.98113250732422,45.75471878051758
KORpv2022,KOR,"Korea, Rep.",2022,pv,0.5799767374992371,0.2140864133834839,8.0,66.03773498535156,51.88679122924805,80.18868255615234
KSVpv2022,KSV,Kosovo,2022,pv,-0.19884523749351501,0.24079777300357819,5.0,40.566036224365234,24.528301239013672,51.88679122924805
KWTpv2022,KWT,Kuwait,2022,pv,0.29189202189445496,0.23271167278289795,6.0,54.24528121948242,45.28302001953125,69.3396224975586
KGZpv2022,KGZ,Kyrgyz Republic,2022,pv,-0.471610426902771,0.22597990930080414,6.0,28.773584365844727,16.50943374633789,43.867923736572266
LAOpv2022,LAO,Lao PDR,2022,pv,0.7894513607025146,0.24822673201560974,4.0,74.05660247802734,56.60377502441406,93.86792755126953
LVApv2022,LVA,Latvia,2022,pv,0.48640912771224976,0.22655731439590454,7.0,60.849056243896484,50.0,75.94339752197266
LBNpv2022,LBN,Lebanon,2022,pv,-1.4225754737854004,0.23304978013038635,6.0,9.905660629272461,7.075471878051758,13.207547187805176
LSOpv2022,LSO,Lesotho,2022,pv,-0.2927369177341461,0.24822673201560974,4.0,35.849056243896484,19.811321258544922,50.0
LBRpv2022,LBR,Liberia,2022,pv,-0.2672712504863739,0.2195393592119217,7.0,36.32075500488281,23.58490562438965,49.056602478027344
LBYpv2022,LBY,Libya,2022,pv,-2.19370174407959,0.23976460099220276,5.0,4.245283126831055,0.0,7.075471878051758
LIEpv2022,LIE,Liechtenstein,2022,pv,1.642753005027771,0.24822673201560974,4.0,99.52830505371094,94.3396224975586,100.0
LTUpv2022,LTU,Lithuania,2022,pv,0.6530325412750244,0.22655731439590454,7.0,68.86792755126953,53.30188751220703,84.4339599609375
LUXpv2022,LUX,Luxembourg,2022,pv,1.0643900632858276,0.22655731439590454,7.0,86.79244995117188,69.81131744384766,96.69811248779297
MACpv2022,MAC,"Macao SAR, China",2022,pv,1.122702717781067,0.3252893388271332,2.0,90.0943374633789,66.50943756103516,99.52830505371094
MDGpv2022,MDG,Madagascar,2022,pv,-0.48079660534858704,0.23304978013038635,6.0,28.30188751220703,16.50943374633789,43.867923736572266
MWIpv2022,MWI,Malawi,2022,pv,-0.15798327326774597,0.23304978013038635,6.0,42.45283126831055,25.943395614624023,51.88679122924805
MYSpv2022,MYS,Malaysia,2022,pv,0.16311781108379364,0.2140864133834839,8.0,51.41509246826172,41.50943374633789,61.79245376586914
MDVpv2022,MDV,Maldives,2022,pv,0.6450027823448181,0.25569990277290344,4.0,67.92453002929688,51.88679122924805,86.32075500488281
MLIpv2022,MLI,Mali,2022,pv,-2.560743570327759,0.23304978013038635,6.0,0.4716981053352356,0.0,4.245283126831055
MLTpv2022,MLT,Malta,2022,pv,0.9110143184661865,0.23304978013038635,6.0,79.71697998046875,61.79245376586914,95.28302001953125
MHLpv2022,MHL,Marshall Islands,2022,pv,1.0159205198287964,0.25569990277290344,4.0,83.96226501464844,66.50943756103516,96.69811248779297
MTQpv2022,MTQ,Martinique,2022,pv,0.6410870552062988,0.30919596552848816,2.0,67.45282745361328,50.47169876098633,91.50943756103516
MRTpv2022,MRT,Mauritania,2022,pv,-0.5169493556022644,0.24079777300357819,5.0,26.41509437561035,16.037734985351562,43.39622497558594
MUSpv2022,MUS,Mauritius,2022,pv,0.8300235867500305,0.24079777300357819,5.0,75.94339752197266,58.96226501464844,94.3396224975586
MEXpv2022,MEX,Mexico,2022,pv,-0.6892681121826172,0.2140864133834839,8.0,20.283018112182617,13.207547187805176,35.377357482910156
FSMpv2022,FSM,"Micronesia, Fed. Sts.",2022,pv,1.2092188596725464,0.25569990277290344,4.0,94.3396224975586,74.05660247802734,99.05660247802734
MDApv2022,MDA,Moldova,2022,pv,-0.6590701937675476,0.23304978013038635,6.0,21.69811248779297,13.207547187805176,35.849056243896484
MCOpv2022,MCO,Monaco,2022,pv,1.1870324611663818,0.27779126167297363,3.0,93.86792755126953,71.2264175415039,99.05660247802734
MNGpv2022,MNG,Mongolia,2022,pv,0.5299543738365173,0.22655731439590454,7.0,62.73584747314453,50.47169876098633,78.7735824584961
MNEpv2022,MNE,Montenegro,2022,pv,-0.1408814787864685,0.24822673201560974,4.0,43.39622497558594,25.943395614624023,53.30188751220703
MARpv2022,MAR,Morocco,2022,pv,-0.3621191382408142,0.23304978013038635,6.0,33.49056625366211,18.39622688293457,46.22641372680664
MOZpv2022,MOZ,Mozambique,2022,pv,-1.265608310699463,0.2195393592119217,7.0,11.320755004882812,8.018867492675781,16.037734985351562
MMRpv2022,MMR,Myanmar,2022,pv,-2.195713996887207,0.23304978013038635,6.0,3.7735848426818848,0.0,7.075471878051758
NAMpv2022,NAM,Namibia,2022,pv,0.5598857402801514,0.23304978013038635,6.0,64.62264251708984,51.41509246826172,81.13207244873047
NRUpv2022,NRU,Nauru,2022,pv,0.877918004989624,0.27779126167297363,3.0,77.35848999023438,58.01886749267578,96.2264175415039
NPLpv2022,NPL,Nepal,2022,pv,-0.23919688165187836,0.22597990930080414,6.0,37.73584747314453,24.056604385375977,50.0
NLDpv2022,NLD,Netherlands,2022,pv,0.7267995476722717,0.22655731439590454,7.0,70.75471496582031,56.132076263427734,89.15093994140625
NZLpv2022,NZL,New Zealand,2022,pv,1.321169137954712,0.2140864133834839,8.0,96.2264175415039,82.54717254638672,100.0
NICpv2022,NIC,Nicaragua,2022,pv,-0.3585117757320404,0.23304978013038635,6.0,33.96226501464844,19.339622497558594,46.69811248779297
NERpv2022,NER,Niger,2022,pv,-1.4643923044204712,0.23304978013038635,6.0,9.433961868286133,6.132075309753418,12.735849380493164
NGApv2022,NGA,Nigeria,2022,pv,-1.77890145778656,0.23304978013038635,6.0,7.5471696853637695,4.245283126831055,10.377358436584473
NIUpv2022,NIU,Niue,2022,pv,1.3773585557937622,0.5509620308876038,1.0,96.69811248779297,60.377357482910156,100.0
MKDpv2022,MKD,North Macedonia,2022,pv,0.18083928525447845,0.24079777300357819,5.0,51.88679122924805,39.150943756103516,65.5660400390625
NORpv2022,NOR,Norway,2022,pv,0.8612392544746399,0.22655731439590454,7.0,76.41509246826172,60.849056243896484,94.3396224975586
OMNpv2022,OMN,Oman,2022,pv,0.5322492122650146,0.23976460099220276,5.0,63.20754623413086,50.47169876098633,79.71697998046875
PAKpv2022,PAK,Pakistan,2022,pv,-1.8398263454437256,0.23304978013038635,6.0,6.603773593902588,2.358490467071533,9.433961868286133
PLWpv2022,PLW,Palau,2022,pv,1.0839942693710327,0.27779126167297363,3.0,87.73584747314453,66.50943756103516,97.64151000976562
PANpv2022,PAN,Panama,2022,pv,0.28922122716903687,0.23304978013038635,6.0,53.77358627319336,45.28302001953125,68.86792755126953
PNGpv2022,PNG,Papua New Guinea,2022,pv,-0.6593674421310425,0.2251252979040146,6.0,21.226415634155273,13.679244995117188,35.849056243896484
PRYpv2022,PRY,Paraguay,2022,pv,0.035549312829971313,0.23304978013038635,6.0,47.1698112487793,34.90565872192383,58.01886749267578
PERpv2022,PER,Peru,2022,pv,-0.487095445394516,0.22655731439590454,7.0,27.358489990234375,16.50943374633789,43.39622497558594
PHLpv2022,PHL,Philippines,2022,pv,-0.6552685499191284,0.22655731439590454,7.0,22.169811248779297,13.679244995117188,35.849056243896484
POLpv2022,POL,Poland,2022,pv,0.5051464438438416,0.22655731439590454,7.0,61.79245376586914,50.47169876098633,76.88679504394531
PRTpv2022,PRT,Portugal,2022,pv,0.7958025932312012,0.22655731439590454,7.0,74.52830505371094,58.49056625366211,92.45282745361328
PRIpv2022,PRI,Puerto Rico,2022,pv,0.542631983757019,0.24822673201560974,4.0,64.15093994140625,50.47169876098633,81.13207244873047
QATpv2022,QAT,Qatar,2022,pv,0.9602493047714233,0.23271167278289795,6.0,82.07546997070312,65.5660400390625,96.2264175415039
ROMpv2022,ROM,Romania,2022,pv,0.4311363101005554,0.22655731439590454,7.0,58.96226501464844,48.11320877075195,74.52830505371094
RUSpv2022,RUS,Russian Federation,2022,pv,-1.0059967041015625,0.23304978013038635,6.0,14.150943756103516,10.377358436584473,23.58490562438965
RWApv2022,RWA,Rwanda,2022,pv,0.08275245130062103,0.24079777300357819,5.0,49.056602478027344,35.377357482910156,60.377357482910156
REUpv2022,REU,Réunion,2022,pv,0.2589302659034729,0.4022607207298279,1.0,53.30188751220703,30.660377502441406,79.71697998046875
WSMpv2022,WSM,Samoa,2022,pv,1.0965520143508911,0.25569990277290344,4.0,89.15093994140625,69.3396224975586,97.64151000976562
SMRpv2022,SMR,San Marino,2022,pv,1.1870324611663818,0.27779126167297363,3.0,93.86792755126953,71.2264175415039,99.05660247802734
SAUpv2022,SAU,Saudi Arabia,2022,pv,-0.35580629110336304,0.21925662457942963,7.0,34.433963775634766,19.339622497558594,45.75471878051758
SENpv2022,SEN,Senegal,2022,pv,-0.15759366750717163,0.23304978013038635,6.0,42.924530029296875,25.943395614624023,51.88679122924805
SRBpv2022,SRB,Serbia,2022,pv,-0.17406946420669556,0.23304978013038635,6.0,41.98113250732422,25.471698760986328,51.88679122924805
SYCpv2022,SYC,Seychelles,2022,pv,0.7625231146812439,0.24822673201560974,4.0,72.64151000976562,56.132076263427734,92.45282745361328
SLEpv2022,SLE,Sierra Leone,2022,pv,-0.09451320767402649,0.23304978013038635,6.0,45.28302001953125,28.30188751220703,53.30188751220703
SGPpv2022,SGP,Singapore,2022,pv,1.440372347831726,0.2140864133834839,8.0,97.16981506347656,88.20755004882812,100.0
SVKpv2022,SVK,Slovak Republic,2022,pv,0.4453357458114624,0.22655731439590454,7.0,59.433963775634766,48.58490753173828,75.47169494628906
SVNpv2022,SVN,Slovenia,2022,pv,0.7093350887298584,0.22655731439590454,7.0,70.28302001953125,55.660377502441406,87.26415252685547
SLBpv2022,SLB,Solomon Islands,2022,pv,0.41390562057495117,0.25569990277290344,4.0,58.01886749267578,45.75471878051758,75.94339752197266
SOMpv2022,SOM,Somalia,2022,pv,-2.4296960830688477,0.23976460099220276,5.0,1.8867924213409424,0.0,5.188679218292236
ZAFpv2022,ZAF,South Africa,2022,pv,-0.6813863515853882,0.22655731439590454,7.0,20.754716873168945,12.735849380493164,35.377357482910156
SSDpv2022,SSD,South Sudan,2022,pv,-2.213099956512451,0.27779126167297363,3.0,2.830188751220703,0.0,7.5471696853637695
ESPpv2022,ESP,Spain,2022,pv,0.31884342432022095,0.22655731439590454,7.0,55.18867874145508,45.28302001953125,69.81131744384766
LKApv2022,LKA,Sri Lanka,2022,pv,-0.8043068051338196,0.2195393592119217,7.0,17.452829360961914,12.735849380493164,29.716981887817383
KNApv2022,KNA,St. Kitts and Nevis,2022,pv,0.9380820989608765,0.2674945294857025,4.0,81.13207244873047,61.32075500488281,96.2264175415039
LCApv2022,LCA,St. Lucia,2022,pv,1.033623218536377,0.2674945294857025,4.0,86.32075500488281,66.50943756103516,97.16981506347656
VCTpv2022,VCT,St. Vincent and the Grenadines,2022,pv,1.033623218536377,0.2674945294857025,4.0,86.32075500488281,66.50943756103516,97.16981506347656
SDNpv2022,SDN,Sudan,2022,pv,-2.0769202709198,0.23304978013038635,6.0,4.716980934143066,1.4150943756103516,8.018867492675781
SURpv2022,SUR,Suriname,2022,pv,0.3996891975402832,0.23304978013038635,6.0,57.54716873168945,46.22641372680664,73.58490753173828
SWEpv2022,SWE,Sweden,2022,pv,0.910905122756958,0.22655731439590454,7.0,79.24528503417969,63.67924499511719,95.28302001953125
CHEpv2022,CHE,Switzerland,2022,pv,1.1597453355789185,0.23271167278289795,6.0,91.98113250732422,73.11320495605469,97.64151000976562
SYRpv2022,SYR,Syrian Arab Republic,2022,pv,-2.7768983840942383,0.23976460099220276,5.0,0.0,0.0,2.358490467071533
STPpv2022,STP,São Tomé and Principe,2022,pv,0.4603588283061981,0.24822673201560974,4.0,59.90565872192383,48.11320877075195,76.41509246826172
TWNpv2022,TWN,"Taiwan, China",2022,pv,0.766374409198761,0.21925662457942963,7.0,73.11320495605469,57.54716873168945,91.03773498535156
TJKpv2022,TJK,Tajikistan,2022,pv,-0.7409991025924683,0.24822673201560974,4.0,18.867923736572266,12.735849380493164,35.377357482910156
TZApv2022,TZA,Tanzania,2022,pv,-0.26034411787986755,0.23304978013038635,6.0,37.26415252685547,22.641510009765625,50.0
THApv2022,THA,Thailand,2022,pv,-0.3933393061161041,0.2140864133834839,8.0,31.60377311706543,18.39622688293457,45.75471878051758
TMPpv2022,TMP,Timor-Leste,2022,pv,0.2562467157840729,0.24822673201560974,4.0,52.8301887512207,42.924530029296875,68.86792755126953
TGOpv2022,TGO,Togo,2022,pv,-0.7880516052246094,0.23304978013038635,6.0,18.39622688293457,12.735849380493164,30.660377502441406
TONpv2022,TON,Tonga,2022,pv,1.0929051637649536,0.25569990277290344,4.0,88.67924499511719,69.3396224975586,97.64151000976562
TTOpv2022,TTO,Trinidad and Tobago,2022,pv,0.3484237492084503,0.23304978013038635,6.0,56.132076263427734,45.75471878051758,71.2264175415039
TUNpv2022,TUN,Tunisia,2022,pv,-0.5945590734481812,0.23304978013038635,6.0,24.528301239013672,14.622641563415527,39.150943756103516
TKMpv2022,TKM,Turkmenistan,2022,pv,-0.11025793850421906,0.24822673201560974,4.0,43.867923736572266,25.943395614624023,54.24528121948242
TUVpv2022,TUV,Tuvalu,2022,pv,1.1831034421920776,0.25569990277290344,4.0,92.92453002929688,72.64151000976562,98.58490753173828
TURpv2022,TUR,Türkiye,2022,pv,-1.032234787940979,0.22655731439590454,7.0,13.679244995117188,10.377358436584473,20.754716873168945
UGApv2022,UGA,Uganda,2022,pv,-0.7110158205032349,0.23304978013038635,6.0,19.811321258544922,12.735849380493164,35.377357482910156
UKRpv2022,UKR,Ukraine,2022,pv,-1.949324607849121,0.23304978013038635,6.0,6.132075309753418,2.358490467071533,8.49056625366211
AREpv2022,ARE,United Arab Emirates,2022,pv,0.7441833019256592,0.22655731439590454,7.0,71.69811248779297,56.60377502441406,89.62264251708984
GBRpv2022,GBR,United Kingdom,2022,pv,0.533176064491272,0.2140864133834839,8.0,63.67924499511719,51.88679122924805,77.83018493652344
USApv2022,USA,United States,2022,pv,0.008700686506927013,0.2140864133834839,8.0,46.22641372680664,35.377357482910156,56.132076263427734
URYpv2022,URY,Uruguay,2022,pv,1.0858296155929565,0.23304978013038635,6.0,88.20755004882812,69.81131744384766,97.16981506347656
UZBpv2022,UZB,Uzbekistan,2022,pv,-0.20133601129055023,0.23304978013038635,6.0,40.09434127807617,25.0,51.88679122924805
VUTpv2022,VUT,Vanuatu,2022,pv,0.9618620872497559,0.25569990277290344,4.0,82.54717254638672,63.67924499511719,96.69811248779297
VENpv2022,VEN,"Venezuela, RB",2022,pv,-1.250806450843811,0.2140864133834839,8.0,11.792452812194824,8.49056625366211,16.037734985351562
VNMpv2022,VNM,Viet Nam,2022,pv,-0.04613209515810013,0.2195393592119217,7.0,45.75471878051758,30.660377502441406,54.71697998046875
VIRpv2022,VIR,Virgin Islands (U.S.),2022,pv,0.5297837257385254,0.30919596552848816,2.0,62.26415252685547,46.69811248779297,86.32075500488281
WBGpv2022,WBG,West Bank and Gaza,2022,pv,-1.7019554376602173,0.24822673201560974,4.0,8.018867492675781,4.245283126831055,10.849056243896484
YEMpv2022,YEM,"Yemen, Rep.",2022,pv,-2.462735414505005,0.23976460099220276,5.0,1.4150943756103516,0.0,5.188679218292236
ZMBpv2022,ZMB,Zambia,2022,pv,0.1613318771123886,0.23304978013038635,6.0,50.943397521972656,39.150943756103516,64.15093994140625
ZWEpv2022,ZWE,Zimbabwe,2022,pv,-0.8949741125106812,0.23304978013038635,6.0,16.50943374633789,10.849056243896484,26.41509437561035
AFGpv2023,AFG,Afghanistan,2023,pv,-2.4840805530548096,0.23441578447818756,5.0,1.421800971031189,0.0,4.7393364906311035
ALBpv2023,ALB,Albania,2023,pv,0.18334896862506866,0.2272447943687439,6.0,51.65876770019531,40.284358978271484,63.507110595703125
DZApv2023,DZA,Algeria,2023,pv,-0.5778852701187134,0.2272447943687439,6.0,23.222749710083008,14.218009948730469,39.8104248046875
ASMpv2023,ASM,American Samoa,2023,pv,1.114221215248108,0.39810895919799805,1.0,91.94313049316406,60.66350555419922,100.0
ADOpv2023,ADO,Andorra,2023,pv,1.5834659337997437,0.27845001220703125,3.0,98.57820129394531,91.94313049316406,100.0
AGOpv2023,AGO,Angola,2023,pv,-0.3415050506591797,0.21178095042705536,7.0,32.22748947143555,19.90521240234375,46.445499420166016
AIApv2023,AIA,Anguilla,2023,pv,1.114221215248108,0.39810895919799805,1.0,91.94313049316406,60.66350555419922,100.0
ATGpv2023,ATG,Antigua and Barbuda,2023,pv,0.9233932495117188,0.2653488218784332,4.0,80.56871795654297,60.66350555419922,95.7345962524414
ARGpv2023,ARG,Argentina,2023,pv,-0.1275179088115692,0.2227126806974411,7.0,41.70616149902344,26.06635093688965,53.080570220947266
ARMpv2023,ARM,Armenia,2023,pv,-0.8292782306671143,0.23531214892864227,5.0,17.06161117553711,11.84834098815918,27.962085723876953
ABWpv2023,ABW,Aruba,2023,pv,1.432524561882019,0.2619134187698364,3.0,97.63033294677734,84.36019134521484,100.0
AUSpv2023,AUS,Australia,2023,pv,0.91705721616745,0.20809811353683472,8.0,79.620849609375,64.4549789428711,95.26066589355469
AUTpv2023,AUT,Austria,2023,pv,0.7279891967773438,0.21939024329185486,8.0,71.56398010253906,55.924171447753906,90.04739379882812
AZEpv2023,AZE,Azerbaijan,2023,pv,-0.7307538986206055,0.23531214892864227,5.0,18.009479522705078,13.270142555236816,31.753555297851562
BHSpv2023,BHS,"Bahamas, The",2023,pv,1.0085623264312744,0.2272447943687439,6.0,84.83412170410156,68.24644470214844,96.68246459960938
BHRpv2023,BHR,Bahrain,2023,pv,-0.37396758794784546,0.23029080033302307,6.0,29.383886337280273,17.535545349121094,46.445499420166016
BGDpv2023,BGD,Bangladesh,2023,pv,-0.9086567163467407,0.2089180201292038,8.0,15.639810562133789,11.84834098815918,23.69668197631836
BRBpv2023,BRB,Barbados,2023,pv,1.1871285438537598,0.2305508553981781,6.0,93.83885955810547,74.88151550292969,98.10426330566406
BLRpv2023,BLR,Belarus,2023,pv,-0.7293656468391418,0.2272447943687439,6.0,18.48341178894043,13.270142555236816,30.805686950683594
BELpv2023,BEL,Belgium,2023,pv,0.40385308861732483,0.2227126806974411,7.0,58.29383850097656,47.39336395263672,74.40758514404297
BLZpv2023,BLZ,Belize,2023,pv,0.5853257775306702,0.23441578447818756,5.0,65.40284729003906,51.65876770019531,82.4644546508789
BENpv2023,BEN,Benin,2023,pv,-0.34655943512916565,0.23441578447818756,5.0,31.753555297851562,17.535545349121094,47.39336395263672
BMUpv2023,BMU,Bermuda,2023,pv,1.0204062461853027,0.3074091374874115,2.0,86.7298583984375,62.08530807495117,98.10426330566406
BTNpv2023,BTN,Bhutan,2023,pv,0.9828004240989685,0.24330194294452667,4.0,83.41232299804688,64.92890930175781,96.68246459960938
BOLpv2023,BOL,Bolivia,2023,pv,-0.31318363547325134,0.2272447943687439,6.0,35.07109069824219,19.90521240234375,48.34123229980469
BIHpv2023,BIH,Bosnia and Herzegovina,2023,pv,-0.35337331891059875,0.2305508553981781,6.0,31.279621124267578,17.535545349121094,46.919429779052734
BWApv2023,BWA,Botswana,2023,pv,1.0384399890899658,0.21939024329185486,8.0,87.20378875732422,70.14218139648438,96.68246459960938
BRApv2023,BRA,Brazil,2023,pv,-0.40856778621673584,0.20809811353683472,8.0,28.436019897460938,17.535545349121094,43.127960205078125
BRNpv2023,BRN,Brunei Darussalam,2023,pv,1.3660006523132324,0.23531214892864227,5.0,96.68246459960938,82.93838500976562,100.0
BGRpv2023,BGR,Bulgaria,2023,pv,0.3418614864349365,0.21939024329185486,8.0,55.45023727416992,45.49763107299805,70.14218139648438
BFApv2023,BFA,Burkina Faso,2023,pv,-2.035231590270996,0.2272447943687439,6.0,5.687203884124756,2.3696682453155518,8.530805587768555
BDIpv2023,BDI,Burundi,2023,pv,-1.1724029779434204,0.24330194294452667,4.0,12.796208381652832,8.530805587768555,17.535545349121094
KHMpv2023,KHM,Cambodia,2023,pv,0.044493820518255234,0.2305508553981781,6.0,47.8672981262207,33.649288177490234,59.715641021728516
CMRpv2023,CMR,Cameroon,2023,pv,-1.4004364013671875,0.2272447943687439,6.0,11.374407768249512,7.109004974365234,13.270142555236816
CANpv2023,CAN,Canada,2023,pv,0.8224205374717712,0.2227126806974411,7.0,76.30331420898438,60.66350555419922,93.83885955810547
CPVpv2023,CPV,Cape Verde,2023,pv,0.9032455682754517,0.24330194294452667,4.0,79.14691925048828,60.66350555419922,95.7345962524414
CYMpv2023,CYM,Cayman Islands,2023,pv,1.6256014108657837,0.2619134187698364,3.0,99.52606964111328,94.31279754638672,100.0
CAFpv2023,CAF,Central African Republic,2023,pv,-2.2031071186065674,0.23898878693580627,5.0,3.317535638809204,0.4739336371421814,7.109004974365234
TCDpv2023,TCD,Chad,2023,pv,-1.5594629049301147,0.23898878693580627,5.0,9.004739761352539,6.161137580871582,12.796208381652832
CHLpv2023,CHL,Chile,2023,pv,0.13615994155406952,0.2227126806974411,7.0,50.23696517944336,38.38862609863281,60.66350555419922
CHNpv2023,CHN,China,2023,pv,-0.5130970478057861,0.20809811353683472,8.0,25.11848258972168,16.587677001953125,40.284358978271484
COLpv2023,COL,Colombia,2023,pv,-0.7173132300376892,0.21939024329185486,8.0,18.957345962524414,13.270142555236816,30.805686950683594
COMpv2023,COM,Comoros,2023,pv,-0.22631676495075226,0.27845001220703125,3.0,38.8625602722168,20.379146575927734,53.080570220947266
ZARpv2023,ZAR,"Congo, Dem. Rep.",2023,pv,-2.0448620319366455,0.21178095042705536,7.0,5.21327018737793,2.3696682453155518,7.582938194274902
COGpv2023,COG,"Congo, Rep.",2023,pv,0.019162006676197052,0.2272447943687439,6.0,46.919429779052734,30.805686950683594,57.345970153808594
COKpv2023,COK,Cook Islands,2023,pv,1.1969826221466064,0.5072425603866577,1.0,94.78672790527344,55.924171447753906,100.0
CRIpv2023,CRI,Costa Rica,2023,pv,0.9841868281364441,0.2237185835838318,7.0,83.8862533569336,68.24644470214844,95.7345962524414
HRVpv2023,HRV,Croatia,2023,pv,0.5977120399475098,0.21939024329185486,8.0,67.77251434326172,53.080570220947266,81.51658630371094
CUBpv2023,CUB,Cuba,2023,pv,0.38421595096588135,0.23531214892864227,5.0,56.872039794921875,45.97156524658203,74.40758514404297
CYPpv2023,CYP,Cyprus,2023,pv,0.40962716937065125,0.2227126806974411,7.0,59.24170684814453,47.39336395263672,74.40758514404297
CZEpv2023,CZE,Czech Republic,2023,pv,0.9673616290092468,0.2227126806974411,7.0,82.4644546508789,67.77251434326172,95.7345962524414
CIVpv2023,CIV,Côte d'Ivoire,2023,pv,-0.6317881941795349,0.2237185835838318,7.0,21.800947189331055,13.744075775146484,36.492889404296875
DNKpv2023,DNK,Denmark,2023,pv,0.8508479595184326,0.2227126806974411,7.0,76.77725219726562,60.66350555419922,95.26066589355469
DJIpv2023,DJI,Djibouti,2023,pv,-0.5167009830474854,0.24330194294452667,4.0,24.644550323486328,15.165876388549805,42.18009567260742
DMApv2023,DMA,Dominica,2023,pv,1.285264253616333,0.2653488218784332,4.0,95.7345962524414,76.30331420898438,99.52606964111328
DOMpv2023,DOM,Dominican Republic,2023,pv,0.23901401460170746,0.2272447943687439,6.0,53.554500579833984,41.23222732543945,68.24644470214844
ECUpv2023,ECU,Ecuador,2023,pv,-0.33813998103141785,0.2272447943687439,6.0,32.70142364501953,18.957345962524414,47.39336395263672
EGYpv2023,EGY,"Egypt, Arab Rep.",2023,pv,-0.8667643070220947,0.2272447943687439,6.0,16.587677001953125,11.84834098815918,26.06635093688965
SLVpv2023,SLV,El Salvador,2023,pv,0.002332399832084775,0.2237185835838318,7.0,46.445499420166016,30.33175277709961,55.924171447753906
GNQpv2023,GNQ,Equatorial Guinea,2023,pv,-0.23537133634090424,0.24330194294452667,4.0,38.38862609863281,21.327014923095703,50.23696517944336
ERIpv2023,ERI,Eritrea,2023,pv,-0.7927677631378174,0.24330194294452667,4.0,17.535545349121094,11.84834098815918,28.90995216369629
ESTpv2023,EST,Estonia,2023,pv,0.6605339050292969,0.21939024329185486,8.0,69.1943130493164,54.97630310058594,86.25592041015625
SWZpv2023,SWZ,Eswatini,2023,pv,-0.35759127140045166,0.24330194294452667,4.0,30.805686950683594,17.535545349121094,47.39336395263672
ETHpv2023,ETH,Ethiopia,2023,pv,-1.9695677757263184,0.2272447943687439,6.0,6.161137580871582,2.843601942062378,8.530805587768555
FJIpv2023,FJI,Fiji,2023,pv,0.7443434596061707,0.2513490915298462,4.0,72.98577880859375,54.97630310058594,91.94313049316406
FINpv2023,FIN,Finland,2023,pv,0.7139866948127747,0.2227126806974411,7.0,71.09004974365234,55.924171447753906,88.62559509277344
FRApv2023,FRA,France,2023,pv,0.3436979651451111,0.21939024329185486,8.0,55.924171447753906,45.49763107299805,70.14218139648438
GUFpv2023,GUF,French Guiana,2023,pv,0.2299174666404724,0.2619134187698364,3.0,53.080570220947266,40.284358978271484,68.72038269042969
GABpv2023,GAB,Gabon,2023,pv,-0.33552730083465576,0.2272447943687439,6.0,33.649288177490234,18.957345962524414,47.39336395263672
GMBpv2023,GMB,"Gambia, The",2023,pv,-0.012019929476082325,0.2237185835838318,7.0,45.97156524658203,28.90995216369629,55.924171447753906
GEOpv2023,GEO,Georgia,2023,pv,-0.3355541229248047,0.2305508553981781,6.0,33.17535400390625,18.957345962524414,47.39336395263672
DEUpv2023,DEU,Germany,2023,pv,0.5869892835617065,0.21939024329185486,8.0,66.3507080078125,52.60663604736328,81.04265594482422
GHApv2023,GHA,Ghana,2023,pv,-0.021620703861117363,0.21939024329185486,8.0,45.49763107299805,28.90995216369629,54.97630310058594
GRCpv2023,GRC,Greece,2023,pv,0.23974406719207764,0.21939024329185486,8.0,54.02843475341797,42.18009567260742,67.77251434326172
GRLpv2023,GRL,Greenland,2023,pv,1.495369791984558,0.3292714059352875,2.0,98.10426330566406,81.51658630371094,100.0
GRDpv2023,GRD,Grenada,2023,pv,1.018019199371338,0.2653488218784332,4.0,86.25592041015625,64.4549789428711,97.63033294677734
GUMpv2023,GUM,Guam,2023,pv,0.8934046626091003,0.3074091374874115,2.0,78.19905090332031,57.345970153808594,96.68246459960938
GTMpv2023,GTM,Guatemala,2023,pv,-0.244364932179451,0.2272447943687439,6.0,36.96682357788086,22.748815536499023,49.76303482055664
GINpv2023,GIN,Guinea,2023,pv,-0.8778751492500305,0.2272447943687439,6.0,16.113744735717773,11.84834098815918,25.592416763305664
GNBpv2023,GNB,Guinea-Bissau,2023,pv,-0.327665239572525,0.2666510045528412,4.0,34.12322235107422,17.535545349121094,49.76303482055664
GUYpv2023,GUY,Guyana,2023,pv,-0.055172037333250046,0.2272447943687439,6.0,43.60189437866211,27.962085723876953,54.97630310058594
HTIpv2023,HTI,Haiti,2023,pv,-1.4345217943191528,0.2272447943687439,6.0,10.42654037475586,7.109004974365234,13.270142555236816
HNDpv2023,HND,Honduras,2023,pv,-0.4592171609401703,0.2272447943687439,6.0,27.962085723876953,16.587677001953125,43.127960205078125
HKGpv2023,HKG,"Hong Kong SAR, China",2023,pv,0.6730605363845825,0.24168844521045685,7.0,69.66824340820312,54.50236892700195,87.67772674560547
HUNpv2023,HUN,Hungary,2023,pv,0.7318918108940125,0.21939024329185486,8.0,72.03791809082031,55.924171447753906,90.04739379882812
ISLpv2023,ISL,Iceland,2023,pv,1.214403748512268,0.23029080033302307,6.0,95.26066589355469,76.30331420898438,98.57820129394531
INDpv2023,IND,India,2023,pv,-0.6350769400596619,0.20538008213043213,9.0,21.327014923095703,13.744075775146484,35.54502487182617
IDNpv2023,IDN,Indonesia,2023,pv,-0.4043753147125244,0.21939024329185486,8.0,28.90995216369629,17.535545349121094,44.075828552246094
IRNpv2023,IRN,"Iran, Islamic Rep.",2023,pv,-1.6941009759902954,0.2272447943687439,6.0,8.056872367858887,4.7393364906311035,11.374407768249512
IRQpv2023,IRQ,Iraq,2023,pv,-2.413098096847534,0.2314034402370453,6.0,2.3696682453155518,0.0,5.687203884124756
IRLpv2023,IRL,Ireland,2023,pv,0.9019115567207336,0.2227126806974411,7.0,78.67298889160156,63.03317642211914,95.26066589355469
ISRpv2023,ISR,Israel,2023,pv,-1.4648483991622925,0.23029080033302307,6.0,9.952606201171875,7.109004974365234,13.270142555236816
ITApv2023,ITA,Italy,2023,pv,0.5833207368850708,0.2227126806974411,7.0,64.92890930175781,52.60663604736328,81.04265594482422
JAMpv2023,JAM,Jamaica,2023,pv,0.3848373293876648,0.2272447943687439,6.0,57.345970153808594,46.445499420166016,72.98577880859375
JPNpv2023,JPN,Japan,2023,pv,0.9511362314224243,0.2227126806974411,7.0,81.51658630371094,65.40284729003906,95.7345962524414
JEYpv2023,JEY,"Jersey, Channel Islands",2023,pv,1.7447130680084229,0.4494227170944214,1.0,100.0,84.36019134521484,100.0
JORpv2023,JOR,Jordan,2023,pv,-0.20273420214653015,0.20809811353683472,8.0,40.284358978271484,23.69668197631836,50.23696517944336
KAZpv2023,KAZ,Kazakhstan,2023,pv,-0.2733460068702698,0.20809811353683472,8.0,36.492889404296875,22.748815536499023,48.34123229980469
KENpv2023,KEN,Kenya,2023,pv,-0.9377719163894653,0.2272447943687439,6.0,14.691943168640137,11.374407768249512,23.69668197631836
KIRpv2023,KIR,Kiribati,2023,pv,1.0998893976211548,0.2513490915298462,4.0,90.9952621459961,70.14218139648438,98.10426330566406
PRKpv2023,PRK,"Korea, Dem. Rep.",2023,pv,-0.3661695718765259,0.23531214892864227,5.0,30.33175277709961,17.535545349121094,46.919429779052734
KORpv2023,KOR,"Korea, Rep.",2023,pv,0.6098347306251526,0.20809811353683472,8.0,68.24644470214844,54.50236892700195,81.04265594482422
KSVpv2023,KSV,Kosovo,2023,pv,-0.32251161336898804,0.23441578447818756,5.0,34.5971565246582,18.957345962524414,48.34123229980469
KWTpv2023,KWT,Kuwait,2023,pv,0.4081791937351227,0.2227126806974411,7.0,58.76777267456055,47.39336395263672,74.40758514404297
KGZpv2023,KGZ,Kyrgyz Republic,2023,pv,-0.4812197685241699,0.21444927155971527,7.0,26.540285110473633,16.587677001953125,41.23222732543945
LAOpv2023,LAO,Lao PDR,2023,pv,0.8144617676734924,0.24330194294452667,4.0,75.35545349121094,59.715641021728516,94.78672790527344
LVApv2023,LVA,Latvia,2023,pv,0.591089129447937,0.2227126806974411,7.0,66.82464599609375,52.60663604736328,81.51658630371094
LBNpv2023,LBN,Lebanon,2023,pv,-1.5190391540527344,0.2272447943687439,6.0,9.478672981262207,6.635071277618408,12.796208381652832
LSOpv2023,LSO,Lesotho,2023,pv,-0.30576080083847046,0.23898878693580627,5.0,35.54502487182617,18.957345962524414,49.289100646972656
LBRpv2023,LBR,Liberia,2023,pv,-0.11620943993330002,0.21178095042705536,7.0,42.654029846191406,27.48815155029297,53.080570220947266
LBYpv2023,LBY,Libya,2023,pv,-2.168015480041504,0.23531214892864227,5.0,4.265402793884277,0.9478672742843628,7.109004974365234
LIEpv2023,LIE,Liechtenstein,2023,pv,1.6127581596374512,0.24330194294452667,4.0,99.05213165283203,94.78672790527344,100.0
LTUpv2023,LTU,Lithuania,2023,pv,0.7421115040779114,0.2227126806974411,7.0,72.51184844970703,56.39810562133789,90.9952621459961
LUXpv2023,LUX,Luxembourg,2023,pv,1.0540016889572144,0.2227126806974411,7.0,87.67772674560547,70.14218139648438,96.68246459960938
MACpv2023,MAC,"Macao SAR, China",2023,pv,1.071053385734558,0.31151139736175537,2.0,88.15165710449219,63.981040954589844,98.10426330566406
MDGpv2023,MDG,Madagascar,2023,pv,-0.6907456517219543,0.2237185835838318,7.0,19.90521240234375,13.270142555236816,34.12322235107422
MWIpv2023,MWI,Malawi,2023,pv,-0.23561564087867737,0.2272447943687439,6.0,37.91469192504883,22.748815536499023,50.23696517944336
MYSpv2023,MYS,Malaysia,2023,pv,0.1685146987438202,0.20809811353683472,8.0,50.710899353027344,40.284358978271484,60.66350555419922
MDVpv2023,MDV,Maldives,2023,pv,0.5301209092140198,0.2513490915298462,4.0,62.559242248535156,49.76303482055664,81.04265594482422
MLIpv2023,MLI,Mali,2023,pv,-2.7291362285614014,0.2272447943687439,6.0,0.4739336371421814,0.0,2.843601942062378
MLTpv2023,MLT,Malta,2023,pv,0.8581216931343079,0.2272447943687439,6.0,77.25118255615234,60.66350555419922,95.26066589355469
MHLpv2023,MHL,Marshall Islands,2023,pv,1.1849790811538696,0.27845001220703125,3.0,93.36492919921875,71.56398010253906,99.52606964111328
MTQpv2023,MTQ,Martinique,2023,pv,0.5123999714851379,0.3074091374874115,2.0,61.61137390136719,46.445499420166016,84.83412170410156
MRTpv2023,MRT,Mauritania,2023,pv,-0.5034239888191223,0.23441578447818756,5.0,26.06635093688965,15.639810562133789,42.18009567260742
MUSpv2023,MUS,Mauritius,2023,pv,0.7754188179969788,0.2305508553981781,6.0,74.88151550292969,57.345970153808594,91.94313049316406
MEXpv2023,MEX,Mexico,2023,pv,-0.6307610273361206,0.20538008213043213,9.0,22.748815536499023,13.744075775146484,35.54502487182617
FSMpv2023,FSM,"Micronesia, Fed. Sts.",2023,pv,1.0807785987854004,0.27845001220703125,3.0,89.5734634399414,68.24644470214844,98.10426330566406
MDApv2023,MDA,Moldova,2023,pv,-0.6836996078491211,0.2272447943687439,6.0,20.379146575927734,13.270142555236816,35.07109069824219
MCOpv2023,MCO,Monaco,2023,pv,1.1849790811538696,0.27845001220703125,3.0,93.36492919921875,71.56398010253906,99.52606964111328
MNGpv2023,MNG,Mongolia,2023,pv,0.5926697850227356,0.2227126806974411,7.0,67.29857635498047,52.60663604736328,81.51658630371094
MNEpv2023,MNE,Montenegro,2023,pv,0.06930229067802429,0.2305508553981781,6.0,48.81516647338867,35.07109069824219,60.66350555419922
MARpv2023,MAR,Morocco,2023,pv,-0.3677612245082855,0.2237185835838318,7.0,29.857820510864258,17.535545349121094,45.97156524658203
MOZpv2023,MOZ,Mozambique,2023,pv,-1.2686913013458252,0.21178095042705536,7.0,11.84834098815918,8.530805587768555,15.165876388549805
MMRpv2023,MMR,Myanmar,2023,pv,-2.125270128250122,0.2272447943687439,6.0,4.7393364906311035,0.9478672742843628,7.582938194274902
NAMpv2023,NAM,Namibia,2023,pv,0.5447772145271301,0.2272447943687439,6.0,63.507110595703125,51.18483352661133,79.620849609375
NRUpv2023,NRU,Nauru,2023,pv,0.9765780568122864,0.27845001220703125,3.0,82.93838500976562,62.08530807495117,97.63033294677734
NPLpv2023,NPL,Nepal,2023,pv,-0.22618499398231506,0.21444927155971527,7.0,39.33649444580078,23.222749710083008,49.76303482055664
NLDpv2023,NLD,Netherlands,2023,pv,0.6582819819450378,0.2227126806974411,7.0,68.72038269042969,54.97630310058594,86.7298583984375
NZLpv2023,NZL,New Zealand,2023,pv,1.358569622039795,0.20538008213043213,9.0,96.20853424072266,86.7298583984375,99.52606964111328
NICpv2023,NIC,Nicaragua,2023,pv,-0.1255500465631485,0.2272447943687439,6.0,42.18009567260742,26.06635093688965,54.02843475341797
NERpv2023,NER,Niger,2023,pv,-1.668859601020813,0.2272447943687439,6.0,8.530805587768555,5.21327018737793,11.374407768249512
NGApv2023,NGA,Nigeria,2023,pv,-1.7684383392333984,0.2227126806974411,7.0,7.582938194274902,4.265402793884277,10.900473594665527
MKDpv2023,MKD,North Macedonia,2023,pv,0.1703065037727356,0.2305508553981781,6.0,51.18483352661133,39.8104248046875,63.507110595703125
NORpv2023,NOR,Norway,2023,pv,0.8928574323654175,0.2227126806974411,7.0,77.7251205444336,62.08530807495117,95.26066589355469
OMNpv2023,OMN,Oman,2023,pv,0.5866236686706543,0.23531214892864227,5.0,65.87677764892578,51.65876770019531,82.4644546508789
PAKpv2023,PAK,Pakistan,2023,pv,-1.932730793952942,0.2237185835838318,7.0,6.635071277618408,2.843601942062378,8.530805587768555
PLWpv2023,PLW,Palau,2023,pv,1.0807785987854004,0.27845001220703125,3.0,89.5734634399414,68.24644470214844,98.10426330566406
PANpv2023,PAN,Panama,2023,pv,0.2131018489599228,0.2272447943687439,6.0,52.60663604736328,40.284358978271484,65.40284729003906
PNGpv2023,PNG,Papua New Guinea,2023,pv,-0.4788448214530945,0.21826501190662384,6.0,27.014217376708984,16.587677001953125,42.18009567260742
PRYpv2023,PRY,Paraguay,2023,pv,0.08204162865877151,0.2237185835838318,7.0,49.289100646972656,35.54502487182617,60.66350555419922
PERpv2023,PER,Peru,2023,pv,-0.52178555727005,0.21939024329185486,8.0,24.170616149902344,15.639810562133789,40.284358978271484
PHLpv2023,PHL,Philippines,2023,pv,-0.5660504698753357,0.21939024329185486,8.0,23.69668197631836,15.165876388549805,39.8104248046875
POLpv2023,POL,Poland,2023,pv,0.5595845580101013,0.2227126806974411,7.0,63.981040954589844,51.65876770019531,80.56871795654297
PRTpv2023,PRT,Portugal,2023,pv,0.7125781178474426,0.21939024329185486,8.0,70.6161117553711,55.924171447753906,88.62559509277344
PRIpv2023,PRI,Puerto Rico,2023,pv,0.5102109909057617,0.2377636879682541,5.0,61.1374397277832,49.76303482055664,78.19905090332031
QATpv2023,QAT,Qatar,2023,pv,0.993381142616272,0.23029080033302307,6.0,84.36019134521484,68.24644470214844,96.68246459960938
ROMpv2023,ROM,Romania,2023,pv,0.3736439645290375,0.21939024329185486,8.0,56.39810562133789,46.445499420166016,72.03791809082031
RUSpv2023,RUS,Russian Federation,2023,pv,-1.134333848953247,0.2272447943687439,6.0,13.270142555236816,9.478672981262207,17.535545349121094
RWApv2023,RWA,Rwanda,2023,pv,0.10809147357940674,0.2305508553981781,6.0,49.76303482055664,36.492889404296875,60.66350555419922
REUpv2023,REU,Réunion,2023,pv,0.049221765249967575,0.39810895919799805,1.0,48.34123229980469,22.748815536499023,70.14218139648438
WSMpv2023,WSM,Samoa,2023,pv,1.0981884002685547,0.24660208821296692,5.0,90.52132415771484,70.14218139648438,98.10426330566406
SMRpv2023,SMR,San Marino,2023,pv,1.1849790811538696,0.27845001220703125,3.0,93.36492919921875,71.56398010253906,99.52606964111328
SAUpv2023,SAU,Saudi Arabia,2023,pv,-0.21322453022003174,0.21127751469612122,8.0,39.8104248046875,23.69668197631836,49.76303482055664
SENpv2023,SEN,Senegal,2023,pv,-0.13859137892723083,0.2272447943687439,6.0,41.23222732543945,25.11848258972168,53.080570220947266
SRBpv2023,SRB,Serbia,2023,pv,-0.03910970687866211,0.2272447943687439,6.0,44.54976272583008,27.962085723876953,54.97630310058594
SYCpv2023,SYC,Seychelles,2023,pv,0.7635005116462708,0.23898878693580627,5.0,73.93364715576172,55.924171447753906,91.94313049316406
SLEpv2023,SLE,Sierra Leone,2023,pv,-0.23868872225284576,0.2237185835838318,7.0,37.440757751464844,22.748815536499023,49.76303482055664
SGPpv2023,SGP,Singapore,2023,pv,1.4242042303085327,0.20538008213043213,9.0,97.1563949584961,89.5734634399414,100.0
SVKpv2023,SVK,Slovak Republic,2023,pv,0.5732192993164062,0.21939024329185486,8.0,64.4549789428711,52.60663604736328,81.04265594482422
SVNpv2023,SVN,Slovenia,2023,pv,0.8186328411102295,0.2227126806974411,7.0,75.82938385009766,60.66350555419922,91.94313049316406
SLBpv2023,SLB,Solomon Islands,2023,pv,0.4458701014518738,0.2513490915298462,4.0,60.66350555419922,47.39336395263672,76.77725219726562
SOMpv2023,SOM,Somalia,2023,pv,-2.377600908279419,0.23531214892864227,5.0,2.843601942062378,0.0,5.687203884124756
ZAFpv2023,ZAF,South Africa,2023,pv,-0.6656420230865479,0.2227126806974411,7.0,20.85308074951172,13.270142555236816,35.54502487182617
SSDpv2023,SSD,South Sudan,2023,pv,-2.186107873916626,0.27845001220703125,3.0,3.791469097137451,0.4739336371421814,7.582938194274902
ESPpv2023,ESP,Spain,2023,pv,0.287291556596756,0.21939024329185486,8.0,54.97630310058594,43.127960205078125,68.24644470214844
LKApv2023,LKA,Sri Lanka,2023,pv,-0.5085412859916687,0.21178095042705536,7.0,25.592416763305664,16.587677001953125,40.284358978271484
KNApv2023,KNA,St. Kitts and Nevis,2023,pv,0.9233932495117188,0.2653488218784332,4.0,80.56871795654297,60.66350555419922,95.7345962524414
LCApv2023,LCA,St. Lucia,2023,pv,1.018019199371338,0.2653488218784332,4.0,86.25592041015625,64.4549789428711,97.63033294677734
VCTpv2023,VCT,St. Vincent and the Grenadines,2023,pv,1.018019199371338,0.2653488218784332,4.0,86.25592041015625,64.4549789428711,97.63033294677734
SDNpv2023,SDN,Sudan,2023,pv,-2.4669389724731445,0.2272447943687439,6.0,1.8957345485687256,0.0,4.7393364906311035
SURpv2023,SUR,Suriname,2023,pv,0.41273847222328186,0.2272447943687439,6.0,59.715641021728516,47.39336395263672,74.88151550292969
SWEpv2023,SWE,Sweden,2023,pv,0.758365273475647,0.2227126806974411,7.0,73.459716796875,57.345970153808594,91.94313049316406
CHEpv2023,CHE,Switzerland,2023,pv,1.0714439153671265,0.23029080033302307,6.0,88.62559509277344,70.14218139648438,97.63033294677734
SYRpv2023,SYR,Syrian Arab Republic,2023,pv,-2.7506067752838135,0.23531214892864227,5.0,0.0,0.0,2.843601942062378
STPpv2023,STP,São Tomé and Principe,2023,pv,0.4407050311565399,0.24330194294452667,4.0,60.1895751953125,47.39336395263672,76.30331420898438
TWNpv2023,TWN,"Taiwan, China",2023,pv,0.7637893557548523,0.2142399549484253,7.0,74.40758514404297,59.24170684814453,91.94313049316406
TJKpv2023,TJK,Tajikistan,2023,pv,-0.47282150387763977,0.24330194294452667,4.0,27.48815155029297,16.113744735717773,43.127960205078125
TZApv2023,TZA,Tanzania,2023,pv,-0.05275160074234009,0.2237185835838318,7.0,44.075828552246094,27.962085723876953,54.97630310058594
THApv2023,THA,Thailand,2023,pv,-0.28030288219451904,0.20809811353683472,8.0,36.018959045410156,22.748815536499023,48.34123229980469
TMPpv2023,TMP,Timor-Leste,2023,pv,0.26018452644348145,0.23898878693580627,5.0,54.50236892700195,41.23222732543945,68.24644470214844
TGOpv2023,TGO,Togo,2023,pv,-0.9541951417922974,0.2237185835838318,7.0,14.218009948730469,11.374407768249512,22.748815536499023
TONpv2023,TON,Tonga,2023,pv,1.0875740051269531,0.2513490915298462,4.0,90.04739379882812,69.66824340820312,98.10426330566406
TTOpv2023,TTO,Trinidad and Tobago,2023,pv,0.4013623893260956,0.2272447943687439,6.0,57.81990432739258,46.919429779052734,74.40758514404297
TUNpv2023,TUN,Tunisia,2023,pv,-0.6309511065483093,0.2272447943687439,6.0,22.27488136291504,13.744075775146484,36.492889404296875
TKMpv2023,TKM,Turkmenistan,2023,pv,-0.1114245355129242,0.24330194294452667,4.0,43.127960205078125,25.11848258972168,54.97630310058594
TUVpv2023,TUV,Tuvalu,2023,pv,1.1890819072723389,0.2513490915298462,4.0,94.31279754638672,74.88151550292969,98.57820129394531
TURpv2023,TUR,Türkiye,2023,pv,-1.0110803842544556,0.2227126806974411,7.0,13.744075775146484,11.374407768249512,20.85308074951172
UGApv2023,UGA,Uganda,2023,pv,-0.6955060958862305,0.2272447943687439,6.0,19.4312801361084,13.270142555236816,34.12322235107422
UKRpv2023,UKR,Ukraine,2023,pv,-1.429823398590088,0.2272447943687439,6.0,10.900473594665527,7.109004974365234,13.270142555236816
AREpv2023,ARE,United Arab Emirates,2023,pv,0.6775309443473816,0.2227126806974411,7.0,70.14218139648438,54.97630310058594,87.20378875732422
GBRpv2023,GBR,United Kingdom,2023,pv,0.5149356722831726,0.20809811353683472,8.0,62.08530807495117,51.18483352661133,76.77725219726562
USApv2023,USA,United States,2023,pv,0.029424749314785004,0.20809811353683472,8.0,47.39336395263672,35.07109069824219,55.924171447753906
URYpv2023,URY,Uruguay,2023,pv,0.9648871421813965,0.2272447943687439,6.0,81.99052429199219,66.82464599609375,95.7345962524414
UZBpv2023,UZB,Uzbekistan,2023,pv,-0.15460996329784393,0.2272447943687439,6.0,40.75829315185547,23.69668197631836,52.60663604736328
VUTpv2023,VUT,Vanuatu,2023,pv,0.9322546124458313,0.24660208821296692,5.0,81.04265594482422,62.08530807495117,95.7345962524414
VENpv2023,VEN,"Venezuela, RB",2023,pv,-1.189028024673462,0.20809811353683472,8.0,12.322275161743164,9.004739761352539,16.587677001953125
VNMpv2023,VNM,Viet Nam,2023,pv,-0.03638073429465294,0.2089180201292038,8.0,45.02369689941406,28.90995216369629,54.97630310058594
VIRpv2023,VIR,Virgin Islands (U.S.),2023,pv,0.5347231030464172,0.3074091374874115,2.0,63.03317642211914,47.39336395263672,87.20378875732422
WBGpv2023,WBG,West Bank and Gaza,2023,pv,-1.8652185201644897,0.23898878693580627,5.0,7.109004974365234,2.843601942062378,9.478672981262207
YEMpv2023,YEM,"Yemen, Rep.",2023,pv,-2.562938690185547,0.23531214892864227,5.0,0.9478672742843628,0.0,3.791469097137451
ZMBpv2023,ZMB,Zambia,2023,pv,0.20172728598117828,0.2272447943687439,6.0,52.1327018737793,40.284358978271484,64.4549789428711
ZWEpv2023,ZWE,Zimbabwe,2023,pv,-0.9344474673271179,0.2272447943687439,6.0,15.165876388549805,11.374407768249512,23.69668197631836
